2025-10-01 00:45:11 - Errors for symbols: [['MJID']]
2025-10-01 00:50:10 - Errors for symbols: [['MJID']]
2025-10-01 00:55:12 - Errors for symbols: [['MJID']]
2025-10-01 01:00:11 - Errors for symbols: [['MJID']]
2025-10-01 01:05:10 - Errors for symbols: [['MJID']]
2025-10-01 01:10:12 - Errors for symbols: [['MJID']]
2025-10-01 01:15:10 - Errors for symbols: [['MJID']]
2025-10-01 01:20:10 - Errors for symbols: [['MJID']]
2025-10-01 01:25:10 - Errors for symbols: [['MJID']]
2025-10-01 01:30:10 - Errors for symbols: [['MJID']]
2025-10-01 01:35:11 - Errors for symbols: [['MJID']]
2025-10-01 01:40:11 - Errors for symbols: [['MJID']]
2025-10-01 01:45:11 - Errors for symbols: [['MJID']]
2025-10-01 01:50:10 - Errors for symbols: [['MJID']]
2025-10-01 01:55:11 - Errors for symbols: [['MJID']]
2025-10-01 02:00:11 - Errors for symbols: [['MJID']]
2025-10-01 02:05:10 - Errors for symbols: [['MJID']]
2025-10-01 02:10:12 - Errors for symbols: [['MJID']]
2025-10-01 02:15:10 - Errors for symbols: [['MJID']]
2025-10-01 02:20:10 - Errors for symbols: [['MJID']]
2025-10-01 02:25:11 - Errors for symbols: [['MJID']]
2025-10-01 02:30:11 - Errors for symbols: [['MJID']]
2025-10-01 02:35:10 - Errors for symbols: [['MJID']]
2025-10-01 02:40:11 - Errors for symbols: [['MJID']]
2025-10-01 02:45:10 - Errors for symbols: [['MJID']]
2025-10-01 02:50:11 - Errors for symbols: [['MJID']]
2025-10-01 02:55:12 - Errors for symbols: [['MJID']]
2025-10-01 03:00:10 - Errors for symbols: [['MJID']]
2025-10-01 03:05:11 - Errors for symbols: [['MJID']]
2025-10-01 03:10:10 - Errors for symbols: [['MJID']]
2025-10-01 03:15:11 - Errors for symbols: [['MJID']]
2025-10-01 03:20:10 - Errors for symbols: [['MJID']]
2025-10-01 03:25:10 - Errors for symbols: [['MJID']]
2025-10-01 03:30:10 - Errors for symbols: [['MJID']]
2025-10-01 03:35:11 - Errors for symbols: [['MJID']]
2025-10-01 03:40:10 - Errors for symbols: [['MJID']]
2025-10-01 03:45:10 - Errors for symbols: [['MJID']]
2025-10-01 03:50:11 - Errors for symbols: [['MJID']]
2025-10-01 03:55:10 - Errors for symbols: [['MJID']]
2025-10-01 04:00:09 - Errors for symbols: [['MJID']]
2025-10-01 04:00:18 - Errors for symbols: [['MJID']]
2025-10-01 04:05:10 - Errors for symbols: [['MJID']]
2025-10-01 04:10:11 - Errors for symbols: [['MJID']]
2025-10-01 04:15:11 - Errors for symbols: [['MJID']]
2025-10-01 04:20:10 - Errors for symbols: [['MJID']]
2025-10-01 04:25:10 - Errors for symbols: [['MJID']]
2025-10-01 04:30:10 - Errors for symbols: [['MJID']]
2025-10-01 04:35:09 - Errors for symbols: [['MJID']]
2025-10-01 04:40:10 - Errors for symbols: [['MJID']]
2025-10-01 04:45:09 - Errors for symbols: [['MJID']]
2025-10-01 04:50:10 - Errors for symbols: [['MJID']]
2025-10-01 04:55:10 - Errors for symbols: [['MJID']]
2025-10-01 05:00:11 - Errors for symbols: [['MJID']]
2025-10-01 05:05:09 - Errors for symbols: [['MJID']]
2025-10-01 05:10:10 - Errors for symbols: [['MJID']]
2025-10-01 05:15:10 - Errors for symbols: [['MJID']]
2025-10-01 05:20:11 - Errors for symbols: [['MJID']]
2025-10-01 05:25:09 - Errors for symbols: [['MJID']]
2025-10-01 05:30:09 - Errors for symbols: [['MJID']]
2025-10-01 05:35:10 - Errors for symbols: [['MJID']]
2025-10-01 05:40:11 - Errors for symbols: [['MJID']]
2025-10-01 05:45:10 - Errors for symbols: [['MJID']]
2025-10-01 05:50:11 - Errors for symbols: [['MJID']]
2025-10-01 05:55:10 - Errors for symbols: [['MJID']]
2025-10-01 06:00:11 - Errors for symbols: [['MJID']]
2025-10-01 06:05:11 - Errors for symbols: [['MJID']]
2025-10-01 06:10:10 - Errors for symbols: [['MJID']]
2025-10-01 06:15:10 - Errors for symbols: [['MJID']]
2025-10-01 06:20:10 - Errors for symbols: [['MJID']]
2025-10-01 06:25:10 - Errors for symbols: [['MJID']]
2025-10-01 06:30:09 - Errors for symbols: [['MJID']]
2025-10-01 06:35:10 - Errors for symbols: [['MJID']]
2025-10-01 06:40:12 - Errors for symbols: [['MJID']]
2025-10-01 06:45:11 - Errors for symbols: [['MJID']]
2025-10-01 06:50:10 - Errors for symbols: [['MJID']]
2025-10-01 06:55:10 - Errors for symbols: [['MJID']]
2025-10-01 07:00:11 - Errors for symbols: [['MJID']]
2025-10-01 07:05:12 - Errors for symbols: [['MJID']]
2025-10-01 07:10:10 - Errors for symbols: [['MJID']]
2025-10-01 07:15:11 - Errors for symbols: [['MJID']]
2025-10-01 07:20:10 - Errors for symbols: [['MJID']]
2025-10-01 07:25:10 - Errors for symbols: [['MJID']]
2025-10-01 07:30:10 - Errors for symbols: [['MJID']]
2025-10-01 07:35:10 - Errors for symbols: [['MJID']]
2025-10-01 07:40:10 - Errors for symbols: [['MJID']]
2025-10-01 07:45:09 - Errors for symbols: [['MJID']]
2025-10-01 07:50:10 - Errors for symbols: [['MJID']]
2025-10-01 07:55:10 - Errors for symbols: [['MJID']]
2025-10-01 08:00:10 - Errors for symbols: [['MJID']]
2025-10-01 08:05:10 - Errors for symbols: [['MJID']]
2025-10-01 08:10:10 - Errors for symbols: [['IROH'], ['MJID']]
2025-10-01 08:15:09 - Errors for symbols: [['IROH'], ['MJID', 'RENB']]
2025-10-01 08:20:11 - Errors for symbols: [['IROH'], ['MJID', 'RENB']]
2025-10-01 08:25:09 - Errors for symbols: [['IROH'], ['MJID', 'RENB']]
2025-10-01 08:30:10 - Errors for symbols: [['IROH'], ['MJID', 'RENB']]
2025-10-01 08:35:10 - Errors for symbols: [['IROH'], ['MJID', 'RENB']]
2025-10-01 08:40:11 - Errors for symbols: [['IROH'], ['MJID', 'RENB']]
2025-10-01 08:45:10 - Errors for symbols: [['IROH'], ['MJID', 'RENB']]
2025-10-01 08:50:10 - Errors for symbols: [['IROH'], ['MJID', 'RENB']]
2025-10-01 08:55:10 - Errors for symbols: [['IROH'], ['MJID', 'RENB']]
2025-10-01 09:00:10 - Errors for symbols: [['IROH'], ['MJID', 'RENB']]
2025-10-01 09:05:09 - Errors for symbols: [['IROH'], ['MJID', 'RENB']]
2025-10-01 09:10:10 - Errors for symbols: [['IROH'], ['MJID', 'RENB']]
2025-10-01 09:15:09 - Errors for symbols: [['IROH'], ['MJID', 'RENB']]
2025-10-01 09:20:11 - Errors for symbols: [['IROH'], ['MJID', 'RENB']]
2025-10-01 09:25:10 - Errors for symbols: [['IROH'], ['MJID', 'RENB']]
2025-10-01 09:30:12 - Errors for symbols: [['IROH'], ['MJID', 'RENB']]
2025-10-01 09:35:10 - Errors for symbols: [['IROH'], ['MJID', 'RENB']]
2025-10-01 09:40:09 - Errors for symbols: [['IROH'], ['MJID', 'RENB']]
2025-10-01 09:45:10 - Errors for symbols: [['IROH'], ['MJID', 'RENB']]
2025-10-01 09:50:10 - Errors for symbols: [['IROH'], ['MJID', 'RENB']]
2025-10-01 09:55:10 - Errors for symbols: [['IROH'], ['MJID', 'RENB']]
2025-10-01 10:00:09 - Errors for symbols: [['IROH'], ['MJID', 'RENB']]
2025-10-01 10:05:09 - Errors for symbols: [['IROH'], ['MJID', 'RENB']]
2025-10-01 10:10:10 - Errors for symbols: [['IROH'], ['MJID', 'RENB']]
2025-10-01 10:15:09 - Errors for symbols: [['IROH'], ['MJID', 'RENB']]
2025-10-01 10:20:10 - Errors for symbols: [['IROH'], ['MJID', 'RENB']]
2025-10-01 10:25:09 - Errors for symbols: [['IROH'], ['MJID', 'RENB']]
2025-10-01 10:30:09 - Errors for symbols: [['IROH'], ['MJID', 'RENB']]
2025-10-01 10:35:11 - Errors for symbols: [['IROH'], ['MJID', 'RENB']]
2025-10-01 10:40:10 - Errors for symbols: [['IROH'], ['MJID', 'RENB']]
2025-10-01 10:45:10 - Errors for symbols: [['IROH'], ['MJID', 'RENB']]
2025-10-01 10:50:10 - Errors for symbols: [['IROH'], ['MJID', 'RENB']]
2025-10-01 10:55:10 - Errors for symbols: [['IROH'], ['MJID', 'RENB']]
2025-10-01 11:00:09 - Errors for symbols: [['IROH'], ['MJID', 'RENB']]
2025-10-01 11:05:12 - Errors for symbols: [['IROH'], ['MJID', 'RENB']]
2025-10-01 11:10:10 - Errors for symbols: [['IROH'], ['MJID', 'RENB']]
2025-10-01 11:15:10 - Errors for symbols: [['IROH'], ['MJID', 'RENB']]
2025-10-01 11:20:09 - Errors for symbols: [['IROH'], ['MJID', 'RENB']]
2025-10-01 11:25:09 - Errors for symbols: [['IROH'], ['MJID', 'RENB']]
2025-10-01 11:30:09 - Errors for symbols: [['IROH'], ['MJID', 'RENB']]
2025-10-01 11:35:10 - Errors for symbols: [['IROH'], ['MJID', 'RENB']]
2025-10-01 11:40:10 - Errors for symbols: [['IROH'], ['MJID', 'RENB']]
2025-10-01 11:45:09 - Errors for symbols: [['IROH'], ['MJID', 'RENB']]
2025-10-01 11:50:10 - Errors for symbols: [['IROH'], ['MJID', 'RENB']]
2025-10-01 11:55:10 - Errors for symbols: [['IROH'], ['MJID', 'RENB']]
2025-10-01 12:00:10 - Errors for symbols: [['IROH'], ['MJID', 'RENB']]
2025-10-01 12:05:10 - Errors for symbols: [['IROH'], ['MJID', 'RENB']]
2025-10-01 12:10:10 - Errors for symbols: [['IROH'], ['MJID', 'RENB']]
2025-10-01 12:15:12 - Errors for symbols: [['IROH'], ['MJID', 'RENB']]
2025-10-01 12:20:10 - Errors for symbols: [['IROH'], ['MJID', 'RENB']]
2025-10-01 12:25:09 - Errors for symbols: [['IROH'], ['MJID', 'RENB']]
2025-10-01 12:30:10 - Errors for symbols: [['IROH'], ['MJID', 'RENB']]
2025-10-01 12:35:09 - Errors for symbols: [['IROH'], ['MJID', 'RENB']]
2025-10-01 12:40:11 - Errors for symbols: [['IROH'], ['MJID', 'RENB']]
2025-10-01 12:45:10 - Errors for symbols: [['IROH'], ['MJID', 'RENB']]
2025-10-01 12:50:11 - Errors for symbols: [['IROH'], ['MJID', 'RENB']]
2025-10-01 12:55:10 - Errors for symbols: [['IROH'], ['MJID', 'RENB']]
2025-10-01 13:00:12 - Errors for symbols: [['IROH'], ['MJID', 'RENB']]
2025-10-01 13:05:09 - Errors for symbols: [['IROH'], ['MJID', 'RENB']]
2025-10-01 13:10:10 - Errors for symbols: [['IROH'], ['MJID', 'RENB']]
2025-10-01 13:15:10 - Errors for symbols: [['IROH'], ['MJID', 'RENB']]
2025-10-01 13:20:09 - Errors for symbols: [['IROH'], ['MJID', 'RENB']]
2025-10-01 13:25:09 - Errors for symbols: [['IROH'], ['MJID', 'RENB']]
2025-10-01 13:30:09 - Errors for symbols: [['IROH'], ['MJID', 'RENB']]
2025-10-01 13:35:10 - Errors for symbols: [['IROH'], ['MJID', 'RENB']]
2025-10-01 13:40:10 - Errors for symbols: [['IROH'], ['MJID', 'RENB']]
2025-10-01 13:45:10 - Errors for symbols: [['IROH'], ['MJID', 'RENB']]
2025-10-01 13:50:10 - Errors for symbols: [['IROH'], ['MJID', 'RENB']]
2025-10-01 13:55:10 - Errors for symbols: [['IROH'], ['MJID', 'RENB']]
2025-10-01 14:00:11 - Errors for symbols: [['IROH'], ['MJID', 'RENB']]
2025-10-01 14:05:10 - Errors for symbols: [['IROH'], ['MJID', 'RENB']]
2025-10-01 14:10:10 - Errors for symbols: [['IROH'], ['MJID', 'RENB']]
2025-10-01 14:15:09 - Errors for symbols: [['IROH'], ['MJID', 'RENB']]
2025-10-01 14:20:09 - Errors for symbols: [['IROH'], ['MJID', 'RENB']]
2025-10-01 14:25:09 - Errors for symbols: [['IROH'], ['MJID', 'RENB']]
2025-10-01 14:30:09 - Errors for symbols: [['IROH'], ['MJID', 'RENB']]
2025-10-01 14:35:11 - Errors for symbols: [['IROH'], ['MJID', 'RENB']]
2025-10-01 14:40:09 - Errors for symbols: [['IROH'], ['MJID', 'RENB']]
2025-10-01 14:45:10 - Errors for symbols: [['IROH'], ['MJID', 'RENB']]
2025-10-01 14:50:10 - Errors for symbols: [['IROH'], ['MJID', 'RENB']]
2025-10-01 14:55:09 - Errors for symbols: [['IROH'], ['MJID', 'RENB']]
2025-10-01 15:00:10 - Errors for symbols: [['IROH'], ['MJID', 'RENB']]
2025-10-01 15:05:11 - Errors for symbols: [['IROH'], ['MJID', 'RENB']]
2025-10-01 15:10:09 - Errors for symbols: [['IROH'], ['MJID', 'RENB']]
2025-10-01 15:15:10 - Errors for symbols: [['IROH'], ['MJID', 'RENB']]
2025-10-01 15:20:10 - Errors for symbols: [['IROH'], ['MJID', 'RENB']]
2025-10-01 15:25:10 - Errors for symbols: [['IROH'], ['MJID', 'RENB']]
2025-10-01 15:30:08 - Errors for symbols: [['IROH'], ['MJID', 'RENB']]
2025-10-01 15:35:10 - Errors for symbols: [['IROH'], ['MJID', 'RENB']]
2025-10-01 15:40:10 - Errors for symbols: [['IROH'], ['MJID', 'RENB']]
2025-10-01 15:45:10 - Errors for symbols: [['IROH'], ['MJID', 'RENB']]
2025-10-01 15:50:10 - Errors for symbols: [['IROH'], ['MJID', 'RENB']]
2025-10-01 15:55:09 - Errors for symbols: [['IROH'], ['MJID', 'RENB']]
2025-10-01 16:00:10 - Errors for symbols: [['IROH'], ['MJID', 'RENB']]
2025-10-01 16:05:11 - Errors for symbols: [['IROH'], ['MJID', 'RENB']]
2025-10-01 16:10:10 - Errors for symbols: [['IROH'], ['MJID', 'RENB']]
2025-10-01 16:15:10 - Errors for symbols: [['IROH'], ['MJID', 'RENB']]
2025-10-01 16:20:10 - Errors for symbols: [['IROH'], ['MJID', 'RENB']]
2025-10-01 16:25:10 - Errors for symbols: [['IROH'], ['MJID', 'RENB']]
2025-10-01 16:30:09 - Errors for symbols: [['IROH'], ['MJID', 'RENB']]
2025-10-01 16:35:11 - Errors for symbols: [['IROH'], ['MJID', 'RENB']]
2025-10-01 16:40:11 - Errors for symbols: [['IROH'], ['MJID', 'RENB']]
2025-10-01 16:45:11 - Errors for symbols: [['IROH'], ['MJID', 'RENB']]
2025-10-01 16:50:10 - Errors for symbols: [['IROH'], ['MJID', 'RENB']]
2025-10-01 16:55:11 - Errors for symbols: [['IROH'], ['MJID', 'RENB']]
2025-10-01 17:00:11 - Errors for symbols: [['IROH'], ['MJID', 'RENB']]
2025-10-01 17:05:11 - Errors for symbols: [['IROH'], ['MJID', 'RENB']]
2025-10-01 17:10:11 - Errors for symbols: [['IROH'], ['MJID', 'RENB']]
2025-10-01 17:15:10 - Errors for symbols: [['IROH'], ['MJID', 'RENB']]
2025-10-01 17:20:11 - Errors for symbols: [['IROH'], ['MJID', 'RENB']]
2025-10-01 17:25:10 - Errors for symbols: [['IROH'], ['MJID', 'RENB']]
2025-10-01 17:30:11 - Errors for symbols: [['IROH'], ['MJID', 'RENB']]
2025-10-01 17:35:12 - Errors for symbols: [['IROH'], ['MJID', 'RENB']]
2025-10-01 17:40:11 - Errors for symbols: [['IROH'], ['MJID', 'RENB']]
2025-10-01 17:45:11 - Errors for symbols: [['IROH'], ['MJID', 'RENB']]
2025-10-01 17:50:11 - Errors for symbols: [['IROH'], ['MJID', 'RENB']]
2025-10-01 17:55:11 - Errors for symbols: [['IROH'], ['MJID', 'RENB']]
2025-10-01 18:00:10 - Errors for symbols: [['IROH'], ['MJID', 'RENB']]
2025-10-01 18:05:11 - Errors for symbols: [['IROH'], ['MJID', 'RENB']]
2025-10-01 18:10:10 - Errors for symbols: [['IROH'], ['MJID', 'RENB']]
2025-10-01 18:15:11 - Errors for symbols: [['IROH'], ['MJID', 'RENB']]
2025-10-01 18:20:10 - Errors for symbols: [['IROH'], ['MJID', 'RENB']]
2025-10-01 18:25:11 - Errors for symbols: [['IROH'], ['MJID', 'RENB']]
2025-10-01 18:30:12 - Errors for symbols: [['IROH'], ['MJID', 'RENB']]
2025-10-01 18:35:10 - Errors for symbols: [['IROH'], ['MJID', 'RENB']]
2025-10-01 18:40:11 - Errors for symbols: [['IROH'], ['MJID', 'RENB']]
2025-10-01 18:45:11 - Errors for symbols: [['IROH'], ['MJID', 'RENB']]
2025-10-01 18:50:10 - Errors for symbols: [['IROH'], ['MJID', 'RENB']]
2025-10-01 18:55:10 - Errors for symbols: [['IROH'], ['MJID', 'RENB']]
2025-10-01 19:00:12 - Errors for symbols: [['IROH'], ['MJID', 'RENB']]
2025-10-01 19:05:15 - Errors for symbols: [['IROH'], ['MJID', 'RENB']]
2025-10-01 19:10:11 - Errors for symbols: [['IROH'], ['MJID', 'RENB']]
2025-10-01 19:15:11 - Errors for symbols: [['IROH'], ['MJID', 'RENB']]
2025-10-01 19:20:11 - Errors for symbols: [['IROH'], ['MJID', 'RENB']]
2025-10-01 19:25:10 - Errors for symbols: [['IROH'], ['MJID', 'RENB']]
2025-10-01 19:30:11 - Errors for symbols: [['IROH'], ['MJID', 'RENB']]
2025-10-01 19:35:11 - Errors for symbols: [['IROH'], ['MJID', 'RENB']]
2025-10-01 19:40:11 - Errors for symbols: [['IROH'], ['MJID', 'RENB']]
2025-10-01 19:45:11 - Errors for symbols: [['IROH'], ['MJID', 'RENB']]
2025-10-01 19:50:11 - Errors for symbols: [['IROH'], ['MJID', 'RENB']]
2025-10-01 19:55:12 - Errors for symbols: [['IROH'], ['MJID', 'RENB']]
2025-10-01 20:00:11 - Errors for symbols: [['IROH'], ['MJID', 'RENB']]
2025-10-01 20:05:11 - Errors for symbols: [['IROH'], ['MJID', 'RENB']]
2025-10-01 20:10:10 - Errors for symbols: [['IROH'], ['MJID', 'RENB']]
2025-10-01 20:15:11 - Errors for symbols: [['IROH'], ['MJID', 'RENB']]
2025-10-01 20:20:11 - Errors for symbols: [['IROH'], ['MJID', 'RENB']]
2025-10-01 20:25:10 - Errors for symbols: [['IROH'], ['MJID', 'RENB']]
2025-10-01 20:30:11 - Errors for symbols: [['IROH'], ['MJID', 'RENB']]
2025-10-01 20:35:11 - Errors for symbols: [['IROH'], ['MJID', 'RENB']]
2025-10-01 20:40:10 - Errors for symbols: [['IROH'], ['MJID', 'RENB']]
2025-10-01 20:45:11 - Errors for symbols: [['IROH'], ['MJID', 'RENB']]
2025-10-01 20:50:11 - Errors for symbols: [['IROH'], ['MJID', 'RENB']]
2025-10-01 20:55:11 - Errors for symbols: [['IROH'], ['MJID', 'RENB']]
2025-10-01 21:00:11 - Errors for symbols: [['IROH'], ['MJID', 'RENB']]
2025-10-01 21:05:12 - Errors for symbols: [['IROH'], ['MJID', 'RENB']]
2025-10-01 21:10:12 - Errors for symbols: [['IROH'], ['MJID', 'RENB']]
2025-10-01 21:15:10 - Errors for symbols: [['IROH'], ['MJID', 'RENB']]
2025-10-01 21:20:11 - Errors for symbols: [['IROH'], ['MJID', 'RENB']]
2025-10-01 21:25:11 - Errors for symbols: [['IROH'], ['MJID', 'RENB']]
2025-10-01 21:30:11 - Errors for symbols: [['IROH'], ['MJID', 'RENB']]
2025-10-01 21:35:11 - Errors for symbols: [['IROH'], ['MJID', 'RENB']]
2025-10-01 21:40:12 - Errors for symbols: [['IROH'], ['MJID', 'RENB']]
2025-10-01 21:45:10 - Errors for symbols: [['IROH'], ['MJID', 'RENB']]
2025-10-01 21:50:12 - Errors for symbols: [['IROH'], ['MJID', 'RENB']]
2025-10-01 21:55:11 - Errors for symbols: [['IROH'], ['MJID', 'RENB']]
2025-10-01 22:00:11 - Errors for symbols: [['IROH'], ['MJID', 'RENB']]
2025-10-01 22:05:11 - Errors for symbols: [['IROH'], ['MJID', 'RENB']]
2025-10-01 22:10:11 - Errors for symbols: [['IROH'], ['MJID', 'RENB']]
2025-10-01 22:15:11 - Errors for symbols: [['IROH'], ['MJID', 'RENB']]
2025-10-01 22:20:11 - Errors for symbols: [['IROH'], ['MJID', 'RENB']]
2025-10-01 22:25:11 - Errors for symbols: [['IROH'], ['MJID', 'RENB']]
2025-10-01 22:30:11 - Errors for symbols: [['IROH'], ['MJID', 'RENB']]
2025-10-01 22:35:11 - Errors for symbols: [['IROH'], ['MJID', 'RENB']]
2025-10-01 22:40:10 - Errors for symbols: [['IROH'], ['MJID', 'RENB']]
2025-10-01 22:45:11 - Errors for symbols: [['IROH'], ['MJID', 'RENB']]
2025-10-01 22:50:11 - Errors for symbols: [['IROH'], ['MJID', 'RENB']]
2025-10-01 22:55:10 - Errors for symbols: [['IROH'], ['MJID', 'RENB']]
2025-10-01 23:00:11 - Errors for symbols: [['IROH'], ['MJID', 'RENB']]
2025-10-01 23:05:11 - Errors for symbols: [['IROH'], ['MJID', 'RENB']]
2025-10-01 23:10:11 - Errors for symbols: [['IROH'], ['MJID', 'RENB']]
2025-10-01 23:15:11 - Errors for symbols: [['IROH'], ['MJID', 'RENB']]
2025-10-01 23:20:11 - Errors for symbols: [['IROH'], ['MJID', 'RENB']]
2025-10-01 23:25:11 - Errors for symbols: [['IROH'], ['MJID', 'RENB']]
2025-10-01 23:30:11 - Errors for symbols: [['IROH'], ['MJID', 'RENB']]
2025-10-01 23:35:11 - Errors for symbols: [['IROH'], ['MJID', 'RENB']]
2025-10-01 23:40:10 - Errors for symbols: [['IROH'], ['MJID', 'RENB']]
2025-10-03 00:25:11 - Errors for symbols: [['BREA']]
2025-10-03 00:30:10 - Errors for symbols: [['BREA']]
2025-10-03 00:35:11 - Errors for symbols: [['BREA']]
2025-10-03 00:40:11 - Errors for symbols: [['BREA']]
2025-10-03 00:45:11 - Errors for symbols: [['BREA']]
2025-10-03 00:50:10 - Errors for symbols: [['BREA']]
2025-10-03 00:55:10 - Errors for symbols: [['BREA']]
2025-10-03 01:00:10 - Errors for symbols: [['BREA']]
2025-10-03 01:05:11 - Errors for symbols: [['BREA']]
2025-10-03 01:10:10 - Errors for symbols: [['BREA']]
2025-10-03 01:15:11 - Errors for symbols: [['BREA']]
2025-10-03 01:20:10 - Errors for symbols: [['BREA']]
2025-10-03 01:25:10 - Errors for symbols: [['BREA']]
2025-10-03 01:30:10 - Errors for symbols: [['BREA']]
2025-10-03 01:35:10 - Errors for symbols: [['BREA']]
2025-10-03 01:40:10 - Errors for symbols: [['BREA']]
2025-10-03 01:45:11 - Errors for symbols: [['BREA']]
2025-10-03 01:50:10 - Errors for symbols: [['BREA']]
2025-10-03 01:55:11 - Errors for symbols: [['BREA']]
2025-10-03 02:00:10 - Errors for symbols: [['BREA']]
2025-10-03 02:05:11 - Errors for symbols: [['BREA']]
2025-10-03 02:10:10 - Errors for symbols: [['BREA']]
2025-10-03 02:15:10 - Errors for symbols: [['BREA']]
2025-10-03 02:20:11 - Errors for symbols: [['BREA']]
2025-10-03 02:25:10 - Errors for symbols: [['BREA']]
2025-10-03 02:30:10 - Errors for symbols: [['BREA']]
2025-10-03 02:35:11 - Errors for symbols: [['BREA']]
2025-10-03 02:40:10 - Errors for symbols: [['BREA']]
2025-10-03 02:45:11 - Errors for symbols: [['BREA']]
2025-10-03 02:50:10 - Errors for symbols: [['BREA']]
2025-10-03 02:55:11 - Errors for symbols: [['BREA']]
2025-10-03 03:00:10 - Errors for symbols: [['BREA']]
2025-10-03 03:05:10 - Errors for symbols: [['BREA']]
2025-10-03 03:10:11 - Errors for symbols: [['BREA']]
2025-10-03 03:15:10 - Errors for symbols: [['BREA']]
2025-10-03 03:20:11 - Errors for symbols: [['BREA']]
2025-10-03 03:25:10 - Errors for symbols: [['BREA']]
2025-10-03 03:30:11 - Errors for symbols: [['BREA']]
2025-10-03 03:35:11 - Errors for symbols: [['BREA']]
2025-10-03 03:40:10 - Errors for symbols: [['BREA']]
2025-10-03 03:45:10 - Errors for symbols: [['BREA']]
2025-10-03 03:50:10 - Errors for symbols: [['BREA']]
2025-10-03 03:55:10 - Errors for symbols: [['BREA']]
2025-10-03 04:00:10 - Errors for symbols: [['BREA']]
2025-10-03 04:00:19 - Errors for symbols: [['BREA']]
2025-10-03 04:05:10 - Errors for symbols: [['BREA']]
2025-10-03 04:10:10 - Errors for symbols: [['BREA']]
2025-10-03 04:15:09 - Errors for symbols: [['BREA']]
2025-10-03 04:20:10 - Errors for symbols: [['BREA']]
2025-10-03 04:25:09 - Errors for symbols: [['BREA']]
2025-10-03 04:30:10 - Errors for symbols: [['BREA']]
2025-10-03 04:35:11 - Errors for symbols: [['BREA']]
2025-10-03 04:40:09 - Errors for symbols: [['BREA']]
2025-10-03 04:45:11 - Errors for symbols: [['BREA']]
2025-10-03 04:50:09 - Errors for symbols: [['BREA']]
2025-10-03 04:55:10 - Errors for symbols: [['BREA']]
2025-10-03 05:00:10 - Errors for symbols: [['BREA']]
2025-10-03 05:05:10 - Errors for symbols: [['BREA']]
2025-10-03 05:10:10 - Errors for symbols: [['BREA']]
2025-10-03 05:15:09 - Errors for symbols: [['BREA']]
2025-10-03 05:20:10 - Errors for symbols: [['BREA']]
2025-10-03 05:25:10 - Errors for symbols: [['BREA']]
2025-10-03 05:30:10 - Errors for symbols: [['BREA']]
2025-10-03 05:35:11 - Errors for symbols: [['BREA']]
2025-10-03 05:40:10 - Errors for symbols: [['BREA']]
2025-10-03 05:45:09 - Errors for symbols: [['BREA']]
2025-10-03 05:50:10 - Errors for symbols: [['BREA']]
2025-10-03 05:55:09 - Errors for symbols: [['BREA']]
2025-10-03 06:00:09 - Errors for symbols: [['BREA']]
2025-10-03 06:05:11 - Errors for symbols: [['BREA']]
2025-10-03 06:10:09 - Errors for symbols: [['BREA']]
2025-10-03 06:15:10 - Errors for symbols: [['BREA']]
2025-10-03 06:20:10 - Errors for symbols: [['BREA']]
2025-10-03 06:25:10 - Errors for symbols: [['BREA']]
2025-10-03 06:30:09 - Errors for symbols: [['BREA']]
2025-10-03 06:35:11 - Errors for symbols: [['BREA']]
2025-10-03 06:40:10 - Errors for symbols: [['BREA']]
2025-10-03 06:45:10 - Errors for symbols: [['BREA']]
2025-10-03 06:50:10 - Errors for symbols: [['BREA']]
2025-10-03 06:55:10 - Errors for symbols: [['BREA']]
2025-10-03 07:00:10 - Errors for symbols: [['BREA']]
2025-10-03 07:05:11 - Errors for symbols: [['BREA']]
2025-10-03 07:10:11 - Errors for symbols: [['BREA']]
2025-10-03 07:15:10 - Errors for symbols: [['BREA']]
2025-10-03 07:20:11 - Errors for symbols: [['BREA']]
2025-10-03 07:25:10 - Errors for symbols: [['BREA']]
2025-10-03 07:30:10 - Errors for symbols: [['BREA']]
2025-10-03 07:35:12 - Errors for symbols: [['BREA']]
2025-10-03 07:40:10 - Errors for symbols: [['BREA']]
2025-10-03 07:45:10 - Errors for symbols: [['BREA']]
2025-10-03 07:50:11 - Errors for symbols: [['BREA']]
2025-10-03 07:55:10 - Errors for symbols: [['BREA']]
2025-10-03 08:00:09 - Errors for symbols: [['BREA']]
2025-10-03 08:05:10 - Errors for symbols: [['BREA']]
2025-10-03 08:10:11 - Errors for symbols: [['BREA']]
2025-10-03 08:15:11 - Errors for symbols: [['BREA']]
2025-10-03 08:20:10 - Errors for symbols: [['BREA']]
2025-10-03 08:25:10 - Errors for symbols: [['BREA']]
2025-10-03 08:30:10 - Errors for symbols: [['BREA']]
2025-10-03 08:35:11 - Errors for symbols: [['BREA']]
2025-10-03 08:40:10 - Errors for symbols: [['BREA']]
2025-10-03 08:45:11 - Errors for symbols: [['BREA']]
2025-10-03 08:50:10 - Errors for symbols: [['BREA']]
2025-10-03 08:55:10 - Errors for symbols: [['BREA']]
2025-10-03 09:00:10 - Errors for symbols: [['BREA']]
2025-10-03 09:05:12 - Errors for symbols: [['BREA']]
2025-10-03 09:10:10 - Errors for symbols: [['BREA']]
2025-10-03 09:15:10 - Errors for symbols: [['BREA']]
2025-10-03 09:20:09 - Errors for symbols: [['BREA']]
2025-10-03 09:25:09 - Errors for symbols: [['BREA']]
2025-10-03 09:30:12 - Errors for symbols: [['BREA']]
2025-10-03 09:35:11 - Errors for symbols: [['BREA']]
2025-10-03 09:40:10 - Errors for symbols: [['BREA']]
2025-10-03 09:45:10 - Errors for symbols: [['BREA']]
2025-10-03 09:50:11 - Errors for symbols: [['BREA']]
2025-10-03 09:55:09 - Errors for symbols: [['BREA']]
2025-10-03 10:00:10 - Errors for symbols: [['BREA']]
2025-10-03 10:05:11 - Errors for symbols: [['BREA']]
2025-10-03 10:10:09 - Errors for symbols: [['BREA']]
2025-10-03 10:15:10 - Errors for symbols: [['BREA']]
2025-10-03 10:20:09 - Errors for symbols: [['BREA']]
2025-10-03 10:25:10 - Errors for symbols: [['BREA']]
2025-10-03 10:30:10 - Errors for symbols: [['BREA']]
2025-10-03 10:35:10 - Errors for symbols: [['BREA']]
2025-10-03 10:40:09 - Errors for symbols: [['BREA']]
2025-10-03 10:45:10 - Errors for symbols: [['BREA']]
2025-10-03 10:50:10 - Errors for symbols: [['BREA']]
2025-10-03 10:55:10 - Errors for symbols: [['BREA']]
2025-10-03 11:00:09 - Errors for symbols: [['BREA']]
2025-10-03 11:05:11 - Errors for symbols: [['BREA']]
2025-10-03 11:10:10 - Errors for symbols: [['BREA']]
2025-10-03 11:15:09 - Errors for symbols: [['BREA']]
2025-10-03 11:20:10 - Errors for symbols: [['BREA']]
2025-10-03 11:25:10 - Errors for symbols: [['BREA']]
2025-10-03 11:30:09 - Errors for symbols: [['BREA']]
2025-10-03 11:35:11 - Errors for symbols: [['BREA']]
2025-10-03 11:40:10 - Errors for symbols: [['BREA']]
2025-10-03 11:45:10 - Errors for symbols: [['BREA']]
2025-10-03 11:50:09 - Errors for symbols: [['BREA']]
2025-10-03 11:55:10 - Errors for symbols: [['BREA']]
2025-10-03 12:00:10 - Errors for symbols: [['BREA']]
2025-10-03 12:05:10 - Errors for symbols: [['BREA']]
2025-10-03 12:10:10 - Errors for symbols: [['BREA']]
2025-10-03 12:15:09 - Errors for symbols: [['BREA']]
2025-10-03 12:20:10 - Errors for symbols: [['BREA']]
2025-10-03 12:25:10 - Errors for symbols: [['BREA']]
2025-10-03 12:30:09 - Errors for symbols: [['BREA']]
2025-10-03 12:35:10 - Errors for symbols: [['BREA']]
2025-10-03 12:40:10 - Errors for symbols: [['BREA']]
2025-10-03 12:45:10 - Errors for symbols: [['BREA']]
2025-10-03 12:50:10 - Errors for symbols: [['BREA']]
2025-10-03 12:55:09 - Errors for symbols: [['BREA']]
2025-10-03 13:00:12 - Errors for symbols: [['BREA']]
2025-10-03 13:05:10 - Errors for symbols: [['BREA']]
2025-10-03 13:10:10 - Errors for symbols: [['BREA']]
2025-10-03 13:15:11 - Errors for symbols: [['BREA']]
2025-10-03 13:20:10 - Errors for symbols: [['BREA']]
2025-10-03 13:25:09 - Errors for symbols: [['BREA']]
2025-10-03 13:30:11 - Errors for symbols: [['BREA']]
2025-10-03 13:35:11 - Errors for symbols: [['BREA']]
2025-10-03 13:40:10 - Errors for symbols: [['BREA']]
2025-10-03 13:45:10 - Errors for symbols: [['BREA']]
2025-10-03 13:50:11 - Errors for symbols: [['BREA']]
2025-10-03 13:55:09 - Errors for symbols: [['BREA']]
2025-10-03 14:00:10 - Errors for symbols: [['BREA']]
2025-10-03 14:05:11 - Errors for symbols: [['BREA']]
2025-10-03 14:10:11 - Errors for symbols: [['BREA']]
2025-10-03 14:15:09 - Errors for symbols: [['BREA']]
2025-10-03 14:20:10 - Errors for symbols: [['BREA']]
2025-10-03 14:25:10 - Errors for symbols: [['BREA']]
2025-10-03 14:30:10 - Errors for symbols: [['BREA']]
2025-10-03 14:35:11 - Errors for symbols: [['BREA']]
2025-10-03 14:40:11 - Errors for symbols: [['BREA']]
2025-10-03 14:45:10 - Errors for symbols: [['BREA']]
2025-10-03 14:50:11 - Errors for symbols: [['BREA']]
2025-10-03 14:55:09 - Errors for symbols: [['BREA']]
2025-10-03 15:00:12 - Errors for symbols: [['BREA']]
2025-10-03 15:05:10 - Errors for symbols: [['BREA']]
2025-10-03 15:10:10 - Errors for symbols: [['BREA']]
2025-10-03 15:15:11 - Errors for symbols: [['BREA']]
2025-10-03 15:20:10 - Errors for symbols: [['BREA']]
2025-10-03 15:25:10 - Errors for symbols: [['BREA']]
2025-10-03 15:30:10 - Errors for symbols: [['BREA']]
2025-10-03 15:35:11 - Errors for symbols: [['BREA']]
2025-10-03 15:40:11 - Errors for symbols: [['BREA']]
2025-10-03 15:45:11 - Errors for symbols: [['BREA']]
2025-10-03 15:50:10 - Errors for symbols: [['BREA']]
2025-10-03 15:55:10 - Errors for symbols: [['BREA']]
2025-10-03 16:00:10 - Errors for symbols: [['BREA']]
2025-10-03 16:05:10 - Errors for symbols: [['BREA']]
2025-10-03 16:10:10 - Errors for symbols: [['BREA']]
2025-10-03 16:15:09 - Errors for symbols: [['BREA']]
2025-10-03 16:20:10 - Errors for symbols: [['BREA']]
2025-10-03 16:25:11 - Errors for symbols: [['BREA']]
2025-10-03 16:30:10 - Errors for symbols: [['BREA']]
2025-10-03 16:35:10 - Errors for symbols: [['BREA']]
2025-10-03 16:40:10 - Errors for symbols: [['BREA']]
2025-10-03 16:45:11 - Errors for symbols: [['BREA']]
2025-10-03 16:50:11 - Errors for symbols: [['BREA']]
2025-10-03 16:55:10 - Errors for symbols: [['BREA']]
2025-10-03 17:00:12 - Errors for symbols: [['BREA']]
2025-10-03 17:05:11 - Errors for symbols: [['BREA']]
2025-10-03 17:10:11 - Errors for symbols: [['BREA']]
2025-10-03 17:15:11 - Errors for symbols: [['BREA']]
2025-10-03 17:20:11 - Errors for symbols: [['BREA']]
2025-10-03 17:25:10 - Errors for symbols: [['BREA']]
2025-10-03 17:30:10 - Errors for symbols: [['BREA']]
2025-10-03 17:35:11 - Errors for symbols: [['BREA']]
2025-10-03 17:40:10 - Errors for symbols: [['BREA']]
2025-10-03 17:45:11 - Errors for symbols: [['BREA']]
2025-10-03 17:50:11 - Errors for symbols: [['BREA']]
2025-10-03 17:55:11 - Errors for symbols: [['BREA']]
2025-10-03 18:00:11 - Errors for symbols: [['BREA']]
2025-10-03 18:05:11 - Errors for symbols: [['BREA']]
2025-10-03 18:10:11 - Errors for symbols: [['BREA']]
2025-10-03 18:15:10 - Errors for symbols: [['BREA']]
2025-10-03 18:20:11 - Errors for symbols: [['BREA']]
2025-10-03 18:25:10 - Errors for symbols: [['BREA']]
2025-10-03 18:30:10 - Errors for symbols: [['BREA']]
2025-10-03 18:35:11 - Errors for symbols: [['BREA']]
2025-10-03 18:40:14 - Errors for symbols: [['BREA']]
2025-10-03 18:45:10 - Errors for symbols: [['BREA']]
2025-10-03 18:50:12 - Errors for symbols: [['BREA']]
2025-10-03 18:55:11 - Errors for symbols: [['BREA']]
2025-10-03 19:00:11 - Errors for symbols: [['BREA']]
2025-10-03 19:05:12 - Errors for symbols: [['BREA']]
2025-10-03 19:10:11 - Errors for symbols: [['BREA']]
2025-10-03 19:15:11 - Errors for symbols: [['BREA']]
2025-10-03 19:20:10 - Errors for symbols: [['BREA']]
2025-10-03 19:25:12 - Errors for symbols: [['BREA']]
2025-10-03 19:30:11 - Errors for symbols: [['BREA']]
2025-10-03 19:35:11 - Errors for symbols: [['BREA']]
2025-10-03 19:40:10 - Errors for symbols: [['BREA']]
2025-10-03 19:45:10 - Errors for symbols: [['BREA']]
2025-10-03 19:50:11 - Errors for symbols: [['BREA']]
2025-10-03 19:55:10 - Errors for symbols: [['BREA']]
2025-10-03 20:00:10 - Errors for symbols: [['BREA']]
2025-10-03 20:05:11 - Errors for symbols: [['BREA']]
2025-10-03 20:10:11 - Errors for symbols: [['BREA']]
2025-10-03 20:15:12 - Errors for symbols: [['BREA']]
2025-10-03 20:20:09 - Errors for symbols: [['BREA']]
2025-10-03 20:25:11 - Errors for symbols: [['BREA']]
2025-10-03 20:30:11 - Errors for symbols: [['BREA']]
2025-10-03 20:35:10 - Errors for symbols: [['BREA']]
2025-10-03 20:40:11 - Errors for symbols: [['BREA']]
2025-10-03 20:45:11 - Errors for symbols: [['BREA']]
2025-10-03 20:50:10 - Errors for symbols: [['BREA']]
2025-10-03 20:55:11 - Errors for symbols: [['BREA']]
2025-10-03 21:00:11 - Errors for symbols: [['BREA']]
2025-10-03 21:05:12 - Errors for symbols: [['BREA']]
2025-10-03 21:10:11 - Errors for symbols: [['BREA']]
2025-10-03 21:15:10 - Errors for symbols: [['BREA']]
2025-10-03 21:20:11 - Errors for symbols: [['BREA']]
2025-10-03 21:25:10 - Errors for symbols: [['BREA']]
2025-10-03 21:30:12 - Errors for symbols: [['BREA']]
2025-10-03 21:35:12 - Errors for symbols: [['BREA']]
2025-10-03 21:40:11 - Errors for symbols: [['BREA']]
2025-10-03 21:45:11 - Errors for symbols: [['BREA']]
2025-10-03 21:50:11 - Errors for symbols: [['BREA']]
2025-10-03 21:55:11 - Errors for symbols: [['BREA']]
2025-10-03 22:00:10 - Errors for symbols: [['BREA']]
2025-10-03 22:05:12 - Errors for symbols: [['BREA']]
2025-10-03 22:10:11 - Errors for symbols: [['BREA']]
2025-10-03 22:15:10 - Errors for symbols: [['BREA']]
2025-10-03 22:20:11 - Errors for symbols: [['BREA']]
2025-10-03 22:25:10 - Errors for symbols: [['BREA']]
2025-10-03 22:30:11 - Errors for symbols: [['BREA']]
2025-10-03 22:35:11 - Errors for symbols: [['BREA']]
2025-10-03 22:40:11 - Errors for symbols: [['BREA']]
2025-10-03 22:45:10 - Errors for symbols: [['BREA']]
2025-10-03 22:50:12 - Errors for symbols: [['BREA']]
2025-10-03 22:55:11 - Errors for symbols: [['BREA']]
2025-10-03 23:00:10 - Errors for symbols: [['BREA']]
2025-10-03 23:05:12 - Errors for symbols: [['BREA']]
2025-10-03 23:10:09 - Errors for symbols: [['BREA']]
2025-10-03 23:15:12 - Errors for symbols: [['BREA']]
2025-10-03 23:20:12 - Errors for symbols: [['BREA']]
2025-10-03 23:25:10 - Errors for symbols: [['BREA']]
2025-10-03 23:30:12 - Errors for symbols: [['BREA']]
2025-10-03 23:35:12 - Errors for symbols: [['BREA']]
2025-10-03 23:40:10 - Errors for symbols: [['BREA']]
2025-10-07 02:00:09 - Errors for symbols: [['APDN']]
2025-10-07 02:05:09 - Errors for symbols: [['APDN']]
2025-10-07 02:10:10 - Errors for symbols: [['APDN']]
2025-10-07 02:15:09 - Errors for symbols: [['APDN']]
2025-10-07 02:20:10 - Errors for symbols: [['APDN']]
2025-10-07 02:25:09 - Errors for symbols: [['APDN']]
2025-10-07 02:30:09 - Errors for symbols: [['APDN']]
2025-10-07 02:35:09 - Errors for symbols: [['APDN']]
2025-10-07 02:40:08 - Errors for symbols: [['APDN']]
2025-10-07 02:45:09 - Errors for symbols: [['APDN']]
2025-10-07 02:50:09 - Errors for symbols: [['APDN']]
2025-10-07 02:55:08 - Errors for symbols: [['APDN']]
2025-10-07 03:00:08 - Errors for symbols: [['APDN']]
2025-10-07 03:05:09 - Errors for symbols: [['APDN']]
2025-10-07 03:10:08 - Errors for symbols: [['APDN']]
2025-10-07 03:15:08 - Errors for symbols: [['APDN']]
2025-10-07 03:20:08 - Errors for symbols: [['APDN']]
2025-10-07 03:25:09 - Errors for symbols: [['APDN']]
2025-10-07 03:30:08 - Errors for symbols: [['APDN']]
2025-10-07 03:35:08 - Errors for symbols: [['APDN']]
2025-10-07 03:40:08 - Errors for symbols: [['APDN']]
2025-10-07 03:45:08 - Errors for symbols: [['APDN']]
2025-10-07 03:50:08 - Errors for symbols: [['APDN']]
2025-10-07 03:55:08 - Errors for symbols: [['APDN']]
2025-10-07 04:00:08 - Errors for symbols: [['APDN']]
2025-10-07 04:05:08 - Errors for symbols: [['APDN']]
2025-10-07 04:10:08 - Errors for symbols: [['APDN']]
2025-10-07 04:15:08 - Errors for symbols: [['APDN']]
2025-10-07 04:20:07 - Errors for symbols: [['APDN']]
2025-10-07 04:25:08 - Errors for symbols: [['APDN']]
2025-10-07 04:30:08 - Errors for symbols: [['APDN']]
2025-10-07 04:35:09 - Errors for symbols: [['APDN']]
2025-10-07 04:40:07 - Errors for symbols: [['APDN']]
2025-10-07 04:45:08 - Errors for symbols: [['APDN']]
2025-10-07 04:50:10 - Errors for symbols: [['APDN']]
2025-10-07 04:55:08 - Errors for symbols: [['APDN']]
2025-10-07 05:00:07 - Errors for symbols: [['APDN']]
2025-10-07 05:05:10 - Errors for symbols: [['APDN']]
2025-10-07 05:10:08 - Errors for symbols: [['APDN']]
2025-10-07 05:15:08 - Errors for symbols: [['APDN']]
2025-10-07 05:20:09 - Errors for symbols: [['APDN']]
2025-10-07 05:25:08 - Errors for symbols: [['APDN']]
2025-10-07 05:30:09 - Errors for symbols: [['APDN']]
2025-10-07 05:35:09 - Errors for symbols: [['APDN']]
2025-10-07 05:40:09 - Errors for symbols: [['APDN']]
2025-10-07 05:45:10 - Errors for symbols: [['APDN']]
2025-10-07 05:50:09 - Errors for symbols: [['APDN']]
2025-10-07 05:55:08 - Errors for symbols: [['APDN']]
2025-10-07 06:00:09 - Errors for symbols: [['APDN']]
2025-10-07 06:05:08 - Errors for symbols: [['APDN']]
2025-10-07 06:10:08 - Errors for symbols: [['APDN']]
2025-10-07 06:15:08 - Errors for symbols: [['APDN']]
2025-10-07 06:20:09 - Errors for symbols: [['APDN']]
2025-10-07 06:25:09 - Errors for symbols: [['APDN']]
2025-10-07 06:30:08 - Errors for symbols: [['APDN']]
2025-10-07 06:35:09 - Errors for symbols: [['APDN']]
2025-10-07 06:40:08 - Errors for symbols: [['APDN']]
2025-10-07 06:45:09 - Errors for symbols: [['APDN']]
2025-10-07 06:50:09 - Errors for symbols: [['APDN']]
2025-10-07 06:55:08 - Errors for symbols: [['APDN']]
2025-10-07 07:00:09 - Errors for symbols: [['APDN']]
2025-10-07 07:05:09 - Errors for symbols: [['APDN']]
2025-10-07 07:10:09 - Errors for symbols: [['APDN']]
2025-10-07 07:15:08 - Errors for symbols: [['APDN']]
2025-10-07 07:20:08 - Errors for symbols: [['APDN']]
2025-10-07 07:25:08 - Errors for symbols: [['APDN']]
2025-10-07 07:30:09 - Errors for symbols: [['APDN']]
2025-10-07 07:35:09 - Errors for symbols: [['APDN']]
2025-10-07 07:40:09 - Errors for symbols: [['APDN']]
2025-10-07 07:45:08 - Errors for symbols: [['APDN']]
2025-10-07 07:50:09 - Errors for symbols: [['APDN']]
2025-10-07 07:55:09 - Errors for symbols: [['APDN']]
2025-10-07 08:00:09 - Errors for symbols: [['APDN']]
2025-10-07 08:05:10 - Errors for symbols: [['APDN']]
2025-10-07 08:10:09 - Errors for symbols: [['APDN']]
2025-10-07 08:15:09 - Errors for symbols: [['APDN']]
2025-10-07 08:20:09 - Errors for symbols: [['APDN']]
2025-10-07 08:25:09 - Errors for symbols: [['APDN']]
2025-10-07 08:30:08 - Errors for symbols: [['APDN']]
2025-10-07 08:35:10 - Errors for symbols: [['APDN']]
2025-10-07 08:40:09 - Errors for symbols: [['APDN']]
2025-10-07 08:45:09 - Errors for symbols: [['APDN']]
2025-10-07 08:50:09 - Errors for symbols: [['APDN']]
2025-10-07 08:55:10 - Errors for symbols: [['OPINL'], ['APDN']]
2025-10-07 09:00:09 - Errors for symbols: [['OPINL'], ['APDN']]
2025-10-07 09:05:09 - Errors for symbols: [['OPINL'], ['APDN']]
2025-10-07 09:10:09 - Errors for symbols: [['OPINL'], ['APDN']]
2025-10-07 09:15:08 - Errors for symbols: [['OPINL'], ['APDN']]
2025-10-07 09:20:08 - Errors for symbols: [['OPINL'], ['APDN']]
2025-10-07 09:25:08 - Errors for symbols: [['OPINL'], ['APDN']]
2025-10-07 09:30:09 - Errors for symbols: [['OPINL'], ['APDN']]
2025-10-07 09:35:09 - Errors for symbols: [['OPINL'], ['APDN']]
2025-10-07 09:40:08 - Errors for symbols: [['OPINL'], ['APDN']]
2025-10-07 09:45:09 - Errors for symbols: [['OPINL'], ['APDN']]
2025-10-07 09:50:09 - Errors for symbols: [['OPINL'], ['APDN']]
2025-10-07 09:55:09 - Errors for symbols: [['OPINL'], ['APDN']]
2025-10-07 10:00:09 - Errors for symbols: [['OPINL'], ['APDN']]
2025-10-07 10:05:10 - Errors for symbols: [['OPINL'], ['APDN']]
2025-10-07 10:10:09 - Errors for symbols: [['OPINL'], ['APDN']]
2025-10-07 10:15:08 - Errors for symbols: [['OPINL'], ['APDN']]
2025-10-07 10:20:08 - Errors for symbols: [['OPINL'], ['APDN']]
2025-10-07 10:25:09 - Errors for symbols: [['OPINL'], ['APDN']]
2025-10-07 10:30:08 - Errors for symbols: [['OPINL'], ['APDN']]
2025-10-07 10:35:10 - Errors for symbols: [['OPINL'], ['APDN']]
2025-10-07 10:40:09 - Errors for symbols: [['OPINL'], ['APDN']]
2025-10-07 10:45:08 - Errors for symbols: [['OPINL'], ['APDN']]
2025-10-07 10:50:09 - Errors for symbols: [['OPINL'], ['APDN']]
2025-10-07 10:55:08 - Errors for symbols: [['OPINL'], ['APDN']]
2025-10-07 11:00:08 - Errors for symbols: [['OPINL'], ['APDN']]
2025-10-07 11:05:08 - Errors for symbols: [['OPINL'], ['APDN']]
2025-10-07 11:10:08 - Errors for symbols: [['OPINL'], ['APDN']]
2025-10-07 11:15:09 - Errors for symbols: [['OPINL'], ['APDN']]
2025-10-07 11:20:09 - Errors for symbols: [['OPINL'], ['APDN']]
2025-10-07 11:25:09 - Errors for symbols: [['OPINL'], ['APDN']]
2025-10-07 11:30:08 - Errors for symbols: [['OPINL'], ['APDN']]
2025-10-07 11:35:09 - Errors for symbols: [['OPINL'], ['APDN']]
2025-10-07 11:40:09 - Errors for symbols: [['OPINL'], ['APDN']]
2025-10-07 11:45:09 - Errors for symbols: [['OPINL'], ['APDN']]
2025-10-07 11:50:10 - Errors for symbols: [['OPINL'], ['APDN']]
2025-10-07 11:55:08 - Errors for symbols: [['OPINL'], ['APDN']]
2025-10-07 12:00:09 - Errors for symbols: [['OPINL'], ['APDN']]
2025-10-07 12:05:09 - Errors for symbols: [['OPINL'], ['APDN']]
2025-10-07 12:10:09 - Errors for symbols: [['OPINL'], ['APDN']]
2025-10-07 12:15:08 - Errors for symbols: [['OPINL'], ['APDN']]
2025-10-07 12:20:09 - Errors for symbols: [['OPINL'], ['APDN']]
2025-10-07 12:25:09 - Errors for symbols: [['OPINL'], ['APDN']]
2025-10-07 12:30:08 - Errors for symbols: [['OPINL'], ['APDN']]
2025-10-07 12:35:09 - Errors for symbols: [['OPINL'], ['APDN']]
2025-10-07 12:40:08 - Errors for symbols: [['OPINL'], ['APDN']]
2025-10-07 12:45:09 - Errors for symbols: [['OPINL'], ['APDN']]
2025-10-07 12:50:09 - Errors for symbols: [['OPINL'], ['APDN']]
2025-10-07 12:55:09 - Errors for symbols: [['OPINL'], ['APDN']]
2025-10-07 13:00:09 - Errors for symbols: [['OPINL'], ['APDN']]
2025-10-07 13:05:09 - Errors for symbols: [['OPINL'], ['APDN']]
2025-10-07 13:10:08 - Errors for symbols: [['OPINL'], ['APDN']]
2025-10-07 13:15:08 - Errors for symbols: [['OPINL'], ['APDN']]
2025-10-07 13:20:08 - Errors for symbols: [['OPINL'], ['APDN']]
2025-10-07 13:25:08 - Errors for symbols: [['OPINL'], ['APDN']]
2025-10-07 13:30:08 - Errors for symbols: [['OPINL'], ['APDN']]
2025-10-07 13:35:09 - Errors for symbols: [['OPINL'], ['APDN']]
2025-10-07 13:40:09 - Errors for symbols: [['OPINL'], ['APDN']]
2025-10-07 13:45:09 - Errors for symbols: [['OPINL'], ['APDN']]
2025-10-07 13:50:08 - Errors for symbols: [['OPINL'], ['APDN']]
2025-10-07 13:55:08 - Errors for symbols: [['OPINL'], ['APDN']]
2025-10-07 14:00:08 - Errors for symbols: [['OPINL'], ['APDN']]
2025-10-07 14:05:09 - Errors for symbols: [['OPINL'], ['APDN']]
2025-10-07 14:10:09 - Errors for symbols: [['OPINL'], ['APDN']]
2025-10-07 14:15:09 - Errors for symbols: [['OPINL'], ['APDN']]
2025-10-07 14:20:09 - Errors for symbols: [['OPINL'], ['APDN']]
2025-10-07 14:25:09 - Errors for symbols: [['OPINL'], ['APDN']]
2025-10-07 14:30:09 - Errors for symbols: [['OPINL'], ['APDN']]
2025-10-07 14:35:10 - Errors for symbols: [['OPINL'], ['APDN']]
2025-10-07 14:40:09 - Errors for symbols: [['OPINL'], ['APDN']]
2025-10-07 14:45:09 - Errors for symbols: [['OPINL'], ['APDN']]
2025-10-07 14:50:09 - Errors for symbols: [['OPINL'], ['APDN']]
2025-10-07 14:55:09 - Errors for symbols: [['OPINL'], ['APDN']]
2025-10-07 15:00:08 - Errors for symbols: [['OPINL'], ['APDN']]
2025-10-07 15:05:09 - Errors for symbols: [['OPINL'], ['APDN']]
2025-10-07 15:10:08 - Errors for symbols: [['OPINL'], ['APDN']]
2025-10-07 15:15:10 - Errors for symbols: [['OPINL'], ['APDN']]
2025-10-07 15:20:09 - Errors for symbols: [['OPINL'], ['APDN']]
2025-10-07 15:25:09 - Errors for symbols: [['OPINL'], ['APDN']]
2025-10-07 15:30:09 - Errors for symbols: [['OPINL'], ['APDN']]
2025-10-07 15:35:09 - Errors for symbols: [['OPINL'], ['APDN']]
2025-10-07 15:40:09 - Errors for symbols: [['OPINL'], ['APDN']]
2025-10-07 15:45:09 - Errors for symbols: [['OPINL'], ['APDN']]
2025-10-07 15:50:08 - Errors for symbols: [['OPINL'], ['APDN']]
2025-10-07 15:55:09 - Errors for symbols: [['OPINL'], ['APDN']]
2025-10-07 16:00:09 - Errors for symbols: [['OPINL'], ['APDN']]
2025-10-07 16:05:10 - Errors for symbols: [['OPINL'], ['APDN']]
2025-10-07 16:10:08 - Errors for symbols: [['OPINL'], ['APDN']]
2025-10-07 16:15:08 - Errors for symbols: [['OPINL'], ['APDN']]
2025-10-07 16:20:09 - Errors for symbols: [['OPINL'], ['APDN']]
2025-10-07 16:25:09 - Errors for symbols: [['OPINL'], ['APDN']]
2025-10-07 16:30:09 - Errors for symbols: [['OPINL'], ['APDN']]
2025-10-07 16:35:09 - Errors for symbols: [['OPINL'], ['APDN']]
2025-10-07 16:40:08 - Errors for symbols: [['OPINL'], ['APDN']]
2025-10-07 16:45:10 - Errors for symbols: [['OPINL'], ['APDN']]
2025-10-07 16:50:09 - Errors for symbols: [['OPINL'], ['APDN']]
2025-10-07 16:55:09 - Errors for symbols: [['OPINL'], ['APDN']]
2025-10-07 17:00:08 - Errors for symbols: [['OPINL'], ['APDN']]
2025-10-07 17:05:09 - Errors for symbols: [['OPINL'], ['APDN']]
2025-10-07 17:10:09 - Errors for symbols: [['OPINL'], ['APDN']]
2025-10-07 17:15:09 - Errors for symbols: [['OPINL'], ['APDN']]
2025-10-07 17:20:09 - Errors for symbols: [['OPINL'], ['APDN']]
2025-10-07 17:25:09 - Errors for symbols: [['OPINL'], ['APDN']]
2025-10-07 17:30:09 - Errors for symbols: [['OPINL'], ['APDN']]
2025-10-07 17:35:09 - Errors for symbols: [['OPINL'], ['APDN']]
2025-10-07 17:40:09 - Errors for symbols: [['OPINL'], ['APDN']]
2025-10-07 17:45:09 - Errors for symbols: [['OPINL'], ['APDN']]
2025-10-07 17:50:10 - Errors for symbols: [['OPINL'], ['APDN']]
2025-10-07 17:55:09 - Errors for symbols: [['OPINL'], ['APDN']]
2025-10-07 18:00:09 - Errors for symbols: [['OPINL'], ['APDN']]
2025-10-07 18:05:09 - Errors for symbols: [['OPINL'], ['APDN']]
2025-10-07 18:10:08 - Errors for symbols: [['OPINL'], ['APDN']]
2025-10-07 18:15:09 - Errors for symbols: [['OPINL'], ['APDN']]
2025-10-07 18:20:09 - Errors for symbols: [['OPINL'], ['APDN']]
2025-10-07 18:25:11 - Errors for symbols: [['OPINL'], ['APDN']]
2025-10-07 18:30:08 - Errors for symbols: [['OPINL'], ['APDN']]
2025-10-07 18:35:11 - Errors for symbols: [['OPINL'], ['APDN']]
2025-10-07 18:40:09 - Errors for symbols: [['OPINL'], ['APDN']]
2025-10-07 18:45:09 - Errors for symbols: [['OPINL'], ['APDN']]
2025-10-07 18:50:08 - Errors for symbols: [['OPINL'], ['APDN']]
2025-10-07 18:55:09 - Errors for symbols: [['OPINL'], ['APDN']]
2025-10-07 19:00:11 - Errors for symbols: [['OPINL'], ['APDN']]
2025-10-07 19:05:10 - Errors for symbols: [['OPINL'], ['APDN']]
2025-10-07 19:10:09 - Errors for symbols: [['OPINL'], ['APDN']]
2025-10-07 19:15:09 - Errors for symbols: [['OPINL'], ['APDN']]
2025-10-07 19:20:09 - Errors for symbols: [['OPINL'], ['APDN']]
2025-10-07 19:25:09 - Errors for symbols: [['OPINL'], ['APDN']]
2025-10-07 19:30:09 - Errors for symbols: [['OPINL'], ['APDN']]
2025-10-07 19:35:09 - Errors for symbols: [['OPINL'], ['APDN']]
2025-10-07 19:40:08 - Errors for symbols: [['OPINL'], ['APDN']]
2025-10-07 19:45:09 - Errors for symbols: [['OPINL'], ['APDN']]
2025-10-07 19:50:08 - Errors for symbols: [['OPINL'], ['APDN']]
2025-10-07 19:55:08 - Errors for symbols: [['OPINL'], ['APDN']]
2025-10-07 20:00:10 - Errors for symbols: [['OPINL'], ['APDN']]
2025-10-07 20:05:10 - Errors for symbols: [['OPINL'], ['APDN']]
2025-10-07 20:10:09 - Errors for symbols: [['OPINL'], ['APDN']]
2025-10-07 20:15:08 - Errors for symbols: [['OPINL'], ['APDN']]
2025-10-07 20:20:08 - Errors for symbols: [['OPINL'], ['APDN']]
2025-10-07 20:25:09 - Errors for symbols: [['OPINL'], ['APDN']]
2025-10-07 20:30:09 - Errors for symbols: [['OPINL'], ['APDN']]
2025-10-07 20:35:10 - Errors for symbols: [['OPINL'], ['APDN']]
2025-10-07 20:40:10 - Errors for symbols: [['OPINL'], ['APDN']]
2025-10-07 20:45:10 - Errors for symbols: [['OPINL'], ['APDN']]
2025-10-07 20:50:09 - Errors for symbols: [['OPINL'], ['APDN']]
2025-10-07 20:55:10 - Errors for symbols: [['OPINL'], ['APDN']]
2025-10-07 21:00:10 - Errors for symbols: [['OPINL'], ['APDN']]
2025-10-07 21:05:10 - Errors for symbols: [['OPINL'], ['APDN']]
2025-10-07 21:10:08 - Errors for symbols: [['OPINL'], ['APDN']]
2025-10-07 21:15:09 - Errors for symbols: [['OPINL'], ['APDN']]
2025-10-07 21:20:08 - Errors for symbols: [['OPINL'], ['APDN']]
2025-10-07 21:25:09 - Errors for symbols: [['OPINL'], ['APDN']]
2025-10-07 21:30:09 - Errors for symbols: [['OPINL'], ['APDN']]
2025-10-07 21:35:10 - Errors for symbols: [['OPINL'], ['APDN']]
2025-10-07 21:40:10 - Errors for symbols: [['OPINL'], ['APDN']]
2025-10-07 21:45:09 - Errors for symbols: [['OPINL'], ['APDN']]
2025-10-07 21:50:09 - Errors for symbols: [['OPINL'], ['APDN']]
2025-10-07 21:55:09 - Errors for symbols: [['OPINL'], ['APDN']]
2025-10-07 22:00:09 - Errors for symbols: [['OPINL'], ['APDN']]
2025-10-07 22:05:09 - Errors for symbols: [['OPINL'], ['APDN']]
2025-10-07 22:10:09 - Errors for symbols: [['OPINL'], ['APDN']]
2025-10-07 22:15:09 - Errors for symbols: [['OPINL'], ['APDN']]
2025-10-07 22:20:09 - Errors for symbols: [['OPINL'], ['APDN']]
2025-10-07 22:25:09 - Errors for symbols: [['OPINL'], ['APDN']]
2025-10-07 22:30:09 - Errors for symbols: [['OPINL'], ['APDN']]
2025-10-07 22:35:10 - Errors for symbols: [['OPINL'], ['APDN']]
2025-10-07 22:40:09 - Errors for symbols: [['OPINL'], ['APDN']]
2025-10-07 22:45:08 - Errors for symbols: [['OPINL'], ['APDN']]
2025-10-07 22:50:09 - Errors for symbols: [['OPINL'], ['APDN']]
2025-10-07 22:55:09 - Errors for symbols: [['OPINL'], ['APDN']]
2025-10-07 23:00:08 - Errors for symbols: [['OPINL'], ['APDN']]
2025-10-07 23:05:09 - Errors for symbols: [['OPINL'], ['APDN']]
2025-10-07 23:10:09 - Errors for symbols: [['OPINL'], ['APDN']]
2025-10-07 23:15:11 - Errors for symbols: [['OPINL'], ['APDN']]
2025-10-07 23:20:09 - Errors for symbols: [['OPINL'], ['APDN']]
2025-10-07 23:25:09 - Errors for symbols: [['OPINL'], ['APDN']]
2025-10-07 23:30:08 - Errors for symbols: [['OPINL'], ['APDN']]
2025-10-07 23:35:11 - Errors for symbols: [['OPINL'], ['APDN']]
2025-10-07 23:40:08 - Errors for symbols: [['OPINL'], ['APDN']]
2025-10-07 23:45:08 - Errors for symbols: [['OPINL'], ['APDN']]
2025-10-07 23:50:09 - Errors for symbols: [['OPINL'], ['APDN']]
2025-10-07 23:55:08 - Errors for symbols: [['OPINL'], ['APDN']]
2025-10-08 00:00:09 - Errors for symbols: [['OPINL'], ['APDN']]
2025-10-08 00:05:09 - Errors for symbols: [['OPINL'], ['APDN']]
2025-10-08 00:10:08 - Errors for symbols: [['OPINL'], ['APDN']]
2025-10-08 00:15:09 - Errors for symbols: [['OPINL'], ['APDN']]
2025-10-08 00:20:08 - Errors for symbols: [['OPINL'], ['APDN']]
2025-10-08 00:25:08 - Errors for symbols: [['OPINL'], ['APDN']]
2025-10-08 00:30:09 - Errors for symbols: [['OPINL'], ['APDN']]
2025-10-08 00:35:10 - Errors for symbols: [['OPINL'], ['APDN']]
2025-10-08 00:40:09 - Errors for symbols: [['OPINL'], ['APDN']]
2025-10-08 00:45:11 - Errors for symbols: [['OPINL'], ['APDN']]
2025-10-08 00:50:10 - Errors for symbols: [['OPINL'], ['APDN']]
2025-10-08 00:55:09 - Errors for symbols: [['OPINL'], ['APDN']]
2025-10-08 01:00:09 - Errors for symbols: [['OPINL'], ['APDN']]
2025-10-08 01:05:09 - Errors for symbols: [['OPINL'], ['APDN']]
2025-10-08 01:10:08 - Errors for symbols: [['OPINL'], ['APDN']]
2025-10-08 01:15:08 - Errors for symbols: [['OPINL'], ['APDN']]
2025-10-08 01:20:08 - Errors for symbols: [['OPINL'], ['APDN']]
2025-10-08 01:25:09 - Errors for symbols: [['OPINL'], ['APDN']]
2025-10-08 01:30:09 - Errors for symbols: [['OPINL'], ['APDN']]
2025-10-08 01:35:10 - Errors for symbols: [['OPINL'], ['APDN']]
2025-10-08 01:40:08 - Errors for symbols: [['OPINL'], ['APDN']]
2025-10-08 01:45:08 - Errors for symbols: [['OPINL'], ['APDN']]
2025-10-08 01:50:08 - Errors for symbols: [['OPINL'], ['APDN']]
2025-10-08 01:55:09 - Errors for symbols: [['OPINL'], ['APDN']]
2025-10-08 02:00:10 - Errors for symbols: [['OPINL'], ['APDN']]
2025-10-08 02:05:09 - Errors for symbols: [['OPINL'], ['APDN']]
2025-10-08 02:10:08 - Errors for symbols: [['OPINL'], ['APDN']]
2025-10-08 02:15:09 - Errors for symbols: [['OPINL'], ['APDN']]
2025-10-08 02:20:08 - Errors for symbols: [['OPINL'], ['APDN']]
2025-10-08 02:25:08 - Errors for symbols: [['OPINL'], ['APDN']]
2025-10-08 02:30:09 - Errors for symbols: [['OPINL'], ['APDN']]
2025-10-08 02:35:10 - Errors for symbols: [['OPINL'], ['APDN']]
2025-10-08 02:40:09 - Errors for symbols: [['OPINL'], ['APDN']]
2025-10-08 02:45:08 - Errors for symbols: [['OPINL'], ['APDN']]
2025-10-08 02:50:08 - Errors for symbols: [['OPINL'], ['APDN']]
2025-10-08 02:55:09 - Errors for symbols: [['OPINL'], ['APDN']]
2025-10-08 03:00:08 - Errors for symbols: [['OPINL'], ['APDN']]
2025-10-08 03:05:09 - Errors for symbols: [['OPINL'], ['APDN']]
2025-10-08 03:10:09 - Errors for symbols: [['OPINL'], ['APDN']]
2025-10-08 03:15:08 - Errors for symbols: [['OPINL'], ['APDN']]
2025-10-08 03:20:08 - Errors for symbols: [['OPINL'], ['APDN']]
2025-10-08 03:25:09 - Errors for symbols: [['OPINL'], ['APDN']]
2025-10-08 03:30:09 - Errors for symbols: [['OPINL'], ['APDN']]
2025-10-08 03:35:09 - Errors for symbols: [['OPINL'], ['APDN']]
2025-10-08 03:40:08 - Errors for symbols: [['OPINL'], ['APDN']]
2025-10-08 03:45:09 - Errors for symbols: [['OPINL'], ['APDN']]
2025-10-08 03:50:08 - Errors for symbols: [['OPINL'], ['APDN']]
2025-10-08 03:55:08 - Errors for symbols: [['OPINL'], ['APDN']]
2025-10-08 04:00:09 - Errors for symbols: [['OPINL'], ['APDN']]
2025-10-08 04:05:11 - Errors for symbols: [['OPINL'], ['APDN']]
2025-10-08 04:10:08 - Errors for symbols: [['OPINL'], ['APDN']]
2025-10-08 04:15:09 - Errors for symbols: [['OPINL'], ['APDN']]
2025-10-08 04:20:10 - Errors for symbols: [['OPINL'], ['APDN']]
2025-10-08 04:25:09 - Errors for symbols: [['OPINL'], ['APDN']]
2025-10-08 04:30:08 - Errors for symbols: [['OPINL'], ['APDN']]
2025-10-08 04:35:08 - Errors for symbols: [['OPINL'], ['APDN']]
2025-10-08 04:40:07 - Errors for symbols: [['OPINL'], ['APDN']]
2025-10-08 04:45:08 - Errors for symbols: [['OPINL'], ['APDN']]
2025-10-08 04:50:08 - Errors for symbols: [['OPINL'], ['APDN']]
2025-10-08 04:55:07 - Errors for symbols: [['OPINL'], ['APDN']]
2025-10-08 05:00:08 - Errors for symbols: [['OPINL'], ['APDN']]
2025-10-08 05:05:08 - Errors for symbols: [['OPINL'], ['APDN']]
2025-10-08 05:10:08 - Errors for symbols: [['OPINL'], ['APDN']]
2025-10-08 05:15:07 - Errors for symbols: [['OPINL'], ['APDN']]
2025-10-08 05:20:08 - Errors for symbols: [['OPINL'], ['APDN']]
2025-10-08 05:25:08 - Errors for symbols: [['OPINL'], ['APDN']]
2025-10-08 05:30:08 - Errors for symbols: [['OPINL'], ['APDN']]
2025-10-08 05:35:07 - Errors for symbols: [['OPINL'], ['APDN']]
2025-10-08 05:40:08 - Errors for symbols: [['OPINL'], ['APDN']]
2025-10-08 05:45:08 - Errors for symbols: [['OPINL'], ['APDN']]
2025-10-08 05:50:08 - Errors for symbols: [['OPINL'], ['APDN']]
2025-10-08 05:55:09 - Errors for symbols: [['OPINL'], ['APDN']]
2025-10-08 06:00:09 - Errors for symbols: [['OPINL'], ['APDN']]
2025-10-08 06:05:09 - Errors for symbols: [['OPINL'], ['APDN']]
2025-10-08 06:10:08 - Errors for symbols: [['OPINL'], ['APDN']]
2025-10-08 06:15:08 - Errors for symbols: [['OPINL'], ['APDN']]
2025-10-08 06:20:08 - Errors for symbols: [['OPINL'], ['APDN']]
2025-10-08 06:25:08 - Errors for symbols: [['OPINL'], ['APDN']]
2025-10-08 06:30:08 - Errors for symbols: [['OPINL'], ['APDN']]
2025-10-08 06:35:08 - Errors for symbols: [['OPINL'], ['APDN']]
2025-10-08 06:40:07 - Errors for symbols: [['OPINL'], ['APDN']]
2025-10-08 06:45:08 - Errors for symbols: [['OPINL'], ['APDN']]
2025-10-08 06:50:08 - Errors for symbols: [['OPINL'], ['APDN']]
2025-10-08 06:55:08 - Errors for symbols: [['OPINL'], ['APDN']]
2025-10-08 07:00:08 - Errors for symbols: [['OPINL'], ['APDN']]
2025-10-08 07:05:10 - Errors for symbols: [['OPINL'], ['APDN']]
2025-10-08 07:10:08 - Errors for symbols: [['OPINL'], ['APDN']]
2025-10-08 07:15:08 - Errors for symbols: [['OPINL'], ['APDN']]
2025-10-08 07:20:08 - Errors for symbols: [['OPINL'], ['APDN']]
2025-10-08 07:25:09 - Errors for symbols: [['OPINL'], ['APDN']]
2025-10-08 07:30:08 - Errors for symbols: [['OPINL'], ['APDN']]
2025-10-08 07:35:09 - Errors for symbols: [['OPINL'], ['APDN']]
2025-10-08 07:40:08 - Errors for symbols: [['OPINL'], ['APDN']]
2025-10-08 07:45:08 - Errors for symbols: [['OPINL'], ['APDN']]
2025-10-08 07:50:09 - Errors for symbols: [['OPINL'], ['APDN']]
2025-10-08 07:55:09 - Errors for symbols: [['OPINL'], ['APDN']]
2025-10-08 08:00:09 - Errors for symbols: [['OPINL'], ['APDN']]
2025-10-08 08:05:09 - Errors for symbols: [['OPINL'], ['APDN']]
2025-10-08 08:10:09 - Errors for symbols: [['OPINL'], ['APDN']]
2025-10-08 08:15:09 - Errors for symbols: [['OPINL'], ['APDN']]
2025-10-08 08:20:09 - Errors for symbols: [['OPINL'], ['APDN']]
2025-10-08 08:25:09 - Errors for symbols: [['OPINL'], ['APDN']]
2025-10-08 08:30:09 - Errors for symbols: [['OPINL'], ['APDN']]
2025-10-08 08:35:09 - Errors for symbols: [['OPINL'], ['APDN']]
2025-10-08 08:40:09 - Errors for symbols: [['OPINL'], ['APDN']]
2025-10-08 08:45:09 - Errors for symbols: [['OPINL'], ['APDN']]
2025-10-08 08:50:09 - Errors for symbols: [['OPINL'], ['APDN']]
2025-10-08 08:55:08 - Errors for symbols: [['OPINL'], ['APDN']]
2025-10-08 09:00:09 - Errors for symbols: [['OPINL'], ['APDN']]
2025-10-08 09:05:10 - Errors for symbols: [['OPINL'], ['APDN']]
2025-10-08 09:10:09 - Errors for symbols: [['OPINL'], ['APDN']]
2025-10-08 09:15:08 - Errors for symbols: [['OPINL'], ['APDN']]
2025-10-08 09:20:09 - Errors for symbols: [['OPINL'], ['APDN']]
2025-10-08 09:25:08 - Errors for symbols: [['OPINL'], ['APDN']]
2025-10-08 09:30:08 - Errors for symbols: [['OPINL'], ['APDN']]
2025-10-08 09:35:09 - Errors for symbols: [['OPINL'], ['APDN']]
2025-10-08 09:40:10 - Errors for symbols: [['OPINL'], ['APDN']]
2025-10-08 09:45:09 - Errors for symbols: [['OPINL'], ['APDN']]
2025-10-08 09:50:09 - Errors for symbols: [['OPINL'], ['APDN']]
2025-10-08 09:55:09 - Errors for symbols: [['OPINL'], ['APDN']]
2025-10-08 10:00:10 - Errors for symbols: [['OPINL'], ['APDN']]
2025-10-08 10:05:10 - Errors for symbols: [['OPINL'], ['APDN']]
2025-10-08 10:10:10 - Errors for symbols: [['OPINL'], ['APDN']]
2025-10-08 10:15:09 - Errors for symbols: [['OPINL'], ['APDN']]
2025-10-08 10:20:10 - Errors for symbols: [['OPINL'], ['APDN']]
2025-10-08 10:25:09 - Errors for symbols: [['OPINL'], ['APDN']]
2025-10-08 10:30:11 - Errors for symbols: [['OPINL'], ['APDN']]
2025-10-08 10:35:10 - Errors for symbols: [['OPINL'], ['APDN']]
2025-10-08 10:40:08 - Errors for symbols: [['OPINL'], ['APDN']]
2025-10-08 10:45:10 - Errors for symbols: [['OPINL'], ['APDN']]
2025-10-08 10:50:09 - Errors for symbols: [['OPINL'], ['APDN']]
2025-10-08 10:55:09 - Errors for symbols: [['OPINL'], ['APDN']]
2025-10-08 11:00:09 - Errors for symbols: [['OPINL'], ['APDN']]
2025-10-08 11:05:15 - Errors for symbols: [['OPINL'], ['APDN']]
2025-10-08 11:10:09 - Errors for symbols: [['OPINL'], ['APDN']]
2025-10-08 11:15:10 - Errors for symbols: [['OPINL'], ['APDN']]
2025-10-08 11:20:09 - Errors for symbols: [['OPINL'], ['APDN']]
2025-10-08 11:25:09 - Errors for symbols: [['OPINL'], ['APDN']]
2025-10-08 11:30:09 - Errors for symbols: [['OPINL'], ['APDN']]
2025-10-08 11:35:10 - Errors for symbols: [['OPINL'], ['APDN']]
2025-10-08 11:40:09 - Errors for symbols: [['OPINL'], ['APDN']]
2025-10-08 11:45:08 - Errors for symbols: [['OPINL'], ['APDN']]
2025-10-08 11:50:08 - Errors for symbols: [['OPINL'], ['APDN']]
2025-10-08 11:55:10 - Errors for symbols: [['OPINL'], ['APDN']]
2025-10-08 12:00:10 - Errors for symbols: [['OPINL'], ['APDN']]
2025-10-08 12:05:09 - Errors for symbols: [['OPINL'], ['APDN']]
2025-10-08 12:10:09 - Errors for symbols: [['OPINL'], ['APDN']]
2025-10-08 12:15:09 - Errors for symbols: [['OPINL'], ['APDN']]
2025-10-08 12:20:10 - Errors for symbols: [['OPINL'], ['APDN']]
2025-10-08 12:25:10 - Errors for symbols: [['OPINL'], ['APDN']]
2025-10-08 12:30:09 - Errors for symbols: [['OPINL'], ['APDN']]
2025-10-08 12:35:09 - Errors for symbols: [['OPINL'], ['APDN']]
2025-10-08 12:40:09 - Errors for symbols: [['OPINL'], ['APDN']]
2025-10-08 12:45:09 - Errors for symbols: [['OPINL'], ['APDN']]
2025-10-08 12:50:10 - Errors for symbols: [['OPINL'], ['APDN']]
2025-10-08 12:55:09 - Errors for symbols: [['OPINL'], ['APDN']]
2025-10-08 13:00:08 - Errors for symbols: [['OPINL'], ['APDN']]
2025-10-08 13:05:09 - Errors for symbols: [['OPINL'], ['APDN']]
2025-10-08 13:10:09 - Errors for symbols: [['OPINL'], ['APDN']]
2025-10-08 13:15:09 - Errors for symbols: [['OPINL'], ['APDN']]
2025-10-08 13:20:09 - Errors for symbols: [['OPINL'], ['APDN']]
2025-10-08 13:25:09 - Errors for symbols: [['OPINL'], ['APDN']]
2025-10-08 13:30:09 - Errors for symbols: [['OPINL'], ['APDN']]
2025-10-12 12:15:08 - Errors for symbols: [['SHOT'], ['SWIN'], ['OPINL'], ['APDN'], ['PWM', 'HROWM']]
2025-10-12 12:20:09 - Errors for symbols: [['SHOT'], ['SWIN'], ['OPINL'], ['APDN'], ['PWM', 'HROWM']]
2025-10-12 12:25:09 - Errors for symbols: [['SHOT'], ['SWIN'], ['OPINL'], ['APDN'], ['PWM', 'HROWM']]
2025-10-12 12:30:09 - Errors for symbols: [['SHOT'], ['SWIN'], ['OPINL'], ['APDN'], ['PWM', 'HROWM']]
2025-10-12 12:35:09 - Errors for symbols: [['SHOT'], ['SWIN'], ['OPINL'], ['APDN'], ['PWM', 'HROWM']]
2025-10-12 12:40:10 - Errors for symbols: [['SHOT'], ['SWIN'], ['OPINL'], ['APDN'], ['PWM', 'HROWM']]
2025-10-12 12:45:09 - Errors for symbols: [['SHOT'], ['SWIN'], ['OPINL'], ['APDN'], ['PWM', 'HROWM']]
2025-10-12 12:50:09 - Errors for symbols: [['SHOT'], ['SWIN'], ['OPINL'], ['APDN'], ['PWM', 'HROWM']]
2025-10-12 12:55:09 - Errors for symbols: [['SHOT'], ['SWIN'], ['OPINL'], ['APDN'], ['PWM', 'HROWM']]
2025-10-12 13:00:09 - Errors for symbols: [['SHOT'], ['SWIN'], ['OPINL'], ['APDN'], ['PWM', 'HROWM']]
2025-10-12 13:05:09 - Errors for symbols: [['SHOT'], ['SWIN'], ['OPINL'], ['APDN'], ['PWM', 'HROWM']]
2025-10-12 13:10:09 - Errors for symbols: [['SHOT'], ['SWIN'], ['OPINL'], ['APDN'], ['PWM', 'HROWM']]
2025-10-12 13:15:10 - Errors for symbols: [['SHOT'], ['SWIN'], ['OPINL'], ['APDN'], ['PWM', 'HROWM']]
2025-10-12 13:20:09 - Errors for symbols: [['SHOT'], ['SWIN'], ['OPINL'], ['APDN'], ['PWM', 'HROWM']]
2025-10-12 13:25:09 - Errors for symbols: [['SHOT'], ['SWIN'], ['OPINL'], ['APDN'], ['PWM', 'HROWM']]
2025-10-12 13:30:09 - Errors for symbols: [['SHOT'], ['SWIN'], ['OPINL'], ['APDN'], ['PWM', 'HROWM']]
2025-10-12 13:35:09 - Errors for symbols: [['SHOT'], ['SWIN'], ['OPINL'], ['APDN'], ['PWM', 'HROWM']]
2025-10-12 13:40:09 - Errors for symbols: [['SHOT'], ['SWIN'], ['OPINL'], ['APDN'], ['PWM', 'HROWM']]
2025-10-12 13:45:09 - Errors for symbols: [['SHOT'], ['SWIN'], ['OPINL'], ['APDN'], ['PWM', 'HROWM']]
2025-10-12 13:50:09 - Errors for symbols: [['SHOT'], ['SWIN'], ['OPINL'], ['APDN'], ['PWM', 'HROWM']]
2025-10-12 13:55:09 - Errors for symbols: [['SHOT'], ['SWIN'], ['OPINL'], ['APDN'], ['PWM', 'HROWM']]
2025-10-12 14:00:11 - Errors for symbols: [['SHOT'], ['SWIN'], ['OPINL'], ['APDN'], ['PWM', 'HROWM']]
2025-10-12 14:05:09 - Errors for symbols: [['SHOT'], ['SWIN'], ['OPINL'], ['APDN'], ['PWM', 'HROWM']]
2025-10-12 14:10:10 - Errors for symbols: [['SHOT'], ['SWIN'], ['OPINL'], ['APDN'], ['PWM', 'HROWM']]
2025-10-12 14:15:09 - Errors for symbols: [['SHOT'], ['SWIN'], ['OPINL'], ['APDN'], ['PWM', 'HROWM']]
2025-10-12 14:20:08 - Errors for symbols: [['SHOT'], ['SWIN'], ['OPINL'], ['APDN'], ['PWM', 'HROWM']]
2025-10-12 14:25:09 - Errors for symbols: [['SHOT'], ['SWIN'], ['OPINL'], ['APDN'], ['PWM', 'HROWM']]
2025-10-12 14:30:09 - Errors for symbols: [['SHOT'], ['SWIN'], ['OPINL'], ['APDN'], ['PWM', 'HROWM']]
2025-10-12 14:35:10 - Errors for symbols: [['SHOT'], ['SWIN'], ['OPINL'], ['APDN'], ['PWM', 'HROWM']]
2025-10-12 14:40:10 - Errors for symbols: [['SHOT'], ['SWIN'], ['OPINL'], ['APDN'], ['PWM', 'HROWM']]
2025-10-12 14:45:10 - Errors for symbols: [['SHOT'], ['SWIN'], ['OPINL'], ['APDN'], ['PWM', 'HROWM']]
2025-10-12 14:50:10 - Errors for symbols: [['SHOT'], ['SWIN'], ['OPINL'], ['APDN'], ['PWM', 'HROWM']]
2025-10-12 14:55:09 - Errors for symbols: [['SHOT'], ['SWIN'], ['OPINL'], ['APDN'], ['PWM', 'HROWM']]
2025-10-12 15:00:09 - Errors for symbols: [['SHOT'], ['SWIN'], ['OPINL'], ['APDN'], ['PWM', 'HROWM']]
2025-10-12 15:05:09 - Errors for symbols: [['SHOT'], ['SWIN'], ['OPINL'], ['APDN'], ['PWM', 'HROWM']]
2025-10-12 15:10:11 - Errors for symbols: [['SHOT'], ['SWIN'], ['OPINL'], ['APDN'], ['PWM', 'HROWM']]
2025-10-12 15:15:10 - Errors for symbols: [['SHOT'], ['SWIN'], ['OPINL'], ['APDN'], ['PWM', 'HROWM']]
2025-10-12 15:20:09 - Errors for symbols: [['SHOT'], ['SWIN'], ['OPINL'], ['APDN'], ['PWM', 'HROWM']]
2025-10-12 15:25:10 - Errors for symbols: [['SHOT'], ['SWIN'], ['OPINL'], ['APDN'], ['PWM', 'HROWM']]
2025-10-12 15:30:11 - Errors for symbols: [['SHOT'], ['SWIN'], ['OPINL'], ['APDN'], ['PWM', 'HROWM']]
2025-10-12 15:35:09 - Errors for symbols: [['SHOT'], ['SWIN'], ['OPINL'], ['APDN'], ['PWM', 'HROWM']]
2025-10-12 15:40:09 - Errors for symbols: [['SHOT'], ['SWIN'], ['OPINL'], ['APDN'], ['PWM', 'HROWM']]
2025-10-12 15:45:09 - Errors for symbols: [['SHOT'], ['SWIN'], ['OPINL'], ['APDN'], ['PWM', 'HROWM']]
2025-10-12 15:50:10 - Errors for symbols: [['SHOT'], ['SWIN'], ['OPINL'], ['APDN'], ['PWM', 'HROWM']]
2025-10-12 15:55:09 - Errors for symbols: [['SHOT'], ['SWIN'], ['OPINL'], ['APDN'], ['PWM', 'HROWM']]
2025-10-12 16:00:08 - Errors for symbols: [['SHOT'], ['SWIN'], ['OPINL'], ['APDN'], ['PWM', 'HROWM']]
2025-10-12 16:05:09 - Errors for symbols: [['SHOT'], ['SWIN'], ['OPINL'], ['APDN'], ['PWM', 'HROWM']]
2025-10-12 16:10:09 - Errors for symbols: [['SHOT'], ['SWIN'], ['OPINL'], ['APDN'], ['PWM', 'HROWM']]
2025-10-12 16:15:09 - Errors for symbols: [['SHOT'], ['SWIN'], ['OPINL'], ['APDN'], ['PWM', 'HROWM']]
2025-10-12 16:20:08 - Errors for symbols: [['SHOT'], ['SWIN'], ['OPINL'], ['APDN'], ['PWM', 'HROWM']]
2025-10-12 16:25:09 - Errors for symbols: [['SHOT'], ['SWIN'], ['OPINL'], ['APDN'], ['PWM', 'HROWM']]
2025-10-12 16:30:09 - Errors for symbols: [['SHOT'], ['SWIN'], ['OPINL'], ['APDN'], ['PWM', 'HROWM']]
2025-10-12 16:35:09 - Errors for symbols: [['SHOT'], ['SWIN'], ['OPINL'], ['APDN'], ['PWM', 'HROWM']]
2025-10-12 16:40:10 - Errors for symbols: [['SHOT'], ['SWIN'], ['OPINL'], ['APDN'], ['PWM', 'HROWM']]
2025-10-12 16:45:09 - Errors for symbols: [['SHOT'], ['SWIN'], ['OPINL'], ['APDN'], ['PWM', 'HROWM']]
2025-10-12 16:50:10 - Errors for symbols: [['SHOT'], ['SWIN'], ['OPINL'], ['APDN'], ['PWM', 'HROWM']]
2025-10-12 16:55:10 - Errors for symbols: [['SHOT'], ['SWIN'], ['OPINL'], ['APDN'], ['PWM', 'HROWM']]
2025-10-12 17:00:11 - Errors for symbols: [['SHOT'], ['SWIN'], ['OPINL'], ['APDN'], ['PWM', 'HROWM']]
2025-10-12 17:05:08 - Errors for symbols: [['SHOT'], ['SWIN'], ['OPINL'], ['APDN'], ['PWM', 'HROWM']]
2025-10-12 17:10:09 - Errors for symbols: [['SHOT'], ['SWIN'], ['OPINL'], ['APDN'], ['PWM', 'HROWM']]
2025-10-12 17:15:09 - Errors for symbols: [['SHOT'], ['SWIN'], ['OPINL'], ['APDN'], ['PWM', 'HROWM']]
2025-10-12 17:20:10 - Errors for symbols: [['SHOT'], ['SWIN'], ['OPINL'], ['APDN'], ['PWM', 'HROWM']]
2025-10-12 17:25:10 - Errors for symbols: [['SHOT'], ['SWIN'], ['OPINL'], ['APDN'], ['PWM', 'HROWM']]
2025-10-12 17:30:10 - Errors for symbols: [['SHOT'], ['SWIN'], ['OPINL'], ['APDN'], ['PWM', 'HROWM']]
2025-10-12 17:35:09 - Errors for symbols: [['SHOT'], ['SWIN'], ['OPINL'], ['APDN'], ['PWM', 'HROWM']]
2025-10-12 17:40:09 - Errors for symbols: [['SHOT'], ['SWIN'], ['OPINL'], ['APDN'], ['PWM', 'HROWM']]
2025-10-12 17:45:10 - Errors for symbols: [['SHOT'], ['SWIN'], ['OPINL'], ['APDN'], ['PWM', 'HROWM']]
2025-10-12 17:50:09 - Errors for symbols: [['SHOT'], ['SWIN'], ['OPINL'], ['APDN'], ['PWM', 'HROWM']]
2025-10-12 17:55:08 - Errors for symbols: [['SHOT'], ['SWIN'], ['OPINL'], ['APDN'], ['PWM', 'HROWM']]
2025-10-12 18:00:10 - Errors for symbols: [['SHOT'], ['SWIN'], ['OPINL'], ['APDN'], ['PWM', 'HROWM']]
2025-10-12 18:05:10 - Errors for symbols: [['SHOT'], ['SWIN'], ['OPINL'], ['APDN'], ['PWM', 'HROWM']]
2025-10-12 18:10:10 - Errors for symbols: [['SHOT'], ['SWIN'], ['OPINL'], ['APDN'], ['PWM', 'HROWM']]
2025-10-12 18:15:09 - Errors for symbols: [['SHOT'], ['SWIN'], ['OPINL'], ['APDN'], ['PWM', 'HROWM']]
2025-10-12 18:20:10 - Errors for symbols: [['SHOT'], ['SWIN'], ['OPINL'], ['APDN'], ['PWM', 'HROWM']]
2025-10-12 18:25:09 - Errors for symbols: [['SHOT'], ['SWIN'], ['OPINL'], ['APDN'], ['PWM', 'HROWM']]
2025-10-12 18:30:09 - Errors for symbols: [['SHOT'], ['SWIN'], ['OPINL'], ['APDN'], ['PWM', 'HROWM']]
2025-10-12 18:35:09 - Errors for symbols: [['SHOT'], ['SWIN'], ['OPINL'], ['APDN'], ['PWM', 'HROWM']]
2025-10-12 18:40:10 - Errors for symbols: [['SHOT'], ['SWIN'], ['OPINL'], ['APDN'], ['PWM', 'HROWM']]
2025-10-12 18:45:09 - Errors for symbols: [['SHOT'], ['SWIN'], ['OPINL'], ['APDN'], ['PWM', 'HROWM']]
2025-10-12 18:50:09 - Errors for symbols: [['SHOT'], ['SWIN'], ['OPINL'], ['APDN'], ['PWM', 'HROWM']]
2025-10-12 18:55:09 - Errors for symbols: [['SHOT'], ['SWIN'], ['OPINL'], ['APDN'], ['PWM', 'HROWM']]
2025-10-12 19:00:10 - Errors for symbols: [['SHOT'], ['SWIN'], ['OPINL'], ['APDN'], ['PWM', 'HROWM']]
2025-10-12 19:05:10 - Errors for symbols: [['SHOT'], ['SWIN'], ['OPINL'], ['APDN'], ['PWM', 'HROWM']]
2025-10-12 19:10:09 - Errors for symbols: [['SHOT'], ['SWIN'], ['OPINL'], ['APDN'], ['PWM', 'HROWM']]
2025-10-12 19:15:09 - Errors for symbols: [['SHOT'], ['SWIN'], ['OPINL'], ['APDN'], ['PWM', 'HROWM']]
2025-10-12 19:20:08 - Errors for symbols: [['SHOT'], ['SWIN'], ['OPINL'], ['APDN'], ['PWM', 'HROWM']]
2025-10-12 19:25:09 - Errors for symbols: [['SHOT'], ['SWIN'], ['OPINL'], ['APDN'], ['PWM', 'HROWM']]
2025-10-12 19:30:09 - Errors for symbols: [['SHOT'], ['SWIN'], ['OPINL'], ['APDN'], ['PWM', 'HROWM']]
2025-10-12 19:35:09 - Errors for symbols: [['SHOT'], ['SWIN'], ['OPINL'], ['APDN'], ['PWM', 'HROWM']]
2025-10-12 19:40:10 - Errors for symbols: [['SHOT'], ['SWIN'], ['OPINL'], ['APDN'], ['PWM', 'HROWM']]
2025-10-12 19:45:09 - Errors for symbols: [['SHOT'], ['SWIN'], ['OPINL'], ['APDN'], ['PWM', 'HROWM']]
2025-10-12 19:50:10 - Errors for symbols: [['SHOT'], ['SWIN'], ['OPINL'], ['APDN'], ['PWM', 'HROWM']]
2025-10-12 19:55:09 - Errors for symbols: [['SHOT'], ['SWIN'], ['OPINL'], ['APDN'], ['PWM', 'HROWM']]
2025-10-12 20:00:09 - Errors for symbols: [['SHOT'], ['SWIN'], ['OPINL'], ['APDN'], ['PWM', 'HROWM']]
2025-10-12 20:05:09 - Errors for symbols: [['SHOT'], ['SWIN'], ['OPINL'], ['APDN'], ['PWM', 'HROWM']]
2025-10-12 20:10:09 - Errors for symbols: [['SHOT'], ['SWIN'], ['OPINL'], ['APDN'], ['PWM', 'HROWM']]
2025-10-12 20:15:10 - Errors for symbols: [['SHOT'], ['SWIN'], ['OPINL'], ['APDN'], ['PWM', 'HROWM']]
2025-10-12 20:20:09 - Errors for symbols: [['SHOT'], ['SWIN'], ['OPINL'], ['APDN'], ['PWM', 'HROWM']]
2025-10-12 20:25:09 - Errors for symbols: [['SHOT'], ['SWIN'], ['OPINL'], ['APDN'], ['PWM', 'HROWM']]
2025-10-12 20:30:09 - Errors for symbols: [['SHOT'], ['SWIN'], ['OPINL'], ['APDN'], ['PWM', 'HROWM']]
2025-10-12 20:35:08 - Errors for symbols: [['SHOT'], ['SWIN'], ['OPINL'], ['APDN'], ['PWM', 'HROWM']]
2025-10-12 20:40:11 - Errors for symbols: [['SHOT'], ['SWIN'], ['OPINL'], ['APDN'], ['PWM', 'HROWM']]
2025-10-12 20:45:09 - Errors for symbols: [['SHOT'], ['SWIN'], ['OPINL'], ['APDN'], ['PWM', 'HROWM']]
2025-10-12 20:50:09 - Errors for symbols: [['SHOT'], ['SWIN'], ['OPINL'], ['APDN'], ['PWM', 'HROWM']]
2025-10-12 20:55:10 - Errors for symbols: [['SHOT'], ['SWIN'], ['OPINL'], ['APDN'], ['PWM', 'HROWM']]
2025-10-12 21:00:10 - Errors for symbols: [['SHOT'], ['SWIN'], ['OPINL'], ['APDN'], ['PWM', 'HROWM']]
2025-10-12 21:05:10 - Errors for symbols: [['SHOT'], ['SWIN'], ['OPINL'], ['APDN'], ['PWM', 'HROWM']]
2025-10-12 21:10:11 - Errors for symbols: [['SHOT'], ['SWIN'], ['OPINL'], ['APDN'], ['PWM', 'HROWM']]
2025-10-12 21:15:09 - Errors for symbols: [['SHOT'], ['SWIN'], ['OPINL'], ['APDN'], ['PWM', 'HROWM']]
2025-10-12 21:20:08 - Errors for symbols: [['SHOT'], ['SWIN'], ['OPINL'], ['APDN'], ['PWM', 'HROWM']]
2025-10-12 21:25:09 - Errors for symbols: [['SHOT'], ['SWIN'], ['OPINL'], ['APDN'], ['PWM', 'HROWM']]
2025-10-12 21:30:09 - Errors for symbols: [['SHOT'], ['SWIN'], ['OPINL'], ['APDN'], ['PWM', 'HROWM']]
2025-10-12 21:35:09 - Errors for symbols: [['SHOT'], ['SWIN'], ['OPINL'], ['APDN'], ['PWM', 'HROWM']]
2025-10-12 21:40:10 - Errors for symbols: [['SHOT'], ['SWIN'], ['OPINL'], ['APDN'], ['PWM', 'HROWM']]
2025-10-12 21:45:09 - Errors for symbols: [['SHOT'], ['SWIN'], ['OPINL'], ['APDN'], ['PWM', 'HROWM']]
2025-10-12 21:50:08 - Errors for symbols: [['SHOT'], ['SWIN'], ['OPINL'], ['APDN'], ['PWM', 'HROWM']]
2025-10-12 21:55:08 - Errors for symbols: [['SHOT'], ['SWIN'], ['OPINL'], ['APDN'], ['PWM', 'HROWM']]
2025-10-12 22:00:10 - Errors for symbols: [['SHOT'], ['SWIN'], ['OPINL'], ['APDN'], ['PWM', 'HROWM']]
2025-10-12 22:05:11 - Errors for symbols: [['SHOT'], ['SWIN'], ['OPINL'], ['APDN'], ['PWM', 'HROWM']]
2025-10-12 22:10:10 - Errors for symbols: [['SHOT'], ['SWIN'], ['OPINL'], ['APDN'], ['PWM', 'HROWM']]
2025-10-12 22:15:10 - Errors for symbols: [['SHOT'], ['SWIN'], ['OPINL'], ['APDN'], ['PWM', 'HROWM']]
2025-10-12 22:20:09 - Errors for symbols: [['SHOT'], ['SWIN'], ['OPINL'], ['APDN'], ['PWM', 'HROWM']]
2025-10-12 22:25:09 - Errors for symbols: [['SHOT'], ['SWIN'], ['OPINL'], ['APDN'], ['PWM', 'HROWM']]
2025-10-12 22:30:10 - Errors for symbols: [['SHOT'], ['SWIN'], ['OPINL'], ['APDN'], ['PWM', 'HROWM']]
2025-10-12 22:35:08 - Errors for symbols: [['SHOT'], ['SWIN'], ['OPINL'], ['APDN'], ['PWM', 'HROWM']]
2025-10-12 22:40:09 - Errors for symbols: [['SHOT'], ['SWIN'], ['OPINL'], ['APDN'], ['PWM', 'HROWM']]
2025-10-12 22:45:10 - Errors for symbols: [['SHOT'], ['SWIN'], ['OPINL'], ['APDN'], ['PWM', 'HROWM']]
2025-10-12 22:50:09 - Errors for symbols: [['SHOT'], ['SWIN'], ['OPINL'], ['APDN'], ['PWM', 'HROWM']]
2025-10-12 22:55:09 - Errors for symbols: [['SHOT'], ['SWIN'], ['OPINL'], ['APDN'], ['PWM', 'HROWM']]
2025-10-12 23:00:09 - Errors for symbols: [['SHOT'], ['SWIN'], ['OPINL'], ['APDN'], ['PWM', 'HROWM']]
2025-10-12 23:05:10 - Errors for symbols: [['SHOT'], ['SWIN'], ['OPINL'], ['APDN'], ['PWM', 'HROWM']]
2025-10-12 23:10:10 - Errors for symbols: [['SHOT'], ['SWIN'], ['OPINL'], ['APDN'], ['PWM', 'HROWM']]
2025-10-12 23:15:10 - Errors for symbols: [['SHOT'], ['SWIN'], ['OPINL'], ['APDN'], ['PWM', 'HROWM']]
2025-10-12 23:20:10 - Errors for symbols: [['SHOT'], ['SWIN'], ['OPINL'], ['APDN'], ['PWM', 'HROWM']]
2025-10-12 23:25:10 - Errors for symbols: [['SHOT'], ['SWIN'], ['OPINL'], ['APDN'], ['PWM', 'HROWM']]
2025-10-12 23:30:09 - Errors for symbols: [['SHOT'], ['SWIN'], ['OPINL'], ['APDN'], ['PWM', 'HROWM']]
2025-10-12 23:35:10 - Errors for symbols: [['SHOT'], ['SWIN'], ['OPINL'], ['APDN'], ['PWM', 'HROWM']]
2025-10-12 23:40:10 - Errors for symbols: [['SHOT'], ['SWIN'], ['OPINL'], ['APDN'], ['PWM', 'HROWM']]
2025-10-12 23:45:09 - Errors for symbols: [['SHOT'], ['SWIN'], ['OPINL'], ['APDN'], ['PWM', 'HROWM']]
2025-10-12 23:50:08 - Errors for symbols: [['SHOT'], ['SWIN'], ['OPINL'], ['APDN'], ['PWM', 'HROWM']]
2025-10-12 23:55:09 - Errors for symbols: [['SHOT'], ['SWIN'], ['OPINL'], ['APDN'], ['PWM', 'HROWM']]
2025-10-13 00:00:09 - Errors for symbols: [['SHOT'], ['SWIN'], ['OPINL'], ['APDN'], ['PWM', 'HROWM']]
2025-10-13 00:05:09 - Errors for symbols: [['SHOT'], ['SWIN'], ['OPINL'], ['APDN'], ['PWM', 'HROWM']]
2025-10-13 00:10:09 - Errors for symbols: [['SHOT'], ['SWIN'], ['OPINL'], ['APDN'], ['PWM', 'HROWM']]
2025-10-13 00:15:10 - Errors for symbols: [['SHOT'], ['SWIN'], ['OPINL'], ['APDN'], ['PWM', 'HROWM']]
2025-10-13 00:20:09 - Errors for symbols: [['SHOT'], ['SWIN'], ['OPINL'], ['APDN'], ['PWM', 'HROWM']]
2025-10-13 00:25:09 - Errors for symbols: [['SHOT'], ['SWIN'], ['OPINL'], ['APDN'], ['PWM', 'HROWM']]
2025-10-13 00:30:08 - Errors for symbols: [['SHOT'], ['SWIN'], ['OPINL'], ['APDN'], ['PWM', 'HROWM']]
2025-10-13 00:35:08 - Errors for symbols: [['SHOT'], ['SWIN'], ['OPINL'], ['APDN'], ['PWM', 'HROWM']]
2025-10-13 00:40:09 - Errors for symbols: [['SHOT'], ['SWIN'], ['OPINL'], ['APDN'], ['PWM', 'HROWM']]
2025-10-13 00:45:08 - Errors for symbols: [['SHOT'], ['SWIN'], ['OPINL'], ['APDN'], ['PWM', 'HROWM']]
2025-10-13 00:50:10 - Errors for symbols: [['SHOT'], ['SWIN'], ['OPINL'], ['APDN'], ['PWM', 'HROWM']]
2025-10-13 00:55:09 - Errors for symbols: [['SHOT'], ['SWIN'], ['OPINL'], ['APDN'], ['PWM', 'HROWM']]
2025-10-13 01:00:09 - Errors for symbols: [['SHOT'], ['SWIN'], ['OPINL'], ['APDN'], ['PWM', 'HROWM']]
2025-10-13 01:05:08 - Errors for symbols: [['SHOT'], ['SWIN'], ['OPINL'], ['APDN'], ['PWM', 'HROWM']]
2025-10-13 01:10:09 - Errors for symbols: [['SHOT'], ['SWIN'], ['OPINL'], ['APDN'], ['PWM', 'HROWM']]
2025-10-13 01:15:09 - Errors for symbols: [['SHOT'], ['SWIN'], ['OPINL'], ['APDN'], ['PWM', 'HROWM']]
2025-10-13 01:20:09 - Errors for symbols: [['SHOT'], ['SWIN'], ['OPINL'], ['APDN'], ['PWM', 'HROWM']]
2025-10-13 01:25:09 - Errors for symbols: [['SHOT'], ['SWIN'], ['OPINL'], ['APDN'], ['PWM', 'HROWM']]
2025-10-13 01:30:09 - Errors for symbols: [['SHOT'], ['SWIN'], ['OPINL'], ['APDN'], ['PWM', 'HROWM']]
2025-10-13 01:35:08 - Errors for symbols: [['SHOT'], ['SWIN'], ['OPINL'], ['APDN'], ['PWM', 'HROWM']]
2025-10-13 01:40:09 - Errors for symbols: [['SHOT'], ['SWIN'], ['OPINL'], ['APDN'], ['PWM', 'HROWM']]
2025-10-13 01:45:08 - Errors for symbols: [['SHOT'], ['SWIN'], ['OPINL'], ['APDN'], ['PWM', 'HROWM']]
2025-10-13 01:50:10 - Errors for symbols: [['SHOT'], ['SWIN'], ['OPINL'], ['APDN'], ['PWM', 'HROWM']]
2025-10-13 01:55:10 - Errors for symbols: [['SHOT'], ['SWIN'], ['OPINL'], ['APDN'], ['PWM', 'HROWM']]
2025-10-13 02:00:10 - Errors for symbols: [['SHOT'], ['SWIN'], ['OPINL'], ['APDN'], ['PWM', 'HROWM']]
2025-10-13 02:05:09 - Errors for symbols: [['SHOT'], ['SWIN'], ['OPINL'], ['APDN'], ['PWM', 'HROWM']]
2025-10-13 02:10:08 - Errors for symbols: [['SHOT'], ['SWIN'], ['OPINL'], ['APDN'], ['PWM', 'HROWM']]
2025-10-13 02:15:08 - Errors for symbols: [['SHOT'], ['SWIN'], ['OPINL'], ['APDN'], ['PWM', 'HROWM']]
2025-10-13 02:20:08 - Errors for symbols: [['SHOT'], ['SWIN'], ['OPINL'], ['APDN'], ['PWM', 'HROWM']]
2025-10-13 02:25:10 - Errors for symbols: [['SHOT'], ['SWIN'], ['OPINL'], ['APDN'], ['PWM', 'HROWM']]
2025-10-13 02:30:08 - Errors for symbols: [['SHOT'], ['SWIN'], ['OPINL'], ['APDN'], ['PWM', 'HROWM']]
2025-10-13 02:35:08 - Errors for symbols: [['SHOT'], ['SWIN'], ['OPINL'], ['APDN'], ['PWM', 'HROWM']]
2025-10-13 02:40:09 - Errors for symbols: [['SHOT'], ['SWIN'], ['OPINL'], ['APDN'], ['PWM', 'HROWM']]
2025-10-13 02:45:09 - Errors for symbols: [['SHOT'], ['SWIN'], ['OPINL'], ['APDN'], ['PWM', 'HROWM']]
2025-10-13 02:50:09 - Errors for symbols: [['SHOT'], ['SWIN'], ['OPINL'], ['APDN'], ['PWM', 'HROWM']]
2025-10-13 02:55:08 - Errors for symbols: [['SHOT'], ['SWIN'], ['OPINL'], ['APDN'], ['PWM', 'HROWM']]
2025-10-13 03:00:10 - Errors for symbols: [['SHOT'], ['SWIN'], ['OPINL'], ['APDN'], ['PWM', 'HROWM']]
2025-10-13 03:05:08 - Errors for symbols: [['SHOT'], ['SWIN'], ['OPINL'], ['APDN'], ['PWM', 'HROWM']]
2025-10-13 03:10:09 - Errors for symbols: [['SHOT'], ['SWIN'], ['OPINL'], ['APDN'], ['PWM', 'HROWM']]
2025-10-13 03:15:08 - Errors for symbols: [['SHOT'], ['SWIN'], ['OPINL'], ['APDN'], ['PWM', 'HROWM']]
2025-10-13 03:20:09 - Errors for symbols: [['SHOT'], ['SWIN'], ['OPINL'], ['APDN'], ['PWM', 'HROWM']]
2025-10-13 03:25:09 - Errors for symbols: [['SHOT'], ['SWIN'], ['OPINL'], ['APDN'], ['PWM', 'HROWM']]
2025-10-13 03:30:09 - Errors for symbols: [['SHOT'], ['SWIN'], ['OPINL'], ['APDN'], ['PWM', 'HROWM']]
2025-10-13 03:35:10 - Errors for symbols: [['SHOT'], ['SWIN'], ['OPINL'], ['APDN'], ['PWM', 'HROWM']]
2025-10-13 03:40:09 - Errors for symbols: [['SHOT'], ['SWIN'], ['OPINL'], ['APDN'], ['PWM', 'HROWM']]
2025-10-13 03:45:08 - Errors for symbols: [['SHOT'], ['SWIN'], ['OPINL'], ['APDN'], ['PWM', 'HROWM']]
2025-10-13 03:50:09 - Errors for symbols: [['SHOT'], ['SWIN'], ['OPINL'], ['APDN'], ['PWM', 'HROWM']]
2025-10-13 03:55:08 - Errors for symbols: [['SHOT'], ['SWIN'], ['OPINL'], ['APDN'], ['PWM', 'HROWM']]
2025-10-13 04:00:08 - Errors for symbols: [['SHOT'], ['SWIN'], ['OPINL'], ['APDN'], ['PWM', 'HROWM']]
2025-10-13 04:05:09 - Errors for symbols: [['SHOT'], ['SWIN'], ['OPINL'], ['APDN'], ['PWM', 'HROWM']]
2025-10-13 04:10:10 - Errors for symbols: [['SHOT'], ['SWIN'], ['OPINL'], ['APDN'], ['PWM', 'HROWM']]
2025-10-13 04:15:10 - Errors for symbols: [['SHOT'], ['SWIN'], ['OPINL'], ['APDN'], ['PWM', 'HROWM']]
2025-10-13 04:20:08 - Errors for symbols: [['SHOT'], ['SWIN'], ['OPINL'], ['APDN'], ['PWM', 'HROWM']]
2025-10-13 04:25:08 - Errors for symbols: [['SHOT'], ['SWIN'], ['OPINL'], ['APDN'], ['PWM', 'HROWM']]
2025-10-13 04:30:09 - Errors for symbols: [['SHOT'], ['SWIN'], ['OPINL'], ['APDN'], ['PWM', 'HROWM']]
2025-10-13 04:35:08 - Errors for symbols: [['SHOT'], ['SWIN'], ['OPINL'], ['APDN'], ['PWM', 'HROWM']]
2025-10-13 04:40:09 - Errors for symbols: [['SHOT'], ['SWIN'], ['OPINL', 'HROWL'], ['APDN', 'CSWCZ'], ['PWM', 'HROWM']]
2025-10-13 04:45:08 - Errors for symbols: [['SHOT'], ['SWIN'], ['OPINL', 'HROWL'], ['APDN', 'CSWCZ'], ['PWM', 'HROWM']]
2025-10-13 04:50:09 - Errors for symbols: [['SHOT'], ['SWIN'], ['OPINL', 'HROWL'], ['APDN', 'CSWCZ'], ['PWM', 'HROWM']]
2025-10-13 04:55:09 - Errors for symbols: [['SHOT'], ['SWIN'], ['OPINL', 'HROWL'], ['APDN', 'CSWCZ'], ['PWM', 'HROWM']]
2025-10-13 05:00:09 - Errors for symbols: [['SHOT'], ['SWIN'], ['OPINL', 'HROWL'], ['APDN', 'CSWCZ'], ['PWM', 'HROWM']]
2025-10-13 05:05:09 - Errors for symbols: [['SHOT'], ['SWIN'], ['OPINL', 'HROWL'], ['APDN', 'CSWCZ'], ['PWM', 'HROWM']]
2025-10-13 05:10:10 - Errors for symbols: [['SHOT'], ['SWIN'], ['OPINL', 'HROWL'], ['APDN', 'CSWCZ'], ['PWM', 'HROWM']]
2025-10-13 05:15:09 - Errors for symbols: [['SHOT'], ['SWIN'], ['OPINL', 'HROWL'], ['APDN', 'CSWCZ'], ['PWM', 'HROWM']]
2025-10-13 05:20:09 - Errors for symbols: [['SHOT'], ['SWIN'], ['OPINL', 'HROWL'], ['APDN', 'CSWCZ'], ['PWM', 'HROWM']]
2025-10-13 05:25:09 - Errors for symbols: [['SHOT'], ['SWIN'], ['OPINL', 'HROWL'], ['APDN', 'CSWCZ'], ['PWM', 'HROWM']]
2025-10-13 05:30:10 - Errors for symbols: [['SHOT'], ['SWIN'], ['OPINL', 'HROWL'], ['APDN', 'CSWCZ'], ['PWM', 'HROWM']]
2025-10-13 05:35:09 - Errors for symbols: [['SHOT'], ['SWIN'], ['OPINL', 'HROWL'], ['APDN', 'CSWCZ'], ['PWM', 'HROWM']]
2025-10-13 05:40:10 - Errors for symbols: [['SHOT'], ['SWIN'], ['OPINL', 'HROWL'], ['APDN', 'CSWCZ'], ['PWM', 'HROWM']]
2025-10-13 05:45:10 - Errors for symbols: [['SHOT'], ['SWIN'], ['OPINL', 'HROWL'], ['APDN', 'CSWCZ'], ['PWM', 'HROWM']]
2025-10-13 05:50:08 - Errors for symbols: [['SHOT'], ['SWIN'], ['OPINL', 'HROWL'], ['APDN', 'CSWCZ'], ['PWM', 'HROWM']]
2025-10-13 05:55:08 - Errors for symbols: [['SHOT'], ['SWIN'], ['OPINL', 'HROWL'], ['APDN', 'CSWCZ'], ['PWM', 'HROWM']]
2025-10-13 06:00:09 - Errors for symbols: [['SHOT'], ['SWIN'], ['OPINL', 'HROWL'], ['APDN', 'CSWCZ'], ['PWM', 'HROWM']]
2025-10-13 06:05:09 - Errors for symbols: [['SHOT'], ['SWIN'], ['OPINL', 'HROWL'], ['APDN', 'CSWCZ'], ['PWM', 'HROWM']]
2025-10-13 06:10:09 - Errors for symbols: [['SHOT'], ['SWIN'], ['OPINL', 'HROWL'], ['APDN', 'CSWCZ'], ['PWM', 'HROWM']]
2025-10-13 06:15:08 - Errors for symbols: [['SHOT'], ['SWIN'], ['OPINL', 'HROWL'], ['APDN', 'CSWCZ'], ['PWM', 'HROWM']]
2025-10-13 06:20:08 - Errors for symbols: [['SHOT'], ['SWIN'], ['OPINL', 'HROWL'], ['APDN', 'CSWCZ'], ['PWM', 'HROWM']]
2025-10-13 06:25:08 - Errors for symbols: [['SHOT'], ['SWIN'], ['OPINL', 'HROWL'], ['APDN', 'CSWCZ'], ['PWM', 'HROWM']]
2025-10-13 06:30:08 - Errors for symbols: [['SHOT'], ['SWIN'], ['OPINL', 'HROWL'], ['APDN', 'CSWCZ'], ['PWM', 'HROWM']]
2025-10-13 06:35:08 - Errors for symbols: [['SHOT'], ['SWIN'], ['OPINL', 'HROWL'], ['APDN', 'CSWCZ'], ['PWM', 'HROWM']]
2025-10-13 06:40:09 - Errors for symbols: [['SHOT'], ['SWIN'], ['OPINL', 'HROWL'], ['APDN', 'CSWCZ'], ['PWM', 'HROWM']]
2025-10-13 06:45:08 - Errors for symbols: [['SHOT'], ['SWIN'], ['OPINL', 'HROWL'], ['APDN', 'CSWCZ'], ['PWM', 'HROWM']]
2025-10-13 06:50:09 - Errors for symbols: [['SHOT'], ['SWIN'], ['OPINL', 'HROWL'], ['APDN', 'CSWCZ'], ['PWM', 'HROWM']]
2025-10-13 06:55:09 - Errors for symbols: [['SHOT'], ['SWIN'], ['OPINL', 'HROWL'], ['APDN', 'CSWCZ'], ['PWM', 'HROWM']]
2025-10-13 07:00:08 - Errors for symbols: [['SHOT'], ['SWIN'], ['OPINL', 'HROWL'], ['APDN', 'CSWCZ'], ['PWM', 'HROWM']]
2025-10-13 07:05:08 - Errors for symbols: [['SHOT'], ['SWIN'], ['OPINL', 'HROWL'], ['APDN', 'CSWCZ'], ['PWM', 'HROWM']]
2025-10-13 07:10:09 - Errors for symbols: [['SHOT'], ['SWIN'], ['OPINL', 'HROWL'], ['APDN', 'CSWCZ'], ['PWM', 'HROWM']]
2025-10-13 07:15:08 - Errors for symbols: [['SHOT'], ['SWIN'], ['OPINL', 'HROWL'], ['APDN', 'CSWCZ'], ['PWM', 'HROWM']]
2025-10-13 07:20:08 - Errors for symbols: [['SHOT'], ['SWIN'], ['OPINL', 'HROWL'], ['APDN', 'CSWCZ'], ['PWM', 'HROWM']]
2025-10-13 07:25:08 - Errors for symbols: [['SHOT'], ['SWIN'], ['OPINL', 'HROWL'], ['APDN', 'CSWCZ'], ['PWM', 'HROWM']]
2025-10-13 07:30:09 - Errors for symbols: [['SHOT'], ['SWIN'], ['OPINL', 'HROWL'], ['APDN', 'CSWCZ'], ['PWM', 'HROWM']]
2025-10-13 07:35:08 - Errors for symbols: [['SHOT'], ['SWIN'], ['OPINL', 'HROWL'], ['APDN', 'CSWCZ'], ['PWM', 'HROWM']]
2025-10-13 07:40:10 - Errors for symbols: [['SHOT'], ['SWIN'], ['OPINL', 'HROWL'], ['APDN', 'CSWCZ'], ['PWM', 'HROWM']]
2025-10-13 07:45:08 - Errors for symbols: [['SHOT'], ['SWIN'], ['OPINL', 'HROWL'], ['APDN', 'CSWCZ'], ['PWM', 'HROWM']]
2025-10-13 07:50:09 - Errors for symbols: [['SHOT'], ['SWIN'], ['OPINL', 'HROWL'], ['APDN', 'CSWCZ'], ['PWM', 'HROWM']]
2025-10-13 07:55:08 - Errors for symbols: [['SHOT'], ['SWIN'], ['OPINL', 'HROWL'], ['APDN', 'CSWCZ'], ['PWM', 'HROWM']]
2025-10-13 08:00:08 - Errors for symbols: [['SHOT'], ['SWIN'], ['OPINL', 'HROWL'], ['APDN', 'CSWCZ'], ['PWM', 'HROWM']]
2025-10-13 08:05:09 - Errors for symbols: [['SHOT'], ['SWIN'], ['OPINL', 'HROWL'], ['APDN', 'CSWCZ'], ['PWM', 'HROWM']]
2025-10-13 08:10:10 - Errors for symbols: [['SHOT'], ['SWIN'], ['OPINL', 'HROWL'], ['APDN', 'CSWCZ'], ['PWM', 'HROWM']]
2025-10-13 08:15:09 - Errors for symbols: [['SHOT'], ['SWIN'], ['OPINL', 'HROWL'], ['APDN', 'CSWCZ'], ['PWM', 'HROWM']]
2025-10-13 08:20:09 - Errors for symbols: [['SHOT'], ['SWIN'], ['OPINL', 'HROWL'], ['APDN', 'CSWCZ'], ['PWM', 'HROWM']]
2025-10-13 08:25:09 - Errors for symbols: [['SHOT'], ['SWIN'], ['OPINL', 'HROWL'], ['APDN', 'CSWCZ'], ['PWM', 'HROWM']]
2025-10-13 08:30:09 - Errors for symbols: [['SHOT'], ['SWIN'], ['OPINL', 'HROWL'], ['APDN', 'CSWCZ'], ['PWM', 'HROWM']]
2025-10-13 08:35:08 - Errors for symbols: [['SHOT'], ['SWIN'], ['OPINL', 'HROWL'], ['APDN', 'CSWCZ'], ['PWM', 'HROWM']]
2025-10-13 08:40:11 - Errors for symbols: [['SHOT'], ['SWIN'], ['OPINL', 'HROWL'], ['APDN', 'CSWCZ'], ['PWM', 'HROWM']]
2025-10-13 08:45:10 - Errors for symbols: [['SHOT'], ['SWIN'], ['OPINL', 'HROWL'], ['APDN', 'CSWCZ'], ['PWM', 'HROWM']]
2025-10-13 08:50:11 - Errors for symbols: [['SHOT'], ['SWIN'], ['OPINL', 'HROWL'], ['APDN', 'CSWCZ'], ['PWM', 'HROWM']]
2025-10-13 08:55:10 - Errors for symbols: [['SHOT'], ['SWIN'], ['OPINL', 'HROWL'], ['APDN', 'CSWCZ'], ['PWM', 'HROWM']]
2025-10-13 09:00:09 - Errors for symbols: [['SHOT'], ['SWIN'], ['OPINL', 'HROWL'], ['APDN', 'CSWCZ'], ['PWM', 'HROWM']]
2025-10-13 09:05:08 - Errors for symbols: [['SHOT'], ['SWIN'], ['OPINL', 'HROWL'], ['APDN', 'CSWCZ'], ['PWM', 'HROWM']]
2025-10-13 09:10:09 - Errors for symbols: [['SHOT'], ['SWIN'], ['OPINL', 'HROWL'], ['APDN', 'CSWCZ'], ['PWM', 'HROWM']]
2025-10-13 09:15:08 - Errors for symbols: [['SHOT'], ['SWIN'], ['OPINL', 'HROWL'], ['APDN', 'CSWCZ'], ['PWM', 'HROWM']]
2025-10-13 09:20:09 - Errors for symbols: [['SHOT'], ['SWIN'], ['OPINL', 'HROWL'], ['APDN', 'CSWCZ'], ['PWM', 'HROWM']]
2025-10-13 09:25:08 - Errors for symbols: [['SHOT'], ['SWIN'], ['OPINL', 'HROWL'], ['APDN', 'CSWCZ'], ['PWM', 'HROWM']]
2025-10-13 09:30:08 - Errors for symbols: [['SHOT'], ['SWIN'], ['OPINL', 'HROWL'], ['APDN', 'CSWCZ'], ['PWM', 'HROWM']]
2025-10-13 09:35:09 - Errors for symbols: [['SHOT'], ['SWIN'], ['OPINL', 'HROWL'], ['APDN', 'CSWCZ'], ['PWM', 'HROWM']]
2025-10-13 09:40:10 - Errors for symbols: [['SHOT'], ['SWIN'], ['OPINL', 'HROWL'], ['APDN', 'CSWCZ'], ['PWM', 'HROWM']]
2025-10-13 09:45:09 - Errors for symbols: [['SHOT'], ['SWIN'], ['OPINL', 'HROWL'], ['APDN', 'CSWCZ'], ['PWM', 'HROWM']]
2025-10-13 09:50:09 - Errors for symbols: [['SHOT'], ['SWIN'], ['OPINL', 'HROWL'], ['APDN', 'CSWCZ'], ['PWM', 'HROWM']]
2025-10-13 09:55:09 - Errors for symbols: [['SHOT'], ['SWIN'], ['OPINL', 'HROWL'], ['APDN', 'CSWCZ'], ['PWM', 'HROWM']]
2025-10-13 10:00:09 - Errors for symbols: [['SHOT'], ['SWIN'], ['OPINL', 'HROWL'], ['APDN', 'CSWCZ'], ['PWM', 'HROWM']]
2025-10-13 10:05:08 - Errors for symbols: [['SHOT'], ['SWIN'], ['OPINL', 'HROWL'], ['APDN', 'CSWCZ'], ['PWM', 'HROWM']]
2025-10-13 10:10:09 - Errors for symbols: [['SHOT'], ['SWIN'], ['OPINL', 'HROWL'], ['APDN', 'CSWCZ'], ['PWM', 'HROWM']]
2025-10-13 10:15:09 - Errors for symbols: [['SHOT'], ['SWIN'], ['OPINL', 'HROWL'], ['APDN', 'CSWCZ'], ['PWM', 'HROWM']]
2025-10-13 10:20:08 - Errors for symbols: [['SHOT'], ['SWIN'], ['OPINL', 'HROWL'], ['APDN', 'CSWCZ'], ['PWM', 'HROWM']]
2025-10-13 10:25:09 - Errors for symbols: [['SHOT'], ['SWIN'], ['OPINL', 'HROWL'], ['APDN', 'CSWCZ'], ['PWM', 'HROWM']]
2025-10-13 10:30:09 - Errors for symbols: [['SHOT'], ['SWIN'], ['OPINL', 'HROWL'], ['APDN', 'CSWCZ'], ['PWM', 'HROWM']]
2025-10-13 10:35:09 - Errors for symbols: [['SHOT'], ['SWIN'], ['OPINL', 'HROWL'], ['APDN', 'CSWCZ'], ['PWM', 'HROWM']]
2025-10-13 10:40:09 - Errors for symbols: [['SHOT'], ['SWIN'], ['OPINL', 'HROWL'], ['APDN', 'CSWCZ'], ['PWM', 'HROWM']]
2025-10-13 10:45:08 - Errors for symbols: [['SHOT'], ['SWIN'], ['OPINL', 'HROWL'], ['APDN', 'CSWCZ'], ['PWM', 'HROWM']]
2025-10-13 10:50:09 - Errors for symbols: [['SHOT'], ['SWIN'], ['OPINL', 'HROWL'], ['APDN', 'CSWCZ'], ['PWM', 'HROWM']]
2025-10-13 10:55:10 - Errors for symbols: [['SHOT'], ['SWIN'], ['OPINL', 'HROWL'], ['APDN', 'CSWCZ'], ['PWM', 'HROWM']]
2025-10-13 11:00:08 - Errors for symbols: [['SHOT'], ['SWIN'], ['OPINL', 'HROWL'], ['APDN', 'CSWCZ'], ['PWM', 'HROWM']]
2025-10-13 11:05:08 - Errors for symbols: [['SHOT'], ['SWIN'], ['OPINL', 'HROWL'], ['APDN', 'CSWCZ'], ['PWM', 'HROWM']]
2025-10-13 11:10:09 - Errors for symbols: [['SHOT'], ['SWIN'], ['OPINL', 'HROWL'], ['APDN', 'CSWCZ'], ['PWM', 'HROWM']]
2025-10-13 11:15:09 - Errors for symbols: [['SHOT'], ['SWIN'], ['OPINL', 'HROWL'], ['APDN', 'CSWCZ'], ['PWM', 'HROWM']]
2025-10-13 11:20:08 - Errors for symbols: [['SHOT'], ['SWIN'], ['OPINL', 'HROWL'], ['APDN', 'CSWCZ'], ['PWM', 'HROWM']]
2025-10-13 11:25:09 - Errors for symbols: [['SHOT'], ['SWIN'], ['OPINL', 'HROWL'], ['APDN', 'CSWCZ'], ['PWM', 'HROWM']]
2025-10-13 11:30:09 - Errors for symbols: [['SHOT'], ['SWIN'], ['OPINL', 'HROWL'], ['APDN', 'CSWCZ'], ['PWM', 'HROWM']]
2025-10-13 11:35:10 - Errors for symbols: [['SHOT'], ['SWIN'], ['OPINL', 'HROWL'], ['APDN', 'CSWCZ'], ['PWM', 'HROWM']]
2025-10-13 11:40:10 - Errors for symbols: [['SHOT'], ['SWIN'], ['OPINL', 'HROWL'], ['APDN', 'CSWCZ'], ['PWM', 'HROWM']]
2025-10-13 11:45:10 - Errors for symbols: [['SHOT'], ['SWIN'], ['OPINL', 'HROWL'], ['APDN', 'CSWCZ'], ['PWM', 'HROWM']]
2025-10-13 11:50:09 - Errors for symbols: [['SHOT'], ['SWIN'], ['OPINL', 'HROWL'], ['APDN', 'CSWCZ'], ['PWM', 'HROWM']]
2025-10-13 11:55:08 - Errors for symbols: [['SHOT'], ['SWIN'], ['OPINL', 'HROWL'], ['APDN', 'CSWCZ'], ['PWM', 'HROWM']]
2025-10-13 12:00:09 - Errors for symbols: [['SHOT'], ['SWIN'], ['OPINL', 'HROWL'], ['APDN', 'CSWCZ'], ['PWM', 'HROWM']]
2025-10-13 12:05:09 - Errors for symbols: [['SHOT'], ['SWIN'], ['OPINL', 'HROWL'], ['APDN', 'CSWCZ'], ['PWM', 'HROWM']]
2025-10-13 12:10:09 - Errors for symbols: [['SHOT'], ['SWIN'], ['OPINL', 'HROWL'], ['APDN', 'CSWCZ'], ['PWM', 'HROWM']]
2025-10-13 12:15:09 - Errors for symbols: [['SHOT'], ['SWIN'], ['OPINL', 'HROWL'], ['APDN', 'CSWCZ'], ['PWM', 'HROWM']]
2025-10-13 12:20:09 - Errors for symbols: [['SHOT'], ['SWIN'], ['OPINL', 'HROWL'], ['APDN', 'CSWCZ'], ['PWM', 'HROWM']]
2025-10-13 12:25:09 - Errors for symbols: [['SHOT'], ['SWIN'], ['OPINL', 'HROWL'], ['APDN', 'CSWCZ'], ['PWM', 'HROWM']]
2025-10-13 12:30:09 - Errors for symbols: [['SHOT'], ['SWIN'], ['OPINL', 'HROWL'], ['APDN', 'CSWCZ'], ['PWM', 'HROWM']]
2025-10-13 12:35:09 - Errors for symbols: [['SHOT'], ['SWIN'], ['OPINL', 'HROWL'], ['APDN', 'CSWCZ'], ['PWM', 'HROWM']]
2025-10-13 12:40:10 - Errors for symbols: [['SHOT'], ['SWIN'], ['OPINL', 'HROWL'], ['APDN', 'CSWCZ'], ['PWM', 'HROWM']]
2025-10-13 12:45:09 - Errors for symbols: [['SHOT'], ['SWIN'], ['OPINL', 'HROWL'], ['APDN', 'CSWCZ'], ['PWM', 'HROWM']]
2025-10-13 12:50:10 - Errors for symbols: [['SHOT'], ['SWIN'], ['OPINL', 'HROWL'], ['APDN', 'CSWCZ'], ['PWM', 'HROWM']]
2025-10-13 12:55:09 - Errors for symbols: [['SHOT'], ['SWIN'], ['OPINL', 'HROWL'], ['APDN', 'CSWCZ'], ['PWM', 'HROWM']]
2025-10-13 13:00:09 - Errors for symbols: [['SHOT'], ['SWIN'], ['OPINL', 'HROWL'], ['APDN', 'CSWCZ'], ['PWM', 'HROWM']]
2025-10-13 13:05:09 - Errors for symbols: [['SHOT'], ['SWIN'], ['OPINL', 'HROWL'], ['APDN', 'CSWCZ'], ['PWM', 'HROWM']]
2025-10-13 13:10:10 - Errors for symbols: [['SHOT'], ['SWIN'], ['OPINL', 'HROWL'], ['APDN', 'CSWCZ'], ['PWM', 'HROWM']]
2025-10-13 13:15:10 - Errors for symbols: [['SHOT'], ['SWIN'], ['OPINL', 'HROWL'], ['APDN', 'CSWCZ'], ['PWM', 'HROWM']]
2025-10-13 13:20:09 - Errors for symbols: [['SHOT'], ['SWIN'], ['OPINL', 'HROWL'], ['APDN', 'CSWCZ'], ['PWM', 'HROWM']]
2025-10-13 13:25:09 - Errors for symbols: [['SHOT'], ['SWIN'], ['OPINL', 'HROWL'], ['APDN', 'CSWCZ'], ['PWM', 'HROWM']]
2025-10-13 13:30:08 - Errors for symbols: [['SHOT'], ['SWIN'], ['OPINL', 'HROWL'], ['APDN', 'CSWCZ'], ['PWM', 'HROWM']]
2025-10-13 13:35:09 - Errors for symbols: [['SHOT'], ['SWIN'], ['OPINL', 'HROWL'], ['APDN', 'CSWCZ'], ['PWM', 'HROWM']]
2025-10-13 13:40:09 - Errors for symbols: [['SHOT'], ['SWIN'], ['OPINL', 'HROWL'], ['APDN', 'CSWCZ'], ['PWM', 'HROWM']]
2025-10-13 13:45:10 - Errors for symbols: [['SHOT'], ['SWIN'], ['OPINL', 'HROWL'], ['APDN', 'CSWCZ'], ['PWM', 'HROWM']]
2025-10-13 13:50:08 - Errors for symbols: [['SHOT'], ['SWIN'], ['OPINL', 'HROWL'], ['APDN', 'CSWCZ'], ['PWM', 'HROWM']]
2025-10-13 13:55:08 - Errors for symbols: [['SHOT'], ['SWIN'], ['OPINL', 'HROWL'], ['APDN', 'CSWCZ'], ['PWM', 'HROWM']]
2025-10-13 14:00:09 - Errors for symbols: [['SHOT'], ['SWIN'], ['OPINL', 'HROWL'], ['APDN', 'CSWCZ'], ['PWM', 'HROWM']]
2025-10-13 14:05:08 - Errors for symbols: [['SHOT'], ['SWIN'], ['OPINL', 'HROWL'], ['APDN', 'CSWCZ'], ['PWM', 'HROWM']]
2025-10-13 14:10:10 - Errors for symbols: [['SHOT'], ['SWIN'], ['OPINL', 'HROWL'], ['APDN', 'CSWCZ'], ['PWM', 'HROWM']]
2025-10-13 14:15:09 - Errors for symbols: [['SHOT'], ['SWIN'], ['OPINL', 'HROWL'], ['APDN', 'CSWCZ'], ['PWM', 'HROWM']]
2025-10-13 14:20:08 - Errors for symbols: [['SHOT'], ['SWIN'], ['OPINL', 'HROWL'], ['APDN', 'CSWCZ'], ['PWM', 'HROWM']]
2025-10-13 14:25:08 - Errors for symbols: [['SHOT'], ['SWIN'], ['OPINL', 'HROWL'], ['APDN', 'CSWCZ'], ['PWM', 'HROWM']]
2025-10-13 14:30:08 - Errors for symbols: [['SHOT'], ['SWIN'], ['OPINL', 'HROWL'], ['APDN', 'CSWCZ'], ['PWM', 'HROWM']]
2025-10-13 14:35:09 - Errors for symbols: [['SHOT'], ['SWIN'], ['OPINL', 'HROWL'], ['APDN', 'CSWCZ'], ['PWM', 'HROWM']]
2025-10-13 14:40:09 - Errors for symbols: [['SHOT'], ['SWIN'], ['OPINL', 'HROWL'], ['APDN', 'CSWCZ'], ['PWM', 'HROWM']]
2025-10-13 14:45:08 - Errors for symbols: [['SHOT'], ['SWIN'], ['OPINL', 'HROWL'], ['APDN', 'CSWCZ'], ['PWM', 'HROWM']]
2025-10-13 14:50:09 - Errors for symbols: [['SHOT'], ['SWIN'], ['OPINL', 'HROWL'], ['APDN', 'CSWCZ'], ['PWM', 'HROWM']]
2025-10-13 14:55:09 - Errors for symbols: [['SHOT'], ['SWIN'], ['OPINL', 'HROWL'], ['APDN', 'CSWCZ'], ['PWM', 'HROWM']]
2025-10-13 15:00:09 - Errors for symbols: [['SHOT'], ['SWIN'], ['OPINL', 'HROWL'], ['APDN', 'CSWCZ'], ['PWM', 'HROWM']]
2025-10-13 15:05:08 - Errors for symbols: [['SHOT'], ['SWIN'], ['OPINL', 'HROWL'], ['APDN', 'CSWCZ'], ['PWM', 'HROWM']]
2025-10-13 15:10:09 - Errors for symbols: [['SHOT'], ['SWIN'], ['OPINL', 'HROWL'], ['APDN', 'CSWCZ'], ['PWM', 'HROWM']]
2025-10-13 15:15:09 - Errors for symbols: [['SHOT'], ['SWIN'], ['OPINL', 'HROWL'], ['APDN', 'CSWCZ'], ['PWM', 'HROWM']]
2025-10-13 15:20:10 - Errors for symbols: [['SHOT'], ['SWIN'], ['OPINL', 'HROWL'], ['APDN', 'CSWCZ'], ['PWM', 'HROWM']]
2025-10-13 15:25:08 - Errors for symbols: [['SHOT'], ['SWIN'], ['OPINL', 'HROWL'], ['APDN', 'CSWCZ'], ['PWM', 'HROWM']]
2025-10-13 15:30:08 - Errors for symbols: [['SHOT'], ['SWIN'], ['OPINL', 'HROWL'], ['APDN', 'CSWCZ'], ['PWM', 'HROWM']]
2025-10-13 15:35:09 - Errors for symbols: [['SHOT'], ['SWIN'], ['OPINL', 'HROWL'], ['APDN', 'CSWCZ'], ['PWM', 'HROWM']]
2025-10-13 15:40:10 - Errors for symbols: [['SHOT'], ['SWIN'], ['OPINL', 'HROWL'], ['APDN', 'CSWCZ'], ['PWM', 'HROWM']]
2025-10-13 15:45:10 - Errors for symbols: [['SHOT'], ['SWIN'], ['OPINL', 'HROWL'], ['APDN', 'CSWCZ'], ['PWM', 'HROWM']]
2025-10-13 15:50:09 - Errors for symbols: [['SHOT'], ['SWIN'], ['OPINL', 'HROWL'], ['APDN', 'CSWCZ'], ['PWM', 'HROWM']]
2025-10-13 15:55:09 - Errors for symbols: [['SHOT'], ['SWIN'], ['OPINL', 'HROWL'], ['APDN', 'CSWCZ'], ['PWM', 'HROWM']]
2025-10-13 16:00:09 - Errors for symbols: [['SHOT'], ['SWIN'], ['OPINL', 'HROWL'], ['APDN', 'CSWCZ'], ['PWM', 'HROWM']]
2025-10-13 16:05:09 - Errors for symbols: [['SHOT'], ['SWIN'], ['OPINL', 'HROWL'], ['APDN', 'CSWCZ'], ['PWM', 'HROWM']]
2025-10-13 16:10:09 - Errors for symbols: [['SHOT'], ['SWIN'], ['OPINL', 'HROWL'], ['APDN', 'CSWCZ'], ['PWM', 'HROWM']]
2025-10-13 16:15:09 - Errors for symbols: [['SHOT'], ['SWIN'], ['OPINL', 'HROWL'], ['APDN', 'CSWCZ'], ['PWM', 'HROWM']]
2025-10-13 16:20:09 - Errors for symbols: [['SHOT'], ['SWIN'], ['OPINL', 'HROWL'], ['APDN', 'CSWCZ'], ['PWM', 'HROWM']]
2025-10-13 16:25:08 - Errors for symbols: [['SHOT'], ['SWIN'], ['OPINL', 'HROWL'], ['APDN', 'CSWCZ'], ['PWM', 'HROWM']]
2025-10-13 16:30:09 - Errors for symbols: [['SHOT'], ['SWIN'], ['OPINL', 'HROWL'], ['APDN', 'CSWCZ'], ['PWM', 'HROWM']]
2025-10-13 16:35:09 - Errors for symbols: [['SHOT'], ['SWIN'], ['OPINL', 'HROWL'], ['APDN', 'CSWCZ'], ['PWM', 'HROWM']]
2025-10-13 16:40:09 - Errors for symbols: [['SHOT'], ['SWIN'], ['OPINL', 'HROWL'], ['APDN', 'CSWCZ'], ['PWM', 'HROWM']]
2025-10-13 16:45:09 - Errors for symbols: [['SHOT'], ['SWIN'], ['OPINL', 'HROWL'], ['APDN', 'CSWCZ'], ['PWM', 'HROWM']]
2025-10-13 16:50:09 - Errors for symbols: [['SHOT'], ['SWIN'], ['OPINL', 'HROWL'], ['APDN', 'CSWCZ'], ['PWM', 'HROWM']]
2025-10-13 16:55:09 - Errors for symbols: [['SHOT'], ['SWIN'], ['OPINL', 'HROWL'], ['APDN', 'CSWCZ'], ['PWM', 'HROWM']]
2025-10-13 17:00:09 - Errors for symbols: [['SHOT'], ['SWIN'], ['OPINL', 'HROWL'], ['APDN', 'CSWCZ'], ['PWM', 'HROWM']]
2025-10-13 17:05:09 - Errors for symbols: [['SHOT'], ['SWIN'], ['OPINL', 'HROWL'], ['APDN', 'CSWCZ'], ['PWM', 'HROWM']]
2025-10-13 17:10:09 - Errors for symbols: [['SHOT'], ['SWIN'], ['OPINL', 'HROWL'], ['APDN', 'CSWCZ'], ['PWM', 'HROWM']]
2025-10-13 17:15:09 - Errors for symbols: [['SHOT'], ['SWIN'], ['OPINL', 'HROWL'], ['APDN', 'CSWCZ'], ['PWM', 'HROWM']]
2025-10-13 17:20:09 - Errors for symbols: [['SHOT'], ['SWIN'], ['OPINL', 'HROWL'], ['APDN', 'CSWCZ'], ['PWM', 'HROWM']]
2025-10-13 17:25:09 - Errors for symbols: [['SHOT'], ['SWIN'], ['OPINL', 'HROWL'], ['APDN', 'CSWCZ'], ['PWM', 'HROWM']]
2025-10-13 17:30:09 - Errors for symbols: [['SHOT'], ['SWIN'], ['OPINL', 'HROWL'], ['APDN', 'CSWCZ'], ['PWM', 'HROWM']]
2025-10-13 17:35:09 - Errors for symbols: [['SHOT'], ['SWIN'], ['OPINL', 'HROWL'], ['APDN', 'CSWCZ'], ['PWM', 'HROWM']]
2025-10-13 17:40:10 - Errors for symbols: [['SHOT'], ['SWIN'], ['OPINL', 'HROWL'], ['APDN', 'CSWCZ'], ['PWM', 'HROWM']]
2025-10-13 17:45:10 - Errors for symbols: [['SHOT'], ['SWIN'], ['OPINL', 'HROWL'], ['APDN', 'CSWCZ'], ['PWM', 'HROWM']]
2025-10-13 17:50:08 - Errors for symbols: [['SHOT'], ['SWIN'], ['OPINL', 'HROWL'], ['APDN', 'CSWCZ'], ['PWM', 'HROWM']]
2025-10-13 17:55:10 - Errors for symbols: [['SHOT'], ['SWIN'], ['OPINL', 'HROWL'], ['APDN', 'CSWCZ'], ['PWM', 'HROWM']]
2025-10-13 18:00:09 - Errors for symbols: [['SHOT'], ['SWIN'], ['OPINL', 'HROWL'], ['APDN', 'CSWCZ'], ['PWM', 'HROWM']]
2025-10-13 18:05:10 - Errors for symbols: [['SHOT'], ['SWIN'], ['OPINL', 'HROWL'], ['APDN', 'CSWCZ'], ['PWM', 'HROWM']]
2025-10-13 18:10:10 - Errors for symbols: [['SHOT'], ['SWIN'], ['OPINL', 'HROWL'], ['APDN', 'CSWCZ'], ['PWM', 'HROWM']]
2025-10-13 18:15:10 - Errors for symbols: [['SHOT'], ['SWIN'], ['OPINL', 'HROWL'], ['APDN', 'CSWCZ'], ['PWM', 'HROWM']]
2025-10-13 18:20:09 - Errors for symbols: [['SHOT'], ['SWIN'], ['OPINL', 'HROWL'], ['APDN', 'CSWCZ'], ['PWM', 'HROWM']]
2025-10-13 18:25:09 - Errors for symbols: [['SHOT'], ['SWIN'], ['OPINL', 'HROWL'], ['APDN', 'CSWCZ'], ['PWM', 'HROWM']]
2025-10-13 18:30:13 - Errors for symbols: [['SHOT'], ['SWIN'], ['OPINL', 'HROWL'], ['APDN', 'CSWCZ'], ['PWM', 'HROWM']]
2025-10-13 18:35:09 - Errors for symbols: [['SHOT'], ['SWIN'], ['OPINL', 'HROWL'], ['APDN', 'CSWCZ'], ['PWM', 'HROWM']]
2025-10-13 18:40:10 - Errors for symbols: [['SHOT'], ['SWIN'], ['OPINL', 'HROWL'], ['APDN', 'CSWCZ'], ['PWM', 'HROWM']]
2025-10-13 18:45:08 - Errors for symbols: [['SHOT'], ['SWIN'], ['OPINL', 'HROWL'], ['APDN', 'CSWCZ'], ['PWM', 'HROWM']]
2025-10-13 18:50:11 - Errors for symbols: [['SHOT'], ['SWIN'], ['OPINL', 'HROWL'], ['APDN', 'CSWCZ'], ['PWM', 'HROWM']]
2025-10-13 18:55:10 - Errors for symbols: [['SHOT'], ['SWIN'], ['OPINL', 'HROWL'], ['APDN', 'CSWCZ'], ['PWM', 'HROWM']]
2025-10-13 19:00:10 - Errors for symbols: [['SHOT'], ['SWIN'], ['OPINL', 'HROWL'], ['APDN', 'CSWCZ'], ['PWM', 'HROWM']]
2025-10-13 19:05:09 - Errors for symbols: [['SHOT'], ['SWIN'], ['OPINL', 'HROWL'], ['APDN', 'CSWCZ'], ['PWM', 'HROWM']]
2025-10-13 19:10:09 - Errors for symbols: [['SHOT'], ['SWIN'], ['OPINL', 'HROWL'], ['APDN', 'CSWCZ'], ['PWM', 'HROWM']]
2025-10-13 19:15:09 - Errors for symbols: [['SHOT'], ['SWIN'], ['OPINL', 'HROWL'], ['APDN', 'CSWCZ'], ['PWM', 'HROWM']]
2025-10-13 19:20:09 - Errors for symbols: [['SHOT'], ['SWIN'], ['OPINL', 'HROWL'], ['APDN', 'CSWCZ'], ['PWM', 'HROWM']]
2025-10-13 19:25:09 - Errors for symbols: [['SHOT'], ['SWIN'], ['OPINL', 'HROWL'], ['APDN', 'CSWCZ'], ['PWM', 'HROWM']]
2025-10-13 19:30:09 - Errors for symbols: [['SHOT'], ['SWIN'], ['OPINL', 'HROWL'], ['APDN', 'CSWCZ'], ['PWM', 'HROWM']]
2025-10-13 19:35:08 - Errors for symbols: [['SHOT'], ['SWIN'], ['OPINL', 'HROWL'], ['APDN', 'CSWCZ'], ['PWM', 'HROWM']]
2025-10-13 19:40:10 - Errors for symbols: [['SHOT'], ['SWIN'], ['OPINL', 'HROWL'], ['APDN', 'CSWCZ'], ['PWM', 'HROWM']]
2025-10-13 19:45:09 - Errors for symbols: [['SHOT'], ['SWIN'], ['OPINL', 'HROWL'], ['APDN', 'CSWCZ'], ['PWM', 'HROWM']]
2025-10-13 19:50:09 - Errors for symbols: [['SHOT'], ['SWIN'], ['OPINL', 'HROWL'], ['APDN', 'CSWCZ'], ['PWM', 'HROWM']]
2025-10-13 19:55:09 - Errors for symbols: [['SHOT'], ['SWIN'], ['OPINL', 'HROWL'], ['APDN', 'CSWCZ'], ['PWM', 'HROWM']]
2025-10-13 20:00:09 - Errors for symbols: [['SHOT'], ['SWIN'], ['OPINL', 'HROWL'], ['APDN', 'CSWCZ'], ['PWM', 'HROWM']]
2025-10-13 20:05:09 - Errors for symbols: [['SHOT'], ['SWIN'], ['OPINL', 'HROWL'], ['APDN', 'CSWCZ'], ['PWM', 'HROWM']]
2025-10-13 20:10:10 - Errors for symbols: [['SHOT'], ['SWIN'], ['OPINL', 'HROWL'], ['APDN', 'CSWCZ'], ['PWM', 'HROWM']]
2025-10-13 20:15:09 - Errors for symbols: [['SHOT'], ['SWIN'], ['OPINL', 'HROWL'], ['APDN', 'CSWCZ'], ['PWM', 'HROWM']]
2025-10-13 20:20:09 - Errors for symbols: [['SHOT'], ['SWIN'], ['OPINL', 'HROWL'], ['APDN', 'CSWCZ'], ['PWM', 'HROWM']]
2025-10-13 20:25:10 - Errors for symbols: [['SHOT'], ['SWIN'], ['OPINL', 'HROWL'], ['APDN', 'CSWCZ'], ['PWM', 'HROWM']]
2025-10-13 20:30:09 - Errors for symbols: [['SHOT'], ['SWIN'], ['OPINL', 'HROWL'], ['APDN', 'CSWCZ'], ['PWM', 'HROWM']]
2025-10-13 20:35:09 - Errors for symbols: [['SHOT'], ['SWIN'], ['OPINL', 'HROWL'], ['APDN', 'CSWCZ'], ['PWM', 'HROWM']]
2025-10-13 20:40:10 - Errors for symbols: [['SHOT'], ['SWIN'], ['OPINL', 'HROWL'], ['APDN', 'CSWCZ'], ['PWM', 'HROWM']]
2025-10-13 20:45:09 - Errors for symbols: [['SHOT'], ['SWIN'], ['OPINL', 'HROWL'], ['APDN', 'CSWCZ'], ['PWM', 'HROWM']]
2025-10-13 20:50:09 - Errors for symbols: [['SHOT'], ['SWIN'], ['OPINL', 'HROWL'], ['APDN', 'CSWCZ'], ['PWM', 'HROWM']]
2025-10-13 20:55:10 - Errors for symbols: [['SHOT'], ['SWIN'], ['OPINL', 'HROWL'], ['APDN', 'CSWCZ'], ['PWM', 'HROWM']]
2025-10-13 21:00:08 - Errors for symbols: [['SHOT'], ['SWIN'], ['OPINL', 'HROWL'], ['APDN', 'CSWCZ'], ['PWM', 'HROWM']]
2025-10-13 21:05:09 - Errors for symbols: [['SHOT'], ['SWIN'], ['OPINL', 'HROWL'], ['APDN', 'CSWCZ'], ['PWM', 'HROWM']]
2025-10-13 21:10:10 - Errors for symbols: [['SHOT'], ['SWIN'], ['OPINL', 'HROWL'], ['APDN', 'CSWCZ'], ['PWM', 'HROWM']]
2025-10-13 21:15:09 - Errors for symbols: [['SHOT'], ['SWIN'], ['OPINL', 'HROWL'], ['APDN', 'CSWCZ'], ['PWM', 'HROWM']]
2025-10-13 21:20:09 - Errors for symbols: [['SHOT'], ['SWIN'], ['OPINL', 'HROWL'], ['APDN', 'CSWCZ'], ['PWM', 'HROWM']]
2025-10-13 21:25:10 - Errors for symbols: [['SHOT'], ['SWIN'], ['OPINL', 'HROWL'], ['APDN', 'CSWCZ'], ['PWM', 'HROWM']]
2025-10-13 21:30:09 - Errors for symbols: [['SHOT'], ['SWIN'], ['OPINL', 'HROWL'], ['APDN', 'CSWCZ'], ['PWM', 'HROWM']]
2025-10-13 21:35:09 - Errors for symbols: [['SHOT'], ['SWIN'], ['OPINL', 'HROWL'], ['APDN', 'CSWCZ'], ['PWM', 'HROWM']]
2025-10-13 21:40:10 - Errors for symbols: [['SHOT'], ['SWIN'], ['OPINL', 'HROWL'], ['APDN', 'CSWCZ'], ['PWM', 'HROWM']]
2025-10-13 21:45:09 - Errors for symbols: [['SHOT'], ['SWIN'], ['OPINL', 'HROWL'], ['APDN', 'CSWCZ'], ['PWM', 'HROWM']]
2025-10-13 21:50:10 - Errors for symbols: [['SHOT'], ['SWIN'], ['OPINL', 'HROWL'], ['APDN', 'CSWCZ'], ['PWM', 'HROWM']]
2025-10-13 21:55:10 - Errors for symbols: [['SHOT'], ['SWIN'], ['OPINL', 'HROWL'], ['APDN', 'CSWCZ'], ['PWM', 'HROWM']]
2025-10-13 22:00:10 - Errors for symbols: [['SHOT'], ['SWIN'], ['OPINL', 'HROWL'], ['APDN', 'CSWCZ'], ['PWM', 'HROWM']]
2025-10-13 22:05:09 - Errors for symbols: [['SHOT'], ['SWIN'], ['OPINL', 'HROWL'], ['APDN', 'CSWCZ'], ['PWM', 'HROWM']]
2025-10-13 22:10:10 - Errors for symbols: [['SHOT'], ['SWIN'], ['OPINL', 'HROWL'], ['APDN', 'CSWCZ'], ['PWM', 'HROWM']]
2025-10-13 22:15:08 - Errors for symbols: [['SHOT'], ['SWIN'], ['OPINL', 'HROWL'], ['APDN', 'CSWCZ'], ['PWM', 'HROWM']]
2025-10-13 22:20:10 - Errors for symbols: [['SHOT'], ['SWIN'], ['OPINL', 'HROWL'], ['APDN', 'CSWCZ'], ['PWM', 'HROWM']]
2025-10-13 22:25:10 - Errors for symbols: [['SHOT'], ['SWIN'], ['OPINL', 'HROWL'], ['APDN', 'CSWCZ'], ['PWM', 'HROWM']]
2025-10-13 22:30:09 - Errors for symbols: [['SHOT'], ['SWIN'], ['OPINL', 'HROWL'], ['APDN', 'CSWCZ'], ['PWM', 'HROWM']]
2025-10-13 22:35:09 - Errors for symbols: [['SHOT'], ['SWIN'], ['OPINL', 'HROWL'], ['APDN', 'CSWCZ'], ['PWM', 'HROWM']]
2025-10-13 22:40:09 - Errors for symbols: [['SHOT'], ['SWIN'], ['OPINL', 'HROWL'], ['APDN', 'CSWCZ'], ['PWM', 'HROWM']]
2025-10-13 22:45:09 - Errors for symbols: [['SHOT'], ['SWIN'], ['OPINL', 'HROWL'], ['APDN', 'CSWCZ'], ['PWM', 'HROWM']]
2025-10-13 22:50:08 - Errors for symbols: [['SHOT'], ['SWIN'], ['OPINL', 'HROWL'], ['APDN', 'CSWCZ'], ['PWM', 'HROWM']]
2025-10-13 22:55:09 - Errors for symbols: [['SHOT'], ['SWIN'], ['OPINL', 'HROWL'], ['APDN', 'CSWCZ'], ['PWM', 'HROWM']]
2025-10-13 23:00:09 - Errors for symbols: [['SHOT'], ['SWIN'], ['OPINL', 'HROWL'], ['APDN', 'CSWCZ'], ['PWM', 'HROWM']]
2025-10-13 23:05:09 - Errors for symbols: [['SHOT'], ['SWIN'], ['OPINL', 'HROWL'], ['APDN', 'CSWCZ'], ['PWM', 'HROWM']]
2025-10-13 23:10:10 - Errors for symbols: [['SHOT'], ['SWIN'], ['OPINL', 'HROWL'], ['APDN', 'CSWCZ'], ['PWM', 'HROWM']]
2025-10-13 23:15:12 - Errors for symbols: [['SHOT'], ['SWIN'], ['OPINL', 'HROWL'], ['APDN', 'CSWCZ'], ['PWM', 'HROWM']]
2025-10-13 23:20:09 - Errors for symbols: [['SHOT'], ['SWIN'], ['OPINL', 'HROWL'], ['APDN', 'CSWCZ'], ['PWM', 'HROWM']]
2025-10-13 23:25:09 - Errors for symbols: [['SHOT'], ['SWIN'], ['OPINL', 'HROWL'], ['APDN', 'CSWCZ'], ['PWM', 'HROWM']]
2025-10-13 23:30:09 - Errors for symbols: [['SHOT'], ['SWIN'], ['OPINL', 'HROWL'], ['APDN', 'CSWCZ'], ['PWM', 'HROWM']]
2025-10-13 23:35:08 - Errors for symbols: [['SHOT'], ['SWIN'], ['OPINL', 'HROWL'], ['APDN', 'CSWCZ'], ['PWM', 'HROWM']]
2025-10-13 23:40:10 - Errors for symbols: [['SHOT'], ['SWIN'], ['OPINL', 'HROWL'], ['APDN', 'CSWCZ'], ['PWM', 'HROWM']]
2025-10-15 04:10:08 - Errors for symbols: [['GLADZ']]
2025-10-15 04:15:09 - Errors for symbols: [['GLADZ']]
2025-10-15 04:20:08 - Errors for symbols: [['GLADZ']]
2025-10-15 04:25:09 - Errors for symbols: [['GLADZ']]
2025-10-15 04:30:08 - Errors for symbols: [['GLADZ']]
2025-10-15 04:35:08 - Errors for symbols: [['GLADZ']]
2025-10-15 04:40:09 - Errors for symbols: [['GLADZ']]
2025-10-15 04:45:07 - Errors for symbols: [['GLADZ']]
2025-10-15 04:50:08 - Errors for symbols: [['GLADZ']]
2025-10-15 04:55:08 - Errors for symbols: [['GLADZ']]
2025-10-15 05:00:09 - Errors for symbols: [['GLADZ']]
2025-10-15 05:05:08 - Errors for symbols: [['GLADZ']]
2025-10-15 05:10:09 - Errors for symbols: [['GLADZ']]
2025-10-15 05:15:08 - Errors for symbols: [['GLADZ']]
2025-10-15 05:20:08 - Errors for symbols: [['GLADZ']]
2025-10-15 05:25:07 - Errors for symbols: [['GLADZ']]
2025-10-15 05:30:08 - Errors for symbols: [['GLADZ']]
2025-10-15 05:35:08 - Errors for symbols: [['GLADZ']]
2025-10-15 05:40:09 - Errors for symbols: [['GLADZ']]
2025-10-15 05:45:08 - Errors for symbols: [['GLADZ']]
2025-10-15 05:50:08 - Errors for symbols: [['GLADZ']]
2025-10-15 05:55:09 - Errors for symbols: [['GLADZ']]
2025-10-15 06:00:09 - Errors for symbols: [['GLADZ']]
2025-10-15 06:05:08 - Errors for symbols: [['GLADZ']]
2025-10-15 06:10:09 - Errors for symbols: [['GLADZ']]
2025-10-15 06:15:09 - Errors for symbols: [['GLADZ']]
2025-10-15 06:20:08 - Errors for symbols: [['GLADZ']]
2025-10-15 06:25:09 - Errors for symbols: [['GLADZ']]
2025-10-15 06:30:10 - Errors for symbols: [['GLADZ']]
2025-10-15 06:35:08 - Errors for symbols: [['GLADZ']]
2025-10-15 06:40:11 - Errors for symbols: [['GLADZ']]
2025-10-15 06:45:08 - Errors for symbols: [['GLADZ']]
2025-10-15 06:50:09 - Errors for symbols: [['GLADZ']]
2025-10-15 06:55:09 - Errors for symbols: [['GLADZ']]
2025-10-15 07:00:08 - Errors for symbols: [['GLADZ']]
2025-10-15 07:05:08 - Errors for symbols: [['GLADZ']]
2025-10-15 07:10:08 - Errors for symbols: [['GLADZ']]
2025-10-15 07:15:09 - Errors for symbols: [['GLADZ']]
2025-10-15 07:20:09 - Errors for symbols: [['GLADZ']]
2025-10-15 07:25:09 - Errors for symbols: [['GLADZ']]
2025-10-15 07:30:08 - Errors for symbols: [['GLADZ']]
2025-10-15 07:35:09 - Errors for symbols: [['GLADZ']]
2025-10-15 07:40:09 - Errors for symbols: [['GLADZ']]
2025-10-15 07:45:08 - Errors for symbols: [['GLADZ']]
2025-10-15 07:50:10 - Errors for symbols: [['GLADZ']]
2025-10-15 07:55:08 - Errors for symbols: [['GLADZ']]
2025-10-15 08:00:09 - Errors for symbols: [['GLADZ']]
2025-10-15 08:05:08 - Errors for symbols: [['GLADZ']]
2025-10-15 08:10:09 - Errors for symbols: [['GLADZ']]
2025-10-15 08:15:08 - Errors for symbols: [['GLADZ']]
2025-10-15 08:20:09 - Errors for symbols: [['GLADZ']]
2025-10-15 08:25:08 - Errors for symbols: [['GLADZ']]
2025-10-15 08:30:09 - Errors for symbols: [['GLADZ']]
2025-10-15 08:35:08 - Errors for symbols: [['GLADZ']]
2025-10-15 08:40:08 - Errors for symbols: [['GLADZ']]
2025-10-15 08:45:09 - Errors for symbols: [['GLADZ']]
2025-10-15 08:50:09 - Errors for symbols: [['GLADZ']]
2025-10-15 08:55:08 - Errors for symbols: [['GLADZ']]
2025-10-15 09:00:09 - Errors for symbols: [['GLADZ']]
2025-10-15 09:05:09 - Errors for symbols: [['GLADZ']]
2025-10-15 09:10:09 - Errors for symbols: [['GLADZ']]
2025-10-15 09:15:08 - Errors for symbols: [['GLADZ']]
2025-10-15 09:20:08 - Errors for symbols: [['GLADZ']]
2025-10-15 09:25:09 - Errors for symbols: [['GLADZ']]
2025-10-15 09:30:09 - Errors for symbols: [['GLADZ']]
2025-10-15 09:35:09 - Errors for symbols: [['GLADZ']]
2025-10-15 09:40:09 - Errors for symbols: [['GLADZ']]
2025-10-15 09:45:09 - Errors for symbols: [['GLADZ']]
2025-10-15 09:50:09 - Errors for symbols: [['GLADZ']]
2025-10-15 09:55:08 - Errors for symbols: [['GLADZ']]
2025-10-15 10:00:09 - Errors for symbols: [['GLADZ']]
2025-10-15 10:05:09 - Errors for symbols: [['GLADZ']]
2025-10-15 10:10:09 - Errors for symbols: [['GLADZ']]
2025-10-15 10:15:09 - Errors for symbols: [['GLADZ']]
2025-10-15 10:20:09 - Errors for symbols: [['GLADZ']]
2025-10-15 10:25:09 - Errors for symbols: [['GLADZ']]
2025-10-15 10:30:09 - Errors for symbols: [['GLADZ']]
2025-10-15 10:35:09 - Errors for symbols: [['GLADZ']]
2025-10-15 10:40:10 - Errors for symbols: [['GLADZ']]
2025-10-15 10:45:09 - Errors for symbols: [['GLADZ']]
2025-10-15 10:50:09 - Errors for symbols: [['GLADZ']]
2025-10-15 10:55:10 - Errors for symbols: [['GLADZ']]
2025-10-15 11:00:09 - Errors for symbols: [['GLADZ']]
2025-10-15 11:05:08 - Errors for symbols: [['GLADZ']]
2025-10-15 11:10:10 - Errors for symbols: [['GLADZ']]
2025-10-15 11:15:09 - Errors for symbols: [['GLADZ']]
2025-10-15 11:20:09 - Errors for symbols: [['GLADZ']]
2025-10-15 11:25:10 - Errors for symbols: [['GLADZ']]
2025-10-15 11:30:11 - Errors for symbols: [['GLADZ']]
2025-10-15 11:35:08 - Errors for symbols: [['GLADZ']]
2025-10-15 11:40:10 - Errors for symbols: [['GLADZ']]
2025-10-15 11:45:09 - Errors for symbols: [['GLADZ']]
2025-10-15 11:50:09 - Errors for symbols: [['GLADZ']]
2025-10-15 11:55:08 - Errors for symbols: [['GLADZ']]
2025-10-15 12:00:08 - Errors for symbols: [['GLADZ']]
2025-10-15 12:05:10 - Errors for symbols: [['GLADZ']]
2025-10-15 12:10:09 - Errors for symbols: [['GLADZ']]
2025-10-15 12:15:09 - Errors for symbols: [['GLADZ']]
2025-10-15 12:20:08 - Errors for symbols: [['GLADZ']]
2025-10-15 12:25:09 - Errors for symbols: [['GLADZ']]
2025-10-15 12:30:10 - Errors for symbols: [['GLADZ']]
2025-10-15 12:35:09 - Errors for symbols: [['GLADZ']]
2025-10-15 12:40:09 - Errors for symbols: [['GLADZ']]
2025-10-15 12:45:09 - Errors for symbols: [['GLADZ']]
2025-10-15 12:50:08 - Errors for symbols: [['GLADZ']]
2025-10-15 12:55:09 - Errors for symbols: [['GLADZ']]
2025-10-15 13:00:10 - Errors for symbols: [['GLADZ']]
2025-10-15 13:05:09 - Errors for symbols: [['GLADZ']]
2025-10-15 13:10:09 - Errors for symbols: [['GLADZ']]
2025-10-15 13:15:08 - Errors for symbols: [['GLADZ']]
2025-10-15 13:20:09 - Errors for symbols: [['GLADZ']]
2025-10-15 13:25:09 - Errors for symbols: [['GLADZ']]
2025-10-15 13:30:10 - Errors for symbols: [['GLADZ']]
2025-10-15 13:35:09 - Errors for symbols: [['GLADZ']]
2025-10-15 13:40:10 - Errors for symbols: [['GLADZ']]
2025-10-15 13:45:09 - Errors for symbols: [['GLADZ']]
2025-10-15 13:50:09 - Errors for symbols: [['GLADZ']]
2025-10-15 13:55:09 - Errors for symbols: [['GLADZ']]
2025-10-15 14:00:10 - Errors for symbols: [['GLADZ']]
2025-10-15 14:05:09 - Errors for symbols: [['GLADZ']]
2025-10-15 14:10:10 - Errors for symbols: [['GLADZ']]
2025-10-15 14:15:09 - Errors for symbols: [['GLADZ']]
2025-10-15 14:20:09 - Errors for symbols: [['GLADZ']]
2025-10-15 14:25:08 - Errors for symbols: [['GLADZ']]
2025-10-15 14:30:09 - Errors for symbols: [['GLADZ']]
2025-10-15 14:35:10 - Errors for symbols: [['GLADZ']]
2025-10-15 14:40:10 - Errors for symbols: [['GLADZ']]
2025-10-15 14:45:10 - Errors for symbols: [['GLADZ']]
2025-10-15 14:50:10 - Errors for symbols: [['GLADZ']]
2025-10-15 14:55:09 - Errors for symbols: [['GLADZ']]
2025-10-15 15:00:10 - Errors for symbols: [['GLADZ']]
2025-10-15 15:05:08 - Errors for symbols: [['GLADZ']]
2025-10-15 15:10:10 - Errors for symbols: [['GLADZ']]
2025-10-15 15:15:09 - Errors for symbols: [['GLADZ']]
2025-10-15 15:20:09 - Errors for symbols: [['GLADZ']]
2025-10-15 15:25:10 - Errors for symbols: [['GLADZ']]
2025-10-15 15:30:09 - Errors for symbols: [['GLADZ']]
2025-10-15 15:35:10 - Errors for symbols: [['GLADZ']]
2025-10-15 15:40:10 - Errors for symbols: [['GLADZ']]
2025-10-15 15:45:10 - Errors for symbols: [['GLADZ']]
2025-10-15 15:50:09 - Errors for symbols: [['GLADZ']]
2025-10-15 15:55:09 - Errors for symbols: [['GLADZ']]
2025-10-15 16:00:09 - Errors for symbols: [['GLADZ']]
2025-10-15 16:05:09 - Errors for symbols: [['GLADZ']]
2025-10-15 16:10:09 - Errors for symbols: [['GLADZ']]
2025-10-15 16:15:09 - Errors for symbols: [['GLADZ']]
2025-10-15 16:20:09 - Errors for symbols: [['GLADZ']]
2025-10-15 16:25:09 - Errors for symbols: [['GLADZ']]
2025-10-15 16:30:09 - Errors for symbols: [['GLADZ']]
2025-10-15 16:35:09 - Errors for symbols: [['GLADZ']]
2025-10-15 16:40:09 - Errors for symbols: [['GLADZ']]
2025-10-15 16:45:08 - Errors for symbols: [['GLADZ']]
2025-10-15 16:50:10 - Errors for symbols: [['GLADZ']]
2025-10-15 16:55:08 - Errors for symbols: [['GLADZ']]
2025-10-15 17:00:09 - Errors for symbols: [['GLADZ']]
2025-10-15 17:05:08 - Errors for symbols: [['GLADZ']]
2025-10-15 17:10:09 - Errors for symbols: [['GLADZ']]
2025-10-15 17:15:08 - Errors for symbols: [['GLADZ']]
2025-10-15 17:20:10 - Errors for symbols: [['GLADZ']]
2025-10-15 17:25:08 - Errors for symbols: [['GLADZ']]
2025-10-15 17:30:09 - Errors for symbols: [['GLADZ']]
2025-10-15 17:35:09 - Errors for symbols: [['GLADZ']]
2025-10-15 17:40:09 - Errors for symbols: [['GLADZ']]
2025-10-15 17:45:09 - Errors for symbols: [['GLADZ']]
2025-10-15 17:50:09 - Errors for symbols: [['GLADZ']]
2025-10-15 17:55:09 - Errors for symbols: [['GLADZ']]
2025-10-15 18:00:08 - Errors for symbols: [['GLADZ']]
2025-10-15 18:05:09 - Errors for symbols: [['GLADZ']]
2025-10-15 18:10:09 - Errors for symbols: [['GLADZ']]
2025-10-15 18:15:08 - Errors for symbols: [['GLADZ']]
2025-10-15 18:20:08 - Errors for symbols: [['GLADZ']]
2025-10-15 18:25:08 - Errors for symbols: [['GLADZ']]
2025-10-15 18:30:09 - Errors for symbols: [['GLADZ']]
2025-10-15 18:35:09 - Errors for symbols: [['GLADZ']]
2025-10-15 18:40:10 - Errors for symbols: [['GLADZ']]
2025-10-15 18:45:09 - Errors for symbols: [['GLADZ']]
2025-10-15 18:50:09 - Errors for symbols: [['GLADZ']]
2025-10-15 18:55:09 - Errors for symbols: [['GLADZ']]
2025-10-15 19:00:10 - Errors for symbols: [['GLADZ']]
2025-10-15 19:05:09 - Errors for symbols: [['GLADZ']]
2025-10-15 19:10:10 - Errors for symbols: [['GLADZ']]
2025-10-15 19:15:09 - Errors for symbols: [['GLADZ']]
2025-10-15 19:20:09 - Errors for symbols: [['GLADZ']]
2025-10-15 19:25:09 - Errors for symbols: [['GLADZ']]
2025-10-15 19:30:08 - Errors for symbols: [['GLADZ']]
2025-10-15 19:35:10 - Errors for symbols: [['GLADZ']]
2025-10-15 19:40:09 - Errors for symbols: [['GLADZ']]
2025-10-15 19:45:10 - Errors for symbols: [['GLADZ']]
2025-10-15 19:50:09 - Errors for symbols: [['GLADZ']]
2025-10-15 19:55:09 - Errors for symbols: [['GLADZ']]
2025-10-15 20:00:09 - Errors for symbols: [['GLADZ']]
2025-10-15 20:05:09 - Errors for symbols: [['GLADZ']]
2025-10-15 20:10:09 - Errors for symbols: [['GLADZ']]
2025-10-15 20:15:08 - Errors for symbols: [['GLADZ']]
2025-10-15 20:20:09 - Errors for symbols: [['GLADZ']]
2025-10-15 20:25:09 - Errors for symbols: [['GLADZ']]
2025-10-15 20:30:09 - Errors for symbols: [['GLADZ']]
2025-10-15 20:35:08 - Errors for symbols: [['GLADZ']]
2025-10-15 20:40:09 - Errors for symbols: [['GLADZ']]
2025-10-15 20:45:10 - Errors for symbols: [['GLADZ']]
2025-10-15 20:50:10 - Errors for symbols: [['GLADZ']]
2025-10-15 20:55:09 - Errors for symbols: [['GLADZ']]
2025-10-15 21:00:10 - Errors for symbols: [['GLADZ']]
2025-10-15 21:05:09 - Errors for symbols: [['GLADZ']]
2025-10-15 21:10:10 - Errors for symbols: [['GLADZ']]
2025-10-15 21:15:10 - Errors for symbols: [['GLADZ']]
2025-10-15 21:20:09 - Errors for symbols: [['GLADZ']]
2025-10-15 21:25:09 - Errors for symbols: [['GLADZ']]
2025-10-15 21:30:09 - Errors for symbols: [['GLADZ']]
2025-10-15 21:35:09 - Errors for symbols: [['GLADZ']]
2025-10-15 21:40:10 - Errors for symbols: [['GLADZ']]
2025-10-15 21:45:09 - Errors for symbols: [['GLADZ']]
2025-10-15 21:50:09 - Errors for symbols: [['GLADZ']]
2025-10-15 21:55:09 - Errors for symbols: [['GLADZ']]
2025-10-15 22:00:09 - Errors for symbols: [['GLADZ']]
2025-10-15 22:05:09 - Errors for symbols: [['GLADZ']]
2025-10-15 22:10:11 - Errors for symbols: [['GLADZ']]
2025-10-15 22:15:09 - Errors for symbols: [['GLADZ']]
2025-10-15 22:20:09 - Errors for symbols: [['GLADZ']]
2025-10-15 22:25:10 - Errors for symbols: [['GLADZ']]
2025-10-15 22:30:09 - Errors for symbols: [['GLADZ']]
2025-10-15 22:35:10 - Errors for symbols: [['GLADZ']]
2025-10-15 22:40:10 - Errors for symbols: [['GLADZ']]
2025-10-15 22:45:09 - Errors for symbols: [['GLADZ']]
2025-10-15 22:50:10 - Errors for symbols: [['GLADZ']]
2025-10-15 22:55:09 - Errors for symbols: [['GLADZ']]
2025-10-15 23:00:10 - Errors for symbols: [['GLADZ']]
2025-10-15 23:05:10 - Errors for symbols: [['GLADZ']]
2025-10-15 23:10:10 - Errors for symbols: [['GLADZ']]
2025-10-15 23:15:10 - Errors for symbols: [['GLADZ']]
2025-10-15 23:20:10 - Errors for symbols: [['GLADZ']]
2025-10-15 23:25:10 - Errors for symbols: [['GLADZ']]
2025-10-15 23:30:09 - Errors for symbols: [['GLADZ']]
2025-10-15 23:35:10 - Errors for symbols: [['GLADZ']]
2025-10-15 23:40:10 - Errors for symbols: [['GLADZ']]
2025-10-21 07:55:08 - Errors for symbols: [['SVII']]
2025-10-21 08:00:08 - Errors for symbols: [['SVII']]
2025-10-21 08:05:09 - Errors for symbols: [['SVII']]
2025-10-21 08:10:08 - Errors for symbols: [['SVII']]
2025-10-21 08:15:09 - Errors for symbols: [['SVII']]
2025-10-21 08:20:10 - Errors for symbols: [['SVII']]
2025-10-21 08:25:09 - Errors for symbols: [['SVII']]
2025-10-21 08:30:10 - Errors for symbols: [['SVII']]
2025-10-21 08:35:08 - Errors for symbols: [['SVII']]
2025-10-21 08:40:09 - Errors for symbols: [['SVII']]
2025-10-21 08:45:09 - Errors for symbols: [['SVII']]
2025-10-21 08:50:09 - Errors for symbols: [['SVII']]
2025-10-21 08:55:09 - Errors for symbols: [['SVII']]
2025-10-21 09:00:08 - Errors for symbols: [['SVII']]
2025-10-21 09:05:09 - Errors for symbols: [['SVII']]
2025-10-21 09:10:08 - Errors for symbols: [['SVII']]
2025-10-21 09:15:07 - Errors for symbols: [['SVII']]
2025-10-21 09:20:08 - Errors for symbols: [['SVII']]
2025-10-21 09:25:09 - Errors for symbols: [['SVII']]
2025-10-21 09:30:08 - Errors for symbols: [['SVII']]
2025-10-21 09:35:09 - Errors for symbols: [['SVII']]
2025-10-21 09:40:09 - Errors for symbols: [['SVII']]
2025-10-21 09:45:09 - Errors for symbols: [['SVII']]
2025-10-21 09:50:10 - Errors for symbols: [['SVII']]
2025-10-21 09:55:08 - Errors for symbols: [['SVII']]
2025-10-21 10:00:09 - Errors for symbols: [['SVII']]
2025-10-21 10:05:08 - Errors for symbols: [['SVII']]
2025-10-21 10:10:09 - Errors for symbols: [['SVII']]
2025-10-21 10:15:09 - Errors for symbols: [['SVII']]
2025-10-21 10:20:10 - Errors for symbols: [['SVII']]
2025-10-21 10:25:09 - Errors for symbols: [['SVII']]
2025-10-21 10:30:08 - Errors for symbols: [['SVII']]
2025-10-21 10:35:09 - Errors for symbols: [['SVII']]
2025-10-21 10:40:09 - Errors for symbols: [['SVII']]
2025-10-21 10:45:08 - Errors for symbols: [['SVII']]
2025-10-21 10:50:09 - Errors for symbols: [['SVII']]
2025-10-21 10:55:09 - Errors for symbols: [['SVII']]
2025-10-21 11:00:09 - Errors for symbols: [['SVII']]
2025-10-21 11:05:09 - Errors for symbols: [['SVII']]
2025-10-21 11:10:09 - Errors for symbols: [['SVII']]
2025-10-21 11:15:09 - Errors for symbols: [['SVII']]
2025-10-21 11:20:10 - Errors for symbols: [['SVII']]
2025-10-21 11:25:08 - Errors for symbols: [['SVII']]
2025-10-21 11:30:10 - Errors for symbols: [['SVII']]
2025-10-21 11:35:08 - Errors for symbols: [['SVII']]
2025-10-21 12:10:08 - Errors for symbols: [['SVII']]
2025-10-21 12:15:09 - Errors for symbols: [['SVII']]
2025-10-21 12:20:09 - Errors for symbols: [['SVII']]
2025-10-21 12:25:09 - Errors for symbols: [['SVII']]
2025-10-21 12:30:09 - Errors for symbols: [['SVII']]
2025-10-21 12:35:09 - Errors for symbols: [['SVII']]
2025-10-21 12:40:09 - Errors for symbols: [['SVII']]
2025-10-21 12:45:08 - Errors for symbols: [['SVII']]
2025-10-21 12:50:10 - Errors for symbols: [['SVII']]
2025-10-21 12:55:08 - Errors for symbols: [['SVII']]
2025-10-21 13:00:09 - Errors for symbols: [['SVII']]
2025-10-21 13:05:09 - Errors for symbols: [['SVII']]
2025-10-21 13:10:09 - Errors for symbols: [['SVII']]
2025-10-21 13:15:09 - Errors for symbols: [['SVII']]
2025-10-21 13:20:09 - Errors for symbols: [['SVII']]
2025-10-21 13:25:09 - Errors for symbols: [['SVII']]
2025-10-21 13:30:09 - Errors for symbols: [['SVII']]
2025-10-21 13:35:09 - Errors for symbols: [['SVII']]
2025-10-21 13:40:09 - Errors for symbols: [['SVII']]
2025-10-21 13:45:09 - Errors for symbols: [['SVII']]
2025-10-21 13:50:09 - Errors for symbols: [['SVII']]
2025-10-21 13:55:08 - Errors for symbols: [['SVII']]
2025-10-21 14:00:09 - Errors for symbols: [['SVII']]
2025-10-21 14:05:09 - Errors for symbols: [['SVII']]
2025-10-21 14:10:09 - Errors for symbols: [['SVII']]
2025-10-21 14:15:08 - Errors for symbols: [['SVII']]
2025-10-21 14:20:09 - Errors for symbols: [['SVII']]
2025-10-21 14:25:09 - Errors for symbols: [['SVII']]
2025-10-21 14:30:10 - Errors for symbols: [['SVII']]
2025-10-21 14:35:10 - Errors for symbols: [['SVII']]
2025-10-21 14:40:08 - Errors for symbols: [['SVII']]
2025-10-21 14:45:09 - Errors for symbols: [['SVII']]
2025-10-21 14:50:09 - Errors for symbols: [['SVII']]
2025-10-21 14:55:09 - Errors for symbols: [['SVII']]
2025-10-21 15:00:09 - Errors for symbols: [['SVII']]
2025-10-21 15:05:08 - Errors for symbols: [['SVII']]
2025-10-21 15:10:09 - Errors for symbols: [['SVII']]
2025-10-21 15:15:08 - Errors for symbols: [['SVII']]
2025-10-21 15:20:09 - Errors for symbols: [['SVII']]
2025-10-21 15:25:09 - Errors for symbols: [['SVII']]
2025-10-21 15:30:10 - Errors for symbols: [['SVII']]
2025-10-21 15:35:09 - Errors for symbols: [['SVII']]
2025-10-21 15:40:10 - Errors for symbols: [['SVII']]
2025-10-21 15:45:09 - Errors for symbols: [['SVII']]
2025-10-21 15:50:10 - Errors for symbols: [['SVII']]
2025-10-21 15:55:09 - Errors for symbols: [['SVII']]
2025-10-21 16:00:10 - Errors for symbols: [['SVII']]
2025-10-21 16:05:08 - Errors for symbols: [['SVII']]
2025-10-21 16:10:09 - Errors for symbols: [['SVII']]
2025-10-21 16:15:09 - Errors for symbols: [['SVII']]
2025-10-21 16:20:10 - Errors for symbols: [['SVII']]
2025-10-21 16:25:09 - Errors for symbols: [['SVII']]
2025-10-21 16:30:08 - Errors for symbols: [['SVII']]
2025-10-21 16:35:09 - Errors for symbols: [['SVII']]
2025-10-21 16:40:09 - Errors for symbols: [['SVII']]
2025-10-21 16:45:09 - Errors for symbols: [['SVII']]
2025-10-21 16:50:09 - Errors for symbols: [['SVII']]
2025-10-21 16:55:09 - Errors for symbols: [['SVII']]
2025-10-21 17:00:09 - Errors for symbols: [['SVII']]
2025-10-21 17:05:08 - Errors for symbols: [['SVII']]
2025-10-21 17:10:08 - Errors for symbols: [['SVII']]
2025-10-21 17:15:08 - Errors for symbols: [['SVII']]
2025-10-21 17:20:11 - Errors for symbols: [['SVII']]
2025-10-21 17:25:09 - Errors for symbols: [['SVII']]
2025-10-21 17:30:10 - Errors for symbols: [['SVII']]
2025-10-21 17:35:09 - Errors for symbols: [['SVII']]
2025-10-21 17:40:10 - Errors for symbols: [['SVII']]
2025-10-21 17:45:08 - Errors for symbols: [['SVII']]
2025-10-21 17:50:10 - Errors for symbols: [['SVII']]
2025-10-21 17:55:08 - Errors for symbols: [['SVII']]
2025-10-21 18:00:11 - Errors for symbols: [['SVII']]
2025-10-21 18:05:09 - Errors for symbols: [['SVII']]
2025-10-21 18:10:10 - Errors for symbols: [['SVII']]
2025-10-21 18:15:09 - Errors for symbols: [['SVII']]
2025-10-21 18:20:09 - Errors for symbols: [['SVII']]
2025-10-21 18:25:09 - Errors for symbols: [['SVII']]
2025-10-21 18:30:10 - Errors for symbols: [['SVII']]
2025-10-21 18:35:08 - Errors for symbols: [['SVII']]
2025-10-21 18:40:10 - Errors for symbols: [['SVII']]
2025-10-21 18:45:08 - Errors for symbols: [['SVII']]
2025-10-21 18:50:10 - Errors for symbols: [['SVII']]
2025-10-21 18:55:10 - Errors for symbols: [['SVII']]
2025-10-21 19:00:09 - Errors for symbols: [['SVII']]
2025-10-21 19:05:08 - Errors for symbols: [['SVII']]
2025-10-21 19:10:08 - Errors for symbols: [['SVII']]
2025-10-21 19:15:10 - Errors for symbols: [['SVII']]
2025-10-21 19:20:10 - Errors for symbols: [['SVII']]
2025-10-21 19:25:10 - Errors for symbols: [['SVII']]
2025-10-21 19:30:09 - Errors for symbols: [['SVII']]
2025-10-21 19:35:09 - Errors for symbols: [['SVII']]
2025-10-21 19:40:09 - Errors for symbols: [['SVII']]
2025-10-21 19:45:09 - Errors for symbols: [['SVII']]
2025-10-21 19:50:10 - Errors for symbols: [['SVII']]
2025-10-21 19:55:09 - Errors for symbols: [['SVII']]
2025-10-21 20:00:09 - Errors for symbols: [['SVII']]
2025-10-21 20:05:09 - Errors for symbols: [['SVII']]
2025-10-21 20:10:09 - Errors for symbols: [['SVII']]
2025-10-21 20:15:09 - Errors for symbols: [['SVII']]
2025-10-21 20:20:09 - Errors for symbols: [['SVII']]
2025-10-21 20:25:10 - Errors for symbols: [['SVII']]
2025-10-21 20:30:10 - Errors for symbols: [['SVII']]
2025-10-21 20:35:09 - Errors for symbols: [['SVII']]
2025-10-21 20:40:09 - Errors for symbols: [['SVII']]
2025-10-21 20:45:09 - Errors for symbols: [['SVII']]
2025-10-21 20:50:10 - Errors for symbols: [['SVII']]
2025-10-21 20:55:09 - Errors for symbols: [['SVII']]
2025-10-21 21:00:09 - Errors for symbols: [['SVII']]
2025-10-21 21:05:08 - Errors for symbols: [['SVII']]
2025-10-21 21:10:08 - Errors for symbols: [['SVII']]
2025-10-21 21:15:09 - Errors for symbols: [['SVII']]
2025-10-21 21:20:09 - Errors for symbols: [['SVII']]
2025-10-21 21:25:09 - Errors for symbols: [['SVII']]
2025-10-21 21:30:09 - Errors for symbols: [['SVII']]
2025-10-21 21:35:08 - Errors for symbols: [['SVII']]
2025-10-21 21:40:08 - Errors for symbols: [['SVII']]
2025-10-21 21:45:09 - Errors for symbols: [['SVII']]
2025-10-21 21:50:10 - Errors for symbols: [['SVII']]
2025-10-21 21:55:09 - Errors for symbols: [['SVII']]
2025-10-21 22:00:09 - Errors for symbols: [['SVII']]
2025-10-21 22:05:10 - Errors for symbols: [['SVII']]
2025-10-21 22:10:09 - Errors for symbols: [['SVII']]
2025-10-21 22:15:09 - Errors for symbols: [['SVII']]
2025-10-21 22:20:11 - Errors for symbols: [['SVII']]
2025-10-21 22:25:09 - Errors for symbols: [['SVII']]
2025-10-21 22:30:09 - Errors for symbols: [['SVII']]
2025-10-21 22:35:09 - Errors for symbols: [['SVII']]
2025-10-21 22:40:10 - Errors for symbols: [['SVII']]
2025-10-21 22:45:10 - Errors for symbols: [['SVII']]
2025-10-21 22:50:10 - Errors for symbols: [['SVII']]
2025-10-21 22:55:09 - Errors for symbols: [['SVII']]
2025-10-21 23:00:10 - Errors for symbols: [['SVII']]
2025-10-21 23:05:09 - Errors for symbols: [['SVII']]
2025-10-21 23:10:09 - Errors for symbols: [['SVII']]
2025-10-21 23:15:09 - Errors for symbols: [['SVII']]
2025-10-21 23:20:10 - Errors for symbols: [['SVII']]
2025-10-21 23:25:09 - Errors for symbols: [['SVII']]
2025-10-21 23:30:09 - Errors for symbols: [['SVII']]
2025-10-21 23:35:10 - Errors for symbols: [['SVII']]
2025-10-21 23:40:09 - Errors for symbols: [['SVII']]
2025-10-28 00:45:08 - Errors for symbols: [['PHH']]
2025-10-28 00:50:08 - Errors for symbols: [['PHH']]
2025-10-28 00:55:09 - Errors for symbols: [['PHH']]
2025-10-28 01:00:10 - Errors for symbols: [['PHH']]
2025-10-28 01:05:11 - Errors for symbols: [['PHH']]
2025-10-28 01:10:09 - Errors for symbols: [['PHH']]
2025-10-28 01:15:08 - Errors for symbols: [['PHH']]
2025-10-28 01:20:09 - Errors for symbols: [['PHH']]
2025-10-28 01:25:09 - Errors for symbols: [['PHH']]
2025-10-28 01:30:09 - Errors for symbols: [['PHH']]
2025-10-28 01:35:09 - Errors for symbols: [['PHH']]
2025-10-28 01:40:09 - Errors for symbols: [['PHH']]
2025-10-28 01:45:08 - Errors for symbols: [['PHH']]
2025-10-28 01:50:09 - Errors for symbols: [['PHH']]
2025-10-28 01:55:09 - Errors for symbols: [['PHH']]
2025-10-28 02:00:10 - Errors for symbols: [['PHH']]
2025-10-28 02:05:09 - Errors for symbols: [['PHH']]
2025-10-28 02:10:09 - Errors for symbols: [['PHH']]
2025-10-28 02:15:09 - Errors for symbols: [['PHH']]
2025-10-28 02:20:09 - Errors for symbols: [['PHH']]
2025-10-28 02:25:09 - Errors for symbols: [['PHH']]
2025-10-28 02:30:10 - Errors for symbols: [['PHH']]
2025-10-28 02:35:08 - Errors for symbols: [['PHH']]
2025-10-28 02:40:09 - Errors for symbols: [['PHH']]
2025-10-28 02:45:09 - Errors for symbols: [['PHH']]
2025-10-28 02:50:09 - Errors for symbols: [['PHH']]
2025-10-28 02:55:09 - Errors for symbols: [['PHH']]
2025-10-28 03:00:09 - Errors for symbols: [['PHH']]
2025-10-28 03:05:08 - Errors for symbols: [['PHH']]
2025-10-28 03:10:09 - Errors for symbols: [['PHH']]
2025-10-28 03:15:09 - Errors for symbols: [['PHH']]
2025-10-28 03:20:09 - Errors for symbols: [['PHH']]
2025-10-28 03:25:08 - Errors for symbols: [['PHH']]
2025-10-28 03:30:10 - Errors for symbols: [['PHH']]
2025-10-28 03:35:08 - Errors for symbols: [['PHH']]
2025-10-28 03:40:10 - Errors for symbols: [['PHH']]
2025-10-28 03:45:09 - Errors for symbols: [['PHH']]
2025-10-28 03:50:08 - Errors for symbols: [['PHH']]
2025-10-28 03:55:08 - Errors for symbols: [['PHH']]
2025-10-28 04:00:09 - Errors for symbols: [['PHH']]
2025-10-28 04:00:17 - Errors for symbols: [['PHH']]
2025-10-28 04:05:07 - Errors for symbols: [['PHH']]
2025-10-28 04:10:07 - Errors for symbols: [['PHH']]
2025-10-28 04:15:08 - Errors for symbols: [['PHH']]
2025-10-28 04:20:08 - Errors for symbols: [['PHH']]
2025-10-28 04:25:10 - Errors for symbols: [['PHH']]
2025-10-28 04:30:10 - Errors for symbols: [['PHH']]
2025-10-28 04:35:09 - Errors for symbols: [['PHH']]
2025-10-28 04:40:09 - Errors for symbols: [['PHH']]
2025-10-28 04:45:08 - Errors for symbols: [['PHH']]
2025-10-28 04:50:08 - Errors for symbols: [['PHH']]
2025-10-28 04:55:09 - Errors for symbols: [['PHH']]
2025-10-28 05:00:09 - Errors for symbols: [['PHH']]
2025-10-28 05:05:08 - Errors for symbols: [['PHH']]
2025-10-28 05:10:09 - Errors for symbols: [['PHH']]
2025-10-28 05:15:09 - Errors for symbols: [['PHH']]
2025-10-28 05:20:09 - Errors for symbols: [['PHH']]
2025-10-28 05:25:08 - Errors for symbols: [['PHH']]
2025-10-28 05:30:10 - Errors for symbols: [['PHH']]
2025-10-28 05:35:10 - Errors for symbols: [['PHH']]
2025-10-28 05:40:08 - Errors for symbols: [['PHH']]
2025-10-28 05:45:10 - Errors for symbols: [['PHH']]
2025-10-28 05:50:08 - Errors for symbols: [['PHH']]
2025-10-28 05:55:08 - Errors for symbols: [['PHH']]
2025-10-28 06:00:11 - Errors for symbols: [['PHH']]
2025-10-28 06:05:09 - Errors for symbols: [['PHH']]
2025-10-28 06:10:08 - Errors for symbols: [['PHH']]
2025-10-28 06:15:09 - Errors for symbols: [['PHH']]
2025-10-28 06:20:08 - Errors for symbols: [['PHH']]
2025-10-28 06:25:08 - Errors for symbols: [['PHH']]
2025-10-28 06:30:09 - Errors for symbols: [['PHH']]
2025-10-28 06:35:09 - Errors for symbols: [['PHH']]
2025-10-28 06:40:08 - Errors for symbols: [['PHH']]
2025-10-28 06:45:08 - Errors for symbols: [['PHH']]
2025-10-28 06:50:09 - Errors for symbols: [['PHH']]
2025-10-28 06:55:08 - Errors for symbols: [['PHH']]
2025-10-28 07:00:09 - Errors for symbols: [['PHH']]
2025-10-28 07:05:10 - Errors for symbols: [['PHH']]
2025-10-28 07:10:09 - Errors for symbols: [['PHH']]
2025-10-28 07:15:08 - Errors for symbols: [['PHH']]
2025-10-28 07:20:08 - Errors for symbols: [['PHH']]
2025-10-28 07:25:08 - Errors for symbols: [['PHH']]
2025-10-28 07:30:09 - Errors for symbols: [['PHH']]
2025-10-28 07:35:08 - Errors for symbols: [['PHH']]
2025-10-28 07:40:08 - Errors for symbols: [['PHH']]
2025-10-28 07:45:08 - Errors for symbols: [['PHH']]
2025-10-28 07:50:08 - Errors for symbols: [['PHH']]
2025-10-28 07:55:09 - Errors for symbols: [['PHH']]
2025-10-28 08:00:10 - Errors for symbols: [['PHH']]
2025-10-28 08:05:09 - Errors for symbols: [['PHH']]
2025-10-28 08:10:09 - Errors for symbols: [['PHH']]
2025-10-28 08:15:08 - Errors for symbols: [['PHH']]
2025-10-28 08:20:10 - Errors for symbols: [['PHH']]
2025-10-28 08:25:08 - Errors for symbols: [['PHH']]
2025-10-28 08:30:09 - Errors for symbols: [['PHH']]
2025-10-28 08:35:09 - Errors for symbols: [['PHH']]
2025-10-28 08:40:08 - Errors for symbols: [['PHH']]
2025-10-28 08:45:08 - Errors for symbols: [['PHH']]
2025-10-28 08:50:08 - Errors for symbols: [['PHH']]
2025-10-28 08:55:08 - Errors for symbols: [['PHH']]
2025-10-28 09:00:09 - Errors for symbols: [['PHH']]
2025-10-28 09:05:08 - Errors for symbols: [['PHH']]
2025-10-28 09:10:08 - Errors for symbols: [['PHH']]
2025-10-28 09:15:08 - Errors for symbols: [['PHH']]
2025-10-28 09:20:08 - Errors for symbols: [['PHH']]
2025-10-28 09:25:08 - Errors for symbols: [['PHH']]
2025-10-28 09:30:09 - Errors for symbols: [['PHH']]
2025-10-28 09:35:10 - Errors for symbols: [['PHH']]
2025-10-28 09:40:09 - Errors for symbols: [['PHH']]
2025-10-28 09:45:08 - Errors for symbols: [['PHH']]
2025-10-28 09:50:08 - Errors for symbols: [['PHH']]
2025-10-28 09:55:07 - Errors for symbols: [['PHH']]
2025-10-28 10:00:10 - Errors for symbols: [['PHH']]
2025-10-28 10:05:10 - Errors for symbols: [['PHH']]
2025-10-28 10:10:09 - Errors for symbols: [['PHH']]
2025-10-28 10:15:09 - Errors for symbols: [['PHH']]
2025-10-28 10:20:10 - Errors for symbols: [['PHH']]
2025-10-28 10:25:10 - Errors for symbols: [['PHH']]
2025-10-28 10:30:09 - Errors for symbols: [['PHH']]
2025-10-28 10:35:09 - Errors for symbols: [['PHH']]
2025-10-28 10:40:12 - Errors for symbols: [['PHH']]
2025-10-28 10:45:09 - Errors for symbols: [['PHH']]
2025-10-28 10:50:10 - Errors for symbols: [['PHH']]
2025-10-28 10:55:10 - Errors for symbols: [['PHH']]
2025-10-28 11:00:11 - Errors for symbols: [['PHH']]
2025-10-28 11:05:08 - Errors for symbols: [['PHH']]
2025-10-28 11:10:12 - Errors for symbols: [['PHH']]
2025-10-28 11:15:09 - Errors for symbols: [['PHH']]
2025-10-28 11:20:09 - Errors for symbols: [['PHH']]
2025-10-28 11:25:10 - Errors for symbols: [['PHH']]
2025-10-28 11:30:09 - Errors for symbols: [['PHH']]
2025-10-28 11:35:10 - Errors for symbols: [['PHH']]
2025-10-28 11:40:08 - Errors for symbols: [['PHH']]
2025-10-28 11:45:09 - Errors for symbols: [['PHH']]
2025-10-28 11:50:11 - Errors for symbols: [['PHH']]
2025-10-28 11:55:09 - Errors for symbols: [['PHH']]
2025-10-28 12:00:10 - Errors for symbols: [['PHH']]
2025-10-28 12:05:11 - Errors for symbols: [['PHH']]
2025-10-28 12:10:09 - Errors for symbols: [['PHH']]
2025-10-28 12:15:10 - Errors for symbols: [['PHH']]
2025-10-28 12:20:09 - Errors for symbols: [['PHH']]
2025-10-28 12:25:08 - Errors for symbols: [['PHH']]
2025-10-28 12:30:09 - Errors for symbols: [['PHH']]
2025-10-28 12:35:09 - Errors for symbols: [['PHH']]
2025-10-28 12:40:09 - Errors for symbols: [['PHH']]
2025-10-28 12:45:08 - Errors for symbols: [['PHH']]
2025-10-28 12:50:10 - Errors for symbols: [['PHH']]
2025-10-28 12:55:09 - Errors for symbols: [['PHH']]
2025-10-28 13:00:12 - Errors for symbols: [['PHH']]
2025-10-28 13:05:09 - Errors for symbols: [['PHH']]
2025-10-28 13:10:08 - Errors for symbols: [['PHH']]
2025-10-28 13:15:09 - Errors for symbols: [['PHH']]
2025-10-28 13:20:10 - Errors for symbols: [['PHH']]
2025-10-28 13:25:09 - Errors for symbols: [['PHH']]
2025-10-28 13:30:10 - Errors for symbols: [['PHH']]
2025-10-28 13:35:09 - Errors for symbols: [['PHH']]
2025-10-28 13:40:08 - Errors for symbols: [['PHH']]
2025-10-28 13:45:09 - Errors for symbols: [['PHH']]
2025-10-28 13:50:12 - Errors for symbols: [['PHH']]
2025-10-28 13:55:09 - Errors for symbols: [['PHH']]
2025-10-28 14:00:11 - Errors for symbols: [['PHH']]
2025-10-28 14:05:12 - Errors for symbols: [['PHH']]
2025-10-28 14:10:09 - Errors for symbols: [['PHH']]
2025-10-28 14:15:10 - Errors for symbols: [['PHH']]
2025-10-28 14:20:09 - Errors for symbols: [['PHH']]
2025-10-28 14:25:09 - Errors for symbols: [['PHH']]
2025-10-28 14:30:12 - Errors for symbols: [['PHH']]
2025-10-28 14:35:09 - Errors for symbols: [['PHH']]
2025-10-28 14:40:09 - Errors for symbols: [['PHH']]
2025-10-28 14:45:09 - Errors for symbols: [['PHH']]
2025-10-28 14:50:09 - Errors for symbols: [['PHH']]
2025-10-28 14:55:11 - Errors for symbols: [['PHH']]
2025-10-28 15:00:09 - Errors for symbols: [['PHH']]
2025-10-28 15:05:10 - Errors for symbols: [['PHH']]
2025-10-28 15:10:09 - Errors for symbols: [['PHH']]
2025-10-28 15:15:09 - Errors for symbols: [['PHH']]
2025-10-28 15:20:09 - Errors for symbols: [['PHH']]
2025-10-28 15:25:09 - Errors for symbols: [['PHH']]
2025-10-28 15:30:12 - Errors for symbols: [['PHH']]
2025-10-28 15:35:09 - Errors for symbols: [['PHH']]
2025-10-28 15:40:09 - Errors for symbols: [['PHH']]
2025-10-28 15:45:12 - Errors for symbols: [['PHH']]
2025-10-28 15:50:10 - Errors for symbols: [['PHH']]
2025-10-28 15:55:09 - Errors for symbols: [['PHH']]
2025-10-28 16:00:09 - Errors for symbols: [['PHH']]
2025-10-28 16:05:09 - Errors for symbols: [['PHH']]
2025-10-28 16:10:10 - Errors for symbols: [['PHH']]
2025-10-28 16:15:08 - Errors for symbols: [['PHH']]
2025-10-28 16:20:10 - Errors for symbols: [['PHH']]
2025-10-28 16:25:09 - Errors for symbols: [['PHH']]
2025-10-28 16:30:23 - Errors for symbols: [['PHH']]
2025-10-28 16:35:09 - Errors for symbols: [['PHH']]
2025-10-28 16:40:08 - Errors for symbols: [['PHH']]
2025-10-28 16:45:10 - Errors for symbols: [['PHH']]
2025-10-28 16:50:09 - Errors for symbols: [['PHH']]
2025-10-28 16:55:10 - Errors for symbols: [['PHH']]
2025-10-28 17:00:10 - Errors for symbols: [['PHH']]
2025-10-28 17:05:09 - Errors for symbols: [['PHH']]
2025-10-28 17:10:09 - Errors for symbols: [['PHH']]
2025-10-28 17:15:10 - Errors for symbols: [['PHH']]
2025-10-28 17:20:09 - Errors for symbols: [['PHH']]
2025-10-28 17:25:09 - Errors for symbols: [['PHH']]
2025-10-28 17:30:10 - Errors for symbols: [['PHH']]
2025-10-28 17:35:09 - Errors for symbols: [['PHH']]
2025-10-28 17:40:10 - Errors for symbols: [['PHH']]
2025-10-28 17:45:09 - Errors for symbols: [['PHH']]
2025-10-28 17:50:10 - Errors for symbols: [['PHH']]
2025-10-28 17:55:09 - Errors for symbols: [['PHH']]
2025-10-28 18:00:11 - Errors for symbols: [['PHH']]
2025-10-28 18:05:09 - Errors for symbols: [['PHH']]
2025-10-28 18:10:09 - Errors for symbols: [['PHH']]
2025-10-28 18:15:09 - Errors for symbols: [['PHH']]
2025-10-28 18:20:09 - Errors for symbols: [['PHH']]
2025-10-28 18:25:10 - Errors for symbols: [['PHH']]
2025-10-28 18:30:11 - Errors for symbols: [['PHH']]
2025-10-28 18:35:10 - Errors for symbols: [['PHH']]
2025-10-28 18:40:09 - Errors for symbols: [['PHH']]
2025-10-28 18:45:09 - Errors for symbols: [['PHH']]
2025-10-28 18:50:09 - Errors for symbols: [['PHH']]
2025-10-28 18:55:09 - Errors for symbols: [['PHH']]
2025-10-28 19:00:10 - Errors for symbols: [['PHH']]
2025-10-28 19:05:09 - Errors for symbols: [['PHH']]
2025-10-28 19:10:10 - Errors for symbols: [['PHH']]
2025-10-28 19:15:09 - Errors for symbols: [['PHH']]
2025-10-28 19:20:08 - Errors for symbols: [['PHH']]
2025-10-28 19:25:09 - Errors for symbols: [['PHH']]
2025-10-28 19:30:09 - Errors for symbols: [['PHH']]
2025-10-28 19:35:09 - Errors for symbols: [['PHH']]
2025-10-28 19:40:10 - Errors for symbols: [['PHH']]
2025-10-28 19:45:09 - Errors for symbols: [['PHH']]
2025-10-28 19:50:10 - Errors for symbols: [['PHH']]
2025-10-28 19:55:09 - Errors for symbols: [['PHH']]
2025-10-28 20:00:11 - Errors for symbols: [['PHH']]
2025-10-28 20:05:09 - Errors for symbols: [['PHH']]
2025-10-28 20:10:09 - Errors for symbols: [['PHH']]
2025-10-28 20:15:09 - Errors for symbols: [['PHH']]
2025-10-28 20:20:09 - Errors for symbols: [['PHH']]
2025-10-28 20:25:09 - Errors for symbols: [['PHH']]
2025-10-28 20:30:11 - Errors for symbols: [['PHH']]
2025-10-28 20:35:09 - Errors for symbols: [['PHH']]
2025-10-28 20:40:09 - Errors for symbols: [['PHH']]
2025-10-28 20:45:10 - Errors for symbols: [['PHH']]
2025-10-28 20:50:09 - Errors for symbols: [['PHH']]
2025-10-28 20:55:10 - Errors for symbols: [['PHH']]
2025-10-28 21:00:10 - Errors for symbols: [['PHH']]
2025-10-28 21:05:09 - Errors for symbols: [['PHH']]
2025-10-28 21:10:09 - Errors for symbols: [['PHH']]
2025-10-28 21:15:10 - Errors for symbols: [['PHH']]
2025-10-28 21:20:09 - Errors for symbols: [['PHH']]
2025-10-28 21:25:09 - Errors for symbols: [['PHH']]
2025-10-28 21:30:10 - Errors for symbols: [['PHH']]
2025-10-28 21:35:09 - Errors for symbols: [['PHH']]
2025-10-28 21:40:09 - Errors for symbols: [['PHH']]
2025-10-28 21:45:09 - Errors for symbols: [['PHH']]
2025-10-28 21:50:09 - Errors for symbols: [['PHH']]
2025-10-28 21:55:09 - Errors for symbols: [['PHH']]
2025-10-28 22:00:11 - Errors for symbols: [['PHH']]
2025-10-28 22:05:09 - Errors for symbols: [['PHH']]
2025-10-28 22:10:09 - Errors for symbols: [['PHH']]
2025-10-28 22:15:09 - Errors for symbols: [['PHH']]
2025-10-28 22:20:10 - Errors for symbols: [['PHH']]
2025-10-28 22:25:09 - Errors for symbols: [['PHH']]
2025-10-28 22:30:09 - Errors for symbols: [['PHH']]
2025-10-28 22:35:09 - Errors for symbols: [['PHH']]
2025-10-28 22:40:09 - Errors for symbols: [['PHH']]
2025-10-28 22:45:09 - Errors for symbols: [['PHH']]
2025-10-28 22:50:08 - Errors for symbols: [['PHH']]
2025-10-28 22:55:10 - Errors for symbols: [['PHH']]
2025-10-28 23:00:09 - Errors for symbols: [['PHH']]
2025-10-28 23:05:09 - Errors for symbols: [['PHH']]
2025-10-28 23:10:09 - Errors for symbols: [['PHH']]
2025-10-28 23:15:09 - Errors for symbols: [['PHH']]
2025-10-28 23:20:08 - Errors for symbols: [['PHH']]
2025-10-28 23:25:10 - Errors for symbols: [['PHH']]
2025-10-28 23:30:09 - Errors for symbols: [['PHH']]
2025-10-28 23:35:09 - Errors for symbols: [['PHH']]
2025-10-28 23:40:09 - Errors for symbols: [['PHH']]
2025-10-29 01:55:08 - Errors for symbols: [['AMBI']]
2025-10-29 02:00:10 - Errors for symbols: [['AMBI']]
2025-10-29 02:05:09 - Errors for symbols: [['AMBI']]
2025-10-29 02:10:09 - Errors for symbols: [['AMBI']]
2025-10-29 02:15:08 - Errors for symbols: [['AMBI']]
2025-10-29 02:20:09 - Errors for symbols: [['AMBI']]
2025-10-29 02:25:09 - Errors for symbols: [['AMBI']]
2025-10-29 02:30:09 - Errors for symbols: [['AMBI']]
2025-10-29 02:35:09 - Errors for symbols: [['AMBI']]
2025-10-29 02:40:09 - Errors for symbols: [['AMBI']]
2025-10-29 02:45:09 - Errors for symbols: [['AMBI']]
2025-10-29 02:50:09 - Errors for symbols: [['AMBI']]
2025-10-29 02:55:10 - Errors for symbols: [['AMBI']]
2025-10-29 03:00:10 - Errors for symbols: [['AMBI']]
2025-10-29 03:05:09 - Errors for symbols: [['AMBI']]
2025-10-29 03:10:09 - Errors for symbols: [['AMBI']]
2025-10-29 03:15:09 - Errors for symbols: [['AMBI']]
2025-10-29 03:20:09 - Errors for symbols: [['AMBI']]
2025-10-29 03:25:09 - Errors for symbols: [['AMBI']]
2025-10-29 03:30:10 - Errors for symbols: [['AMBI']]
2025-10-29 03:35:09 - Errors for symbols: [['AMBI']]
2025-10-29 03:40:09 - Errors for symbols: [['AMBI']]
2025-10-29 03:45:10 - Errors for symbols: [['AMBI']]
2025-10-29 03:50:09 - Errors for symbols: [['AMBI']]
2025-10-29 03:55:10 - Errors for symbols: [['AMBI']]
2025-10-29 04:00:09 - Errors for symbols: [['AMBI']]
2025-10-29 04:00:17 - Errors for symbols: [['AMBI']]
2025-10-29 04:05:09 - Errors for symbols: [['AMBI']]
2025-10-29 04:10:09 - Errors for symbols: [['AMBI']]
2025-10-29 04:15:09 - Errors for symbols: [['AMBI']]
2025-10-29 04:20:10 - Errors for symbols: [['AMBI']]
2025-10-29 04:25:08 - Errors for symbols: [['AMBI']]
2025-10-29 04:30:09 - Errors for symbols: [['AMBI']]
2025-10-29 04:35:09 - Errors for symbols: [['AMBI']]
2025-10-29 04:40:08 - Errors for symbols: [['AMBI']]
2025-10-29 04:45:09 - Errors for symbols: [['AMBI']]
2025-10-29 04:50:09 - Errors for symbols: [['AMBI']]
2025-10-29 04:55:08 - Errors for symbols: [['AMBI']]
2025-10-29 05:00:11 - Errors for symbols: [['AMBI']]
2025-10-29 05:05:10 - Errors for symbols: [['AMBI']]
2025-10-29 05:10:09 - Errors for symbols: [['AMBI']]
2025-10-29 05:15:09 - Errors for symbols: [['AMBI']]
2025-10-29 05:20:09 - Errors for symbols: [['AMBI']]
2025-10-29 05:25:09 - Errors for symbols: [['AMBI']]
2025-10-29 05:30:09 - Errors for symbols: [['AMBI']]
2025-10-29 05:35:09 - Errors for symbols: [['AMBI']]
2025-10-29 05:40:09 - Errors for symbols: [['AMBI']]
2025-10-29 05:45:08 - Errors for symbols: [['AMBI']]
2025-10-29 05:50:09 - Errors for symbols: [['AMBI']]
2025-10-29 05:55:09 - Errors for symbols: [['AMBI']]
2025-10-29 06:00:10 - Errors for symbols: [['AMBI']]
2025-10-29 06:05:08 - Errors for symbols: [['AMBI']]
2025-10-29 06:10:08 - Errors for symbols: [['AMBI']]
2025-10-29 06:15:09 - Errors for symbols: [['AMBI']]
2025-10-29 06:20:09 - Errors for symbols: [['AMBI']]
2025-10-29 06:25:09 - Errors for symbols: [['AMBI']]
2025-10-29 06:30:09 - Errors for symbols: [['AMBI']]
2025-10-29 06:35:08 - Errors for symbols: [['AMBI']]
2025-10-29 06:40:09 - Errors for symbols: [['AMBI']]
2025-10-29 06:45:08 - Errors for symbols: [['AMBI']]
2025-10-29 06:50:09 - Errors for symbols: [['AMBI']]
2025-10-29 06:55:08 - Errors for symbols: [['AMBI']]
2025-10-29 07:00:09 - Errors for symbols: [['AMBI']]
2025-10-29 07:05:08 - Errors for symbols: [['AMBI']]
2025-10-29 07:10:09 - Errors for symbols: [['AMBI']]
2025-10-29 07:15:10 - Errors for symbols: [['AMBI']]
2025-10-29 07:20:09 - Errors for symbols: [['AMBI']]
2025-10-29 07:25:08 - Errors for symbols: [['AMBI']]
2025-10-29 07:30:10 - Errors for symbols: [['AMBI']]
2025-10-29 07:35:09 - Errors for symbols: [['AMBI']]
2025-10-29 07:40:09 - Errors for symbols: [['AMBI']]
2025-10-29 07:45:09 - Errors for symbols: [['AMBI']]
2025-10-29 07:50:09 - Errors for symbols: [['AMBI']]
2025-10-29 07:55:09 - Errors for symbols: [['AMBI']]
2025-10-29 08:00:10 - Errors for symbols: [['AMBI']]
2025-10-29 08:05:09 - Errors for symbols: [['AMBI']]
2025-10-29 08:10:09 - Errors for symbols: [['AMBI']]
2025-10-29 08:15:09 - Errors for symbols: [['AMBI']]
2025-10-29 08:20:08 - Errors for symbols: [['AMBI']]
2025-10-29 08:25:09 - Errors for symbols: [['AMBI']]
2025-10-29 08:30:09 - Errors for symbols: [['AMBI']]
2025-10-29 08:35:08 - Errors for symbols: [['AMBI']]
2025-10-29 08:40:08 - Errors for symbols: [['AMBI']]
2025-10-29 08:45:11 - Errors for symbols: [['AMBI']]
2025-10-29 08:50:08 - Errors for symbols: [['AMBI']]
2025-10-29 08:55:09 - Errors for symbols: [['AMBI']]
2025-10-29 09:00:09 - Errors for symbols: [['AMBI']]
2025-10-29 09:05:08 - Errors for symbols: [['AMBI']]
2025-10-29 09:10:09 - Errors for symbols: [['AMBI']]
2025-10-29 09:15:09 - Errors for symbols: [['AMBI']]
2025-10-29 09:20:08 - Errors for symbols: [['AMBI']]
2025-10-29 09:25:09 - Errors for symbols: [['AMBI']]
2025-10-29 09:30:09 - Errors for symbols: [['AMBI']]
2025-10-29 09:35:08 - Errors for symbols: [['AMBI']]
2025-10-29 09:40:10 - Errors for symbols: [['AMBI']]
2025-10-29 09:45:10 - Errors for symbols: [['AMBI']]
2025-10-29 09:50:09 - Errors for symbols: [['AMBI']]
2025-10-29 09:55:09 - Errors for symbols: [['AMBI']]
2025-10-29 10:00:09 - Errors for symbols: [['AMBI']]
2025-10-29 10:05:10 - Errors for symbols: [['AMBI']]
2025-10-29 10:10:08 - Errors for symbols: [['AMBI']]
2025-10-29 10:15:09 - Errors for symbols: [['AMBI']]
2025-10-29 10:20:08 - Errors for symbols: [['AMBI']]
2025-10-29 10:25:09 - Errors for symbols: [['AMBI']]
2025-10-29 10:30:09 - Errors for symbols: [['AMBI']]
2025-10-29 10:35:09 - Errors for symbols: [['AMBI']]
2025-10-29 10:40:07 - Errors for symbols: [['AMBI']]
2025-10-29 10:45:09 - Errors for symbols: [['AMBI']]
2025-10-29 10:50:09 - Errors for symbols: [['AMBI']]
2025-10-29 10:55:11 - Errors for symbols: [['AMBI']]
2025-10-29 11:00:11 - Errors for symbols: [['AMBI']]
2025-10-29 11:05:09 - Errors for symbols: [['AMBI']]
2025-10-29 11:10:10 - Errors for symbols: [['AMBI']]
2025-10-29 11:15:09 - Errors for symbols: [['AMBI']]
2025-10-29 11:20:09 - Errors for symbols: [['AMBI']]
2025-10-29 11:25:09 - Errors for symbols: [['AMBI']]
2025-10-29 11:30:10 - Errors for symbols: [['AMBI']]
2025-10-29 11:35:08 - Errors for symbols: [['AMBI']]
2025-10-29 11:40:10 - Errors for symbols: [['AMBI']]
2025-10-29 11:45:08 - Errors for symbols: [['AMBI']]
2025-10-29 11:50:09 - Errors for symbols: [['AMBI']]
2025-10-29 11:55:09 - Errors for symbols: [['AMBI']]
2025-10-29 12:00:10 - Errors for symbols: [['AMBI']]
2025-10-29 12:05:08 - Errors for symbols: [['AMBI']]
2025-10-29 12:10:11 - Errors for symbols: [['AMBI']]
2025-10-29 12:15:10 - Errors for symbols: [['AMBI']]
2025-10-29 12:20:08 - Errors for symbols: [['AMBI']]
2025-10-29 12:25:09 - Errors for symbols: [['AMBI']]
2025-10-29 12:30:09 - Errors for symbols: [['AMBI']]
2025-10-29 12:35:11 - Errors for symbols: [['AMBI']]
2025-10-29 12:40:10 - Errors for symbols: [['AMBI']]
2025-10-29 12:45:08 - Errors for symbols: [['AMBI']]
2025-10-29 12:50:09 - Errors for symbols: [['AMBI']]
2025-10-29 12:55:09 - Errors for symbols: [['AMBI']]
2025-10-29 13:00:10 - Errors for symbols: [['AMBI']]
2025-10-29 13:05:09 - Errors for symbols: [['AMBI']]
2025-10-29 13:10:09 - Errors for symbols: [['AMBI']]
2025-10-29 13:15:09 - Errors for symbols: [['AMBI']]
2025-10-29 13:20:08 - Errors for symbols: [['AMBI']]
2025-10-29 13:25:09 - Errors for symbols: [['AMBI']]
2025-10-29 13:30:09 - Errors for symbols: [['AMBI']]
2025-10-29 13:35:09 - Errors for symbols: [['AMBI']]
2025-10-29 13:40:10 - Errors for symbols: [['AMBI']]
2025-10-29 13:45:08 - Errors for symbols: [['AMBI']]
2025-10-29 13:50:10 - Errors for symbols: [['AMBI']]
2025-10-29 13:55:09 - Errors for symbols: [['AMBI']]
2025-10-29 14:00:10 - Errors for symbols: [['AMBI']]
2025-10-29 14:05:10 - Errors for symbols: [['AMBI']]
2025-10-29 14:10:09 - Errors for symbols: [['AMBI']]
2025-10-29 14:15:09 - Errors for symbols: [['AMBI']]
2025-10-29 14:20:08 - Errors for symbols: [['AMBI']]
2025-10-29 14:25:09 - Errors for symbols: [['AMBI']]
2025-10-29 14:30:10 - Errors for symbols: [['AMBI']]
2025-10-29 14:35:09 - Errors for symbols: [['AMBI']]
2025-10-29 14:40:09 - Errors for symbols: [['AMBI']]
2025-10-29 14:45:10 - Errors for symbols: [['AMBI']]
2025-10-29 14:50:09 - Errors for symbols: [['AMBI']]
2025-10-29 14:55:10 - Errors for symbols: [['AMBI']]
2025-10-29 15:00:09 - Errors for symbols: [['AMBI']]
2025-10-29 15:05:09 - Errors for symbols: [['AMBI']]
2025-10-29 15:10:09 - Errors for symbols: [['AMBI']]
2025-10-29 15:15:12 - Errors for symbols: [['AMBI']]
2025-10-29 15:20:10 - Errors for symbols: [['AMBI']]
2025-10-29 15:25:09 - Errors for symbols: [['AMBI']]
2025-10-29 15:30:09 - Errors for symbols: [['AMBI']]
2025-10-29 15:35:09 - Errors for symbols: [['AMBI']]
2025-10-29 15:40:08 - Errors for symbols: [['AMBI']]
2025-10-29 15:45:09 - Errors for symbols: [['AMBI']]
2025-10-29 15:50:09 - Errors for symbols: [['AMBI']]
2025-10-29 15:55:09 - Errors for symbols: [['AMBI']]
2025-10-29 16:00:09 - Errors for symbols: [['AMBI']]
2025-10-29 16:05:09 - Errors for symbols: [['AMBI']]
2025-10-29 16:10:10 - Errors for symbols: [['AMBI']]
2025-10-29 16:15:08 - Errors for symbols: [['AMBI']]
2025-10-29 16:20:09 - Errors for symbols: [['AMBI']]
2025-10-29 16:25:09 - Errors for symbols: [['AMBI']]
2025-10-29 16:30:10 - Errors for symbols: [['AMBI']]
2025-10-29 16:35:08 - Errors for symbols: [['AMBI']]
2025-10-29 16:40:08 - Errors for symbols: [['AMBI']]
2025-10-29 16:45:10 - Errors for symbols: [['AMBI']]
2025-10-29 16:50:08 - Errors for symbols: [['AMBI']]
2025-10-29 16:55:09 - Errors for symbols: [['AMBI']]
2025-10-29 17:00:09 - Errors for symbols: [['AMBI']]
2025-10-29 17:05:09 - Errors for symbols: [['AMBI']]
2025-10-29 17:10:09 - Errors for symbols: [['AMBI']]
2025-10-29 17:15:09 - Errors for symbols: [['AMBI']]
2025-10-29 17:20:09 - Errors for symbols: [['AMBI']]
2025-10-29 17:25:10 - Errors for symbols: [['AMBI']]
2025-10-29 17:30:10 - Errors for symbols: [['AMBI']]
2025-10-29 17:35:09 - Errors for symbols: [['AMBI']]
2025-10-29 17:40:10 - Errors for symbols: [['AMBI']]
2025-10-29 17:45:09 - Errors for symbols: [['AMBI']]
2025-10-29 17:50:10 - Errors for symbols: [['AMBI']]
2025-10-29 17:55:09 - Errors for symbols: [['AMBI']]
2025-10-29 18:00:09 - Errors for symbols: [['AMBI']]
2025-10-29 18:05:09 - Errors for symbols: [['AMBI']]
2025-10-29 18:10:09 - Errors for symbols: [['AMBI']]
2025-10-29 18:15:09 - Errors for symbols: [['AMBI']]
2025-10-29 18:20:10 - Errors for symbols: [['AMBI']]
2025-10-29 18:25:09 - Errors for symbols: [['AMBI']]
2025-10-29 18:30:09 - Errors for symbols: [['AMBI']]
2025-10-29 18:35:08 - Errors for symbols: [['AMBI']]
2025-10-29 18:40:10 - Errors for symbols: [['AMBI']]
2025-10-29 18:45:10 - Errors for symbols: [['AMBI']]
2025-10-29 18:50:08 - Errors for symbols: [['AMBI']]
2025-10-29 18:55:10 - Errors for symbols: [['AMBI']]
2025-10-29 19:00:10 - Errors for symbols: [['AMBI']]
2025-10-29 19:05:09 - Errors for symbols: [['AMBI']]
2025-10-29 19:10:10 - Errors for symbols: [['AMBI']]
2025-10-29 19:15:10 - Errors for symbols: [['AMBI']]
2025-10-29 19:20:09 - Errors for symbols: [['AMBI']]
2025-10-29 19:25:08 - Errors for symbols: [['AMBI']]
2025-10-29 19:30:11 - Errors for symbols: [['AMBI']]
2025-10-29 19:35:08 - Errors for symbols: [['AMBI']]
2025-10-29 19:40:10 - Errors for symbols: [['AMBI']]
2025-10-29 19:45:09 - Errors for symbols: [['AMBI']]
2025-10-29 19:50:09 - Errors for symbols: [['AMBI']]
2025-10-29 19:55:10 - Errors for symbols: [['AMBI']]
2025-10-29 20:00:10 - Errors for symbols: [['AMBI']]
2025-10-29 20:05:09 - Errors for symbols: [['AMBI']]
2025-10-29 20:10:09 - Errors for symbols: [['AMBI']]
2025-10-29 20:15:09 - Errors for symbols: [['AMBI']]
2025-10-29 20:20:09 - Errors for symbols: [['AMBI']]
2025-10-29 20:25:09 - Errors for symbols: [['AMBI']]
2025-10-29 20:30:09 - Errors for symbols: [['AMBI']]
2025-10-29 20:35:09 - Errors for symbols: [['AMBI']]
2025-10-29 20:40:09 - Errors for symbols: [['AMBI']]
2025-10-29 20:45:09 - Errors for symbols: [['AMBI']]
2025-10-29 20:50:09 - Errors for symbols: [['AMBI']]
2025-10-29 20:55:09 - Errors for symbols: [['AMBI']]
2025-10-29 21:00:09 - Errors for symbols: [['HOND'], ['AMBI']]
2025-10-29 21:05:09 - Errors for symbols: [['HOND'], ['AMBI']]
2025-10-29 21:10:09 - Errors for symbols: [['HOND'], ['AMBI']]
2025-10-29 21:15:10 - Errors for symbols: [['HOND'], ['AMBI']]
2025-10-29 21:20:10 - Errors for symbols: [['HOND'], ['AMBI']]
2025-10-29 21:25:09 - Errors for symbols: [['HOND'], ['AMBI']]
2025-10-29 21:30:09 - Errors for symbols: [['HOND'], ['AMBI']]
2025-10-29 21:35:09 - Errors for symbols: [['HOND'], ['AMBI']]
2025-10-29 21:40:09 - Errors for symbols: [['HOND'], ['AMBI']]
2025-10-29 21:45:08 - Errors for symbols: [['HOND'], ['AMBI']]
2025-10-29 21:50:09 - Errors for symbols: [['HOND'], ['AMBI']]
2025-10-29 21:55:09 - Errors for symbols: [['HOND'], ['AMBI']]
2025-10-29 22:00:09 - Errors for symbols: [['HOND'], ['AMBI']]
2025-10-29 22:05:10 - Errors for symbols: [['HOND'], ['AMBI']]
2025-10-29 22:10:09 - Errors for symbols: [['HOND'], ['AMBI']]
2025-10-29 22:15:08 - Errors for symbols: [['HOND'], ['AMBI']]
2025-10-29 22:20:09 - Errors for symbols: [['HOND'], ['AMBI']]
2025-10-29 22:25:10 - Errors for symbols: [['HOND'], ['AMBI']]
2025-10-29 22:30:10 - Errors for symbols: [['HOND'], ['AMBI']]
2025-10-29 22:35:10 - Errors for symbols: [['HOND'], ['AMBI']]
2025-10-29 22:40:09 - Errors for symbols: [['HOND'], ['AMBI']]
2025-10-29 22:45:08 - Errors for symbols: [['HOND'], ['AMBI']]
2025-10-29 22:50:08 - Errors for symbols: [['HOND'], ['AMBI']]
2025-10-29 22:55:09 - Errors for symbols: [['HOND'], ['AMBI']]
2025-10-29 23:00:09 - Errors for symbols: [['HOND'], ['AMBI']]
2025-10-29 23:05:09 - Errors for symbols: [['HOND'], ['AMBI']]
2025-10-29 23:10:08 - Errors for symbols: [['HOND'], ['AMBI']]
2025-10-29 23:15:10 - Errors for symbols: [['HOND'], ['AMBI']]
2025-10-29 23:20:10 - Errors for symbols: [['HOND'], ['AMBI']]
2025-10-29 23:25:10 - Errors for symbols: [['HOND'], ['AMBI']]
2025-10-29 23:30:09 - Errors for symbols: [['HOND'], ['AMBI']]
2025-10-29 23:35:08 - Errors for symbols: [['HOND'], ['AMBI']]
2025-10-29 23:40:09 - Errors for symbols: [['HOND'], ['AMBI']]
2025-10-30 02:05:09 - Errors for symbols: [['AACI']]
2025-10-30 02:10:08 - Errors for symbols: [['AACI']]
2025-10-30 02:15:08 - Errors for symbols: [['AACI']]
2025-10-30 02:20:09 - Errors for symbols: [['AACI']]
2025-10-30 02:25:08 - Errors for symbols: [['AACI']]
2025-10-30 02:30:10 - Errors for symbols: [['AACI']]
2025-10-30 02:35:09 - Errors for symbols: [['AACI']]
2025-10-30 02:40:09 - Errors for symbols: [['AACI']]
2025-10-30 02:45:09 - Errors for symbols: [['AACI']]
2025-10-30 02:50:08 - Errors for symbols: [['AACI']]
2025-10-30 02:55:09 - Errors for symbols: [['AACI']]
2025-10-30 03:00:09 - Errors for symbols: [['AACI']]
2025-10-30 03:05:08 - Errors for symbols: [['AACI']]
2025-10-30 03:10:08 - Errors for symbols: [['AACI']]
2025-10-30 03:15:09 - Errors for symbols: [['AACI']]
2025-10-30 03:20:08 - Errors for symbols: [['AACI']]
2025-10-30 03:25:09 - Errors for symbols: [['AACI']]
2025-10-30 03:30:11 - Errors for symbols: [['AACI']]
2025-10-30 03:35:09 - Errors for symbols: [['AACI']]
2025-10-30 03:40:08 - Errors for symbols: [['AACI']]
2025-10-30 03:45:08 - Errors for symbols: [['AACI']]
2025-10-30 03:50:09 - Errors for symbols: [['AACI']]
2025-10-30 03:55:08 - Errors for symbols: [['AACI']]
2025-10-30 04:00:09 - Errors for symbols: [['AACI']]
2025-10-30 04:00:17 - Errors for symbols: [['AACI']]
2025-10-30 04:05:09 - Errors for symbols: [['AACI']]
2025-10-30 04:10:07 - Errors for symbols: [['AACI']]
2025-10-30 04:15:08 - Errors for symbols: [['AACI']]
2025-10-30 04:20:08 - Errors for symbols: [['AACI']]
2025-10-30 04:25:08 - Errors for symbols: [['AACI']]
2025-10-30 04:30:08 - Errors for symbols: [['AACI']]
2025-10-30 04:35:08 - Errors for symbols: [['AACI']]
2025-10-30 04:40:08 - Errors for symbols: [['AACI']]
2025-10-30 04:45:08 - Errors for symbols: [['AACI']]
2025-10-30 04:50:08 - Errors for symbols: [['AACI']]
2025-10-30 04:55:08 - Errors for symbols: [['AACI']]
2025-10-30 05:00:10 - Errors for symbols: [['AACI']]
2025-10-30 05:05:09 - Errors for symbols: [['AACI']]
2025-10-30 05:10:09 - Errors for symbols: [['AACI']]
2025-10-30 05:15:09 - Errors for symbols: [['AACI']]
2025-10-30 05:20:08 - Errors for symbols: [['AACI']]
2025-10-30 05:25:08 - Errors for symbols: [['AACI']]
2025-10-30 05:30:09 - Errors for symbols: [['AACI']]
2025-10-30 05:35:08 - Errors for symbols: [['AACI']]
2025-10-30 05:40:08 - Errors for symbols: [['AACI']]
2025-10-30 05:45:08 - Errors for symbols: [['AACI']]
2025-10-30 05:50:09 - Errors for symbols: [['AACI']]
2025-10-30 05:55:08 - Errors for symbols: [['AACI']]
2025-10-30 06:00:11 - Errors for symbols: [['AACI']]
2025-10-30 06:05:08 - Errors for symbols: [['AACI']]
2025-10-30 06:10:08 - Errors for symbols: [['AACI']]
2025-10-30 06:15:08 - Errors for symbols: [['AACI']]
2025-10-30 06:20:08 - Errors for symbols: [['AACI']]
2025-10-30 06:25:08 - Errors for symbols: [['AACI']]
2025-10-30 06:30:08 - Errors for symbols: [['AACI']]
2025-10-30 06:35:07 - Errors for symbols: [['AACI']]
2025-10-30 06:40:09 - Errors for symbols: [['AACI']]
2025-10-30 06:45:08 - Errors for symbols: [['AACI']]
2025-10-30 06:50:08 - Errors for symbols: [['AACI']]
2025-10-30 06:55:08 - Errors for symbols: [['AACI']]
2025-10-30 07:00:10 - Errors for symbols: [['AACI']]
2025-10-30 07:05:10 - Errors for symbols: [['AACI']]
2025-10-30 07:10:09 - Errors for symbols: [['AACI']]
2025-10-30 07:15:08 - Errors for symbols: [['AACI']]
2025-10-30 07:20:09 - Errors for symbols: [['AACI']]
2025-10-30 07:25:08 - Errors for symbols: [['AACI']]
2025-10-30 07:30:09 - Errors for symbols: [['AACI']]
2025-10-30 07:35:08 - Errors for symbols: [['ADN'], ['AACI']]
2025-10-30 07:40:08 - Errors for symbols: [['ADN'], ['AACI']]
2025-10-30 07:45:09 - Errors for symbols: [['ADN'], ['AACI']]
2025-10-30 07:50:09 - Errors for symbols: [['ADN'], ['AACI']]
2025-10-30 07:55:08 - Errors for symbols: [['ADN'], ['AACI']]
2025-10-30 08:00:10 - Errors for symbols: [['ADN'], ['AACI']]
2025-10-30 08:05:08 - Errors for symbols: [['ADN'], ['AACI']]
2025-10-30 08:10:08 - Errors for symbols: [['ADN'], ['AACI']]
2025-10-30 08:15:09 - Errors for symbols: [['ADN'], ['AACI']]
2025-10-30 08:20:08 - Errors for symbols: [['ADN'], ['AACI']]
2025-10-30 08:25:09 - Errors for symbols: [['ADN'], ['AACI']]
2025-10-30 08:30:08 - Errors for symbols: [['ADN'], ['AACI']]
2025-10-30 08:35:09 - Errors for symbols: [['ADN'], ['AACI']]
2025-10-30 08:40:08 - Errors for symbols: [['ADN'], ['AACI']]
2025-10-30 08:45:09 - Errors for symbols: [['ADN'], ['AACI']]
2025-10-30 08:50:08 - Errors for symbols: [['ADN'], ['AACI']]
2025-10-30 08:55:08 - Errors for symbols: [['ADN'], ['AACI']]
2025-10-30 09:00:09 - Errors for symbols: [['ADN'], ['AACI']]
2025-10-30 09:05:09 - Errors for symbols: [['ADN'], ['AACI']]
2025-10-30 09:10:08 - Errors for symbols: [['ADN'], ['AACI']]
2025-10-30 09:15:09 - Errors for symbols: [['ADN'], ['AACI']]
2025-10-30 09:20:09 - Errors for symbols: [['ADN'], ['AACI']]
2025-10-30 09:25:09 - Errors for symbols: [['ADN'], ['AACI']]
2025-10-30 09:30:10 - Errors for symbols: [['ADN'], ['AACI']]
2025-10-30 09:35:08 - Errors for symbols: [['ADN'], ['AACI']]
2025-10-30 09:40:09 - Errors for symbols: [['ADN'], ['AACI']]
2025-10-30 09:45:09 - Errors for symbols: [['ADN'], ['AACI']]
2025-10-30 09:50:10 - Errors for symbols: [['ADN'], ['AACI']]
2025-10-30 09:55:08 - Errors for symbols: [['ADN'], ['AACI']]
2025-10-30 10:00:10 - Errors for symbols: [['ADN'], ['AACI']]
2025-10-30 10:05:09 - Errors for symbols: [['ADN'], ['AACI']]
2025-10-30 10:10:09 - Errors for symbols: [['ADN'], ['AACI']]
2025-10-30 10:15:09 - Errors for symbols: [['ADN'], ['AACI']]
2025-10-30 10:20:09 - Errors for symbols: [['ADN'], ['AACI']]
2025-10-30 10:25:10 - Errors for symbols: [['ADN'], ['AACI']]
2025-10-30 10:30:12 - Errors for symbols: [['ADN'], ['AACI']]
2025-10-30 10:35:08 - Errors for symbols: [['ADN'], ['AACI']]
2025-10-30 10:40:09 - Errors for symbols: [['ADN'], ['AACI']]
2025-10-30 10:45:10 - Errors for symbols: [['ADN'], ['AACI']]
2025-10-30 10:50:08 - Errors for symbols: [['ADN'], ['AACI']]
2025-10-30 10:55:09 - Errors for symbols: [['ADN'], ['AACI']]
2025-10-30 11:00:11 - Errors for symbols: [['ADN'], ['AACI']]
2025-10-30 11:05:09 - Errors for symbols: [['ADN'], ['AACI']]
2025-10-30 11:10:09 - Errors for symbols: [['ADN'], ['AACI']]
2025-10-30 11:15:09 - Errors for symbols: [['ADN'], ['AACI']]
2025-10-30 11:20:09 - Errors for symbols: [['ADN'], ['AACI']]
2025-10-30 11:25:09 - Errors for symbols: [['ADN'], ['AACI']]
2025-10-30 11:30:10 - Errors for symbols: [['ADN'], ['AACI']]
2025-10-30 11:35:09 - Errors for symbols: [['ADN'], ['AACI']]
2025-10-30 11:40:10 - Errors for symbols: [['ADN'], ['AACI']]
2025-10-30 11:45:09 - Errors for symbols: [['ADN'], ['AACI']]
2025-10-30 11:50:09 - Errors for symbols: [['ADN'], ['AACI']]
2025-10-30 11:55:09 - Errors for symbols: [['ADN'], ['AACI']]
2025-10-30 12:00:14 - Errors for symbols: [['ADN'], ['AACI']]
2025-10-30 12:05:09 - Errors for symbols: [['ADN'], ['AACI']]
2025-10-30 12:10:08 - Errors for symbols: [['ADN'], ['AACI']]
2025-10-30 12:15:10 - Errors for symbols: [['ADN'], ['AACI']]
2025-10-30 12:20:09 - Errors for symbols: [['ADN'], ['AACI']]
2025-10-30 12:25:09 - Errors for symbols: [['ADN'], ['AACI']]
2025-10-30 12:30:09 - Errors for symbols: [['ADN'], ['AACI']]
2025-10-30 12:35:09 - Errors for symbols: [['ADN'], ['AACI']]
2025-10-30 12:40:09 - Errors for symbols: [['ADN'], ['AACI']]
2025-10-30 12:45:09 - Errors for symbols: [['ADN'], ['AACI']]
2025-10-30 12:50:10 - Errors for symbols: [['ADN'], ['AACI']]
2025-10-30 12:55:08 - Errors for symbols: [['ADN'], ['AACI']]
2025-10-30 13:00:10 - Errors for symbols: [['ADN'], ['AACI']]
2025-10-30 13:05:09 - Errors for symbols: [['ADN'], ['AACI']]
2025-10-30 13:10:09 - Errors for symbols: [['ADN'], ['AACI']]
2025-10-30 13:15:08 - Errors for symbols: [['ADN'], ['AACI']]
2025-10-30 13:20:09 - Errors for symbols: [['ADN'], ['AACI']]
2025-10-30 13:25:09 - Errors for symbols: [['ADN'], ['AACI']]
2025-10-30 13:30:10 - Errors for symbols: [['ADN'], ['AACI']]
2025-10-30 13:35:09 - Errors for symbols: [['ADN'], ['AACI']]
2025-10-30 13:40:09 - Errors for symbols: [['ADN'], ['AACI']]
2025-10-30 13:45:09 - Errors for symbols: [['ADN'], ['AACI']]
2025-10-30 13:50:09 - Errors for symbols: [['ADN'], ['AACI']]
2025-10-30 13:55:09 - Errors for symbols: [['ADN'], ['AACI']]
2025-10-30 14:00:11 - Errors for symbols: [['ADN'], ['AACI']]
2025-10-30 14:05:09 - Errors for symbols: [['ADN'], ['AACI']]
2025-10-30 14:10:10 - Errors for symbols: [['ADN'], ['AACI']]
2025-10-30 14:15:09 - Errors for symbols: [['ADN'], ['AACI']]
2025-10-30 14:20:11 - Errors for symbols: [['ADN'], ['AACI']]
2025-10-30 14:25:09 - Errors for symbols: [['ADN'], ['AACI']]
2025-10-30 14:30:10 - Errors for symbols: [['ADN'], ['AACI']]
2025-10-30 14:35:09 - Errors for symbols: [['ADN'], ['AACI']]
2025-10-30 14:40:09 - Errors for symbols: [['ADN'], ['AACI']]
2025-10-30 14:45:11 - Errors for symbols: [['ADN'], ['AACI']]
2025-10-30 14:50:09 - Errors for symbols: [['ADN'], ['AACI']]
2025-10-30 14:55:09 - Errors for symbols: [['ADN'], ['AACI']]
2025-10-30 15:00:09 - Errors for symbols: [['ADN'], ['AACI']]
2025-10-30 15:05:09 - Errors for symbols: [['ADN'], ['AACI']]
2025-10-30 15:10:09 - Errors for symbols: [['ADN'], ['AACI']]
2025-10-30 15:15:08 - Errors for symbols: [['ADN'], ['AACI']]
2025-10-30 15:20:08 - Errors for symbols: [['ADN'], ['AACI']]
2025-10-30 15:25:09 - Errors for symbols: [['ADN'], ['AACI']]
2025-10-30 15:30:09 - Errors for symbols: [['ADN'], ['AACI']]
2025-10-30 15:35:09 - Errors for symbols: [['ADN'], ['AACI']]
2025-10-30 15:40:09 - Errors for symbols: [['ADN'], ['AACI']]
2025-10-30 15:45:09 - Errors for symbols: [['ADN'], ['AACI']]
2025-10-30 15:50:09 - Errors for symbols: [['ADN'], ['AACI']]
2025-10-30 15:55:09 - Errors for symbols: [['ADN'], ['AACI']]
2025-10-30 16:00:10 - Errors for symbols: [['ADN'], ['AACI']]
2025-10-30 16:05:09 - Errors for symbols: [['ADN'], ['AACI']]
2025-10-30 16:10:08 - Errors for symbols: [['ADN'], ['AACI']]
2025-10-30 16:15:09 - Errors for symbols: [['ADN'], ['AACI']]
2025-10-30 16:20:11 - Errors for symbols: [['ADN'], ['AACI']]
2025-10-30 16:25:09 - Errors for symbols: [['ADN'], ['AACI']]
2025-10-30 16:30:10 - Errors for symbols: [['ADN'], ['AACI']]
2025-10-30 16:35:09 - Errors for symbols: [['ADN'], ['AACI']]
2025-10-30 16:40:08 - Errors for symbols: [['ADN'], ['AACI']]
2025-10-30 16:45:09 - Errors for symbols: [['ADN'], ['AACI']]
2025-10-30 16:50:09 - Errors for symbols: [['ADN'], ['AACI']]
2025-10-30 16:55:08 - Errors for symbols: [['ADN'], ['AACI']]
2025-10-30 17:00:10 - Errors for symbols: [['ADN'], ['AACI']]
2025-10-30 17:05:09 - Errors for symbols: [['ADN'], ['AACI']]
2025-10-30 17:10:09 - Errors for symbols: [['ADN'], ['AACI']]
2025-10-30 17:15:09 - Errors for symbols: [['ADN'], ['AACI']]
2025-10-30 17:20:09 - Errors for symbols: [['ADN'], ['AACI']]
2025-10-30 17:25:09 - Errors for symbols: [['ADN'], ['AACI']]
2025-10-30 17:30:09 - Errors for symbols: [['ADN'], ['AACI']]
2025-10-30 17:35:09 - Errors for symbols: [['ADN'], ['AACI']]
2025-10-30 17:40:09 - Errors for symbols: [['ADN'], ['AACI']]
2025-10-30 17:45:09 - Errors for symbols: [['ADN'], ['AACI']]
2025-10-30 17:50:09 - Errors for symbols: [['ADN'], ['AACI']]
2025-10-30 17:55:09 - Errors for symbols: [['ADN'], ['AACI']]
2025-10-30 18:00:10 - Errors for symbols: [['ADN'], ['AACI']]
2025-10-30 18:05:09 - Errors for symbols: [['ADN'], ['AACI']]
2025-10-30 18:10:09 - Errors for symbols: [['ADN'], ['AACI']]
2025-10-30 18:15:10 - Errors for symbols: [['ADN'], ['AACI']]
2025-10-30 18:20:09 - Errors for symbols: [['ADN'], ['AACI']]
2025-10-30 18:25:09 - Errors for symbols: [['ADN'], ['AACI']]
2025-10-30 18:30:09 - Errors for symbols: [['ADN'], ['AACI']]
2025-10-30 18:35:09 - Errors for symbols: [['ADN'], ['AACI']]
2025-10-30 18:40:08 - Errors for symbols: [['ADN'], ['AACI']]
2025-10-30 18:45:08 - Errors for symbols: [['ADN'], ['AACI']]
2025-10-30 18:50:09 - Errors for symbols: [['ADN'], ['AACI']]
2025-10-30 18:55:09 - Errors for symbols: [['ADN'], ['AACI']]
2025-10-30 19:00:09 - Errors for symbols: [['ADN'], ['AACI']]
2025-10-30 19:05:09 - Errors for symbols: [['ADN'], ['AACI']]
2025-10-30 19:10:10 - Errors for symbols: [['ADN'], ['AACI']]
2025-10-30 19:15:09 - Errors for symbols: [['ADN'], ['AACI']]
2025-10-30 19:20:09 - Errors for symbols: [['ADN'], ['AACI']]
2025-10-30 19:25:09 - Errors for symbols: [['ADN'], ['AACI']]
2025-10-30 19:30:10 - Errors for symbols: [['ADN'], ['AACI']]
2025-10-30 19:35:09 - Errors for symbols: [['ADN'], ['AACI']]
2025-10-30 19:40:09 - Errors for symbols: [['ADN'], ['AACI']]
2025-10-30 19:45:09 - Errors for symbols: [['ADN'], ['AACI']]
2025-10-30 19:50:09 - Errors for symbols: [['ADN'], ['AACI']]
2025-10-30 19:55:10 - Errors for symbols: [['ADN'], ['AACI']]
2025-10-30 20:00:09 - Errors for symbols: [['ADN'], ['AACI']]
2025-10-30 20:05:09 - Errors for symbols: [['ADN'], ['AACI']]
2025-10-30 20:10:10 - Errors for symbols: [['ADN'], ['AACI']]
2025-10-30 20:15:09 - Errors for symbols: [['ADN'], ['AACI']]
2025-10-30 20:20:09 - Errors for symbols: [['ADN'], ['AACI']]
2025-10-30 20:25:09 - Errors for symbols: [['ADN'], ['AACI']]
2025-10-30 20:30:09 - Errors for symbols: [['ADN'], ['AACI']]
2025-10-30 20:35:09 - Errors for symbols: [['ADN'], ['AACI']]
2025-10-30 20:40:10 - Errors for symbols: [['ADN'], ['AACI']]
2025-10-30 20:45:08 - Errors for symbols: [['ADN'], ['AACI']]
2025-10-30 20:50:09 - Errors for symbols: [['ADN'], ['AACI']]
2025-10-30 20:55:09 - Errors for symbols: [['ADN'], ['AACI']]
2025-10-30 21:00:09 - Errors for symbols: [['ADN'], ['AACI']]
2025-10-30 21:05:09 - Errors for symbols: [['ADN'], ['AACI']]
2025-10-30 21:10:08 - Errors for symbols: [['ADN'], ['AACI']]
2025-10-30 21:15:09 - Errors for symbols: [['ADN'], ['AACI']]
2025-10-30 21:20:10 - Errors for symbols: [['ADN'], ['AACI']]
2025-10-30 21:25:09 - Errors for symbols: [['ADN'], ['AACI']]
2025-10-30 21:30:11 - Errors for symbols: [['ADN'], ['AACI']]
2025-10-30 21:35:10 - Errors for symbols: [['ADN'], ['AACI']]
2025-10-30 21:40:09 - Errors for symbols: [['ADN'], ['AACI']]
2025-10-30 21:45:08 - Errors for symbols: [['ADN'], ['AACI']]
2025-10-30 21:50:09 - Errors for symbols: [['ADN'], ['AACI']]
2025-10-30 21:55:10 - Errors for symbols: [['ADN'], ['AACI']]
2025-10-30 22:00:10 - Errors for symbols: [['ADN'], ['AACI']]
2025-10-30 22:05:09 - Errors for symbols: [['ADN'], ['AACI']]
2025-10-30 22:10:08 - Errors for symbols: [['ADN'], ['AACI']]
2025-10-30 22:15:09 - Errors for symbols: [['ADN'], ['AACI']]
2025-10-30 22:20:09 - Errors for symbols: [['ADN'], ['AACI']]
2025-10-30 22:25:10 - Errors for symbols: [['ADN'], ['AACI']]
2025-10-30 22:30:09 - Errors for symbols: [['ADN'], ['AACI']]
2025-10-30 22:35:08 - Errors for symbols: [['ADN'], ['AACI']]
2025-10-30 22:40:09 - Errors for symbols: [['ADN'], ['AACI']]
2025-10-30 22:45:08 - Errors for symbols: [['ADN'], ['AACI']]
2025-10-30 22:50:09 - Errors for symbols: [['ADN'], ['AACI']]
2025-10-30 22:55:09 - Errors for symbols: [['ADN'], ['AACI']]
2025-10-30 23:00:11 - Errors for symbols: [['ADN'], ['AACI']]
2025-10-30 23:05:09 - Errors for symbols: [['ADN'], ['AACI']]
2025-10-30 23:10:08 - Errors for symbols: [['ADN'], ['AACI']]
2025-10-30 23:15:10 - Errors for symbols: [['ADN'], ['AACI']]
2025-10-30 23:20:09 - Errors for symbols: [['ADN'], ['AACI']]
2025-10-30 23:25:10 - Errors for symbols: [['ADN'], ['AACI']]
2025-10-30 23:30:10 - Errors for symbols: [['ADN'], ['AACI']]
2025-10-30 23:35:10 - Errors for symbols: [['ADN'], ['AACI']]
2025-10-30 23:40:09 - Errors for symbols: [['ADN'], ['AACI']]
2025-10-31 01:20:09 - Errors for symbols: [['CCCS']]
2025-10-31 01:25:09 - Errors for symbols: [['CCCS']]
2025-10-31 01:30:09 - Errors for symbols: [['CCCS']]
2025-10-31 01:35:08 - Errors for symbols: [['CCCS']]
2025-10-31 01:40:08 - Errors for symbols: [['CCCS']]
2025-10-31 01:45:08 - Errors for symbols: [['CCCS']]
2025-10-31 01:50:09 - Errors for symbols: [['CCCS']]
2025-10-31 01:55:08 - Errors for symbols: [['CCCS']]
2025-10-31 02:00:09 - Errors for symbols: [['CCCS']]
2025-10-31 02:05:08 - Errors for symbols: [['CCCS']]
2025-10-31 02:10:08 - Errors for symbols: [['CCCS']]
2025-10-31 02:15:08 - Errors for symbols: [['CCCS']]
2025-10-31 02:20:09 - Errors for symbols: [['CCCS']]
2025-10-31 02:25:08 - Errors for symbols: [['CCCS']]
2025-10-31 02:30:09 - Errors for symbols: [['CCCS']]
2025-10-31 02:35:09 - Errors for symbols: [['CCCS']]
2025-10-31 02:40:08 - Errors for symbols: [['CCCS']]
2025-10-31 02:45:09 - Errors for symbols: [['CCCS']]
2025-10-31 02:50:08 - Errors for symbols: [['CCCS']]
2025-10-31 02:55:09 - Errors for symbols: [['CCCS']]
2025-10-31 03:00:09 - Errors for symbols: [['CCCS']]
2025-10-31 03:05:08 - Errors for symbols: [['CCCS']]
2025-10-31 03:10:09 - Errors for symbols: [['CCCS']]
2025-10-31 03:15:08 - Errors for symbols: [['CCCS']]
2025-10-31 03:20:10 - Errors for symbols: [['CCCS']]
2025-10-31 03:25:08 - Errors for symbols: [['CCCS']]
2025-10-31 03:30:08 - Errors for symbols: [['CCCS']]
2025-10-31 03:35:08 - Errors for symbols: [['CCCS']]
2025-10-31 03:40:07 - Errors for symbols: [['CCCS']]
2025-10-31 03:45:08 - Errors for symbols: [['CCCS']]
2025-10-31 03:50:09 - Errors for symbols: [['CCCS']]
2025-10-31 03:55:08 - Errors for symbols: [['CCCS']]
2025-10-31 04:00:08 - Errors for symbols: [['CCCS']]
2025-10-31 04:00:15 - Errors for symbols: [['CCCS']]
2025-10-31 04:05:09 - Errors for symbols: [['CCCS']]
2025-10-31 04:10:08 - Errors for symbols: [['CCCS']]
2025-10-31 04:15:08 - Errors for symbols: [['CCCS']]
2025-10-31 04:20:07 - Errors for symbols: [['CCCS']]
2025-10-31 04:25:08 - Errors for symbols: [['CCCS']]
2025-10-31 04:30:08 - Errors for symbols: [['CCCS']]
2025-10-31 04:35:08 - Errors for symbols: [['CCCS']]
2025-10-31 04:40:08 - Errors for symbols: [['CCCS']]
2025-10-31 04:45:08 - Errors for symbols: [['CCCS']]
2025-10-31 04:50:08 - Errors for symbols: [['CCCS']]
2025-10-31 04:55:07 - Errors for symbols: [['CCCS']]
2025-10-31 05:00:08 - Errors for symbols: [['CCCS']]
2025-10-31 05:05:08 - Errors for symbols: [['CCCS']]
2025-10-31 05:10:08 - Errors for symbols: [['CCCS']]
2025-10-31 05:15:08 - Errors for symbols: [['CCCS']]
2025-10-31 05:20:08 - Errors for symbols: [['CCCS']]
2025-10-31 05:25:08 - Errors for symbols: [['CCCS']]
2025-10-31 05:30:08 - Errors for symbols: [['CCCS']]
2025-10-31 05:35:08 - Errors for symbols: [['CCCS']]
2025-10-31 05:40:08 - Errors for symbols: [['CCCS']]
2025-10-31 05:45:09 - Errors for symbols: [['CCCS']]
2025-10-31 05:50:08 - Errors for symbols: [['CCCS']]
2025-10-31 05:55:08 - Errors for symbols: [['CCCS']]
2025-10-31 06:00:09 - Errors for symbols: [['CCCS']]
2025-10-31 06:05:08 - Errors for symbols: [['CCCS']]
2025-10-31 06:10:08 - Errors for symbols: [['CCCS']]
2025-10-31 06:15:08 - Errors for symbols: [['CCCS']]
2025-10-31 06:20:07 - Errors for symbols: [['CCCS']]
2025-10-31 06:25:08 - Errors for symbols: [['CCCS']]
2025-10-31 06:30:10 - Errors for symbols: [['CCCS']]
2025-10-31 06:35:08 - Errors for symbols: [['CCCS']]
2025-10-31 06:40:09 - Errors for symbols: [['CCCS']]
2025-10-31 06:45:07 - Errors for symbols: [['CCCS']]
2025-10-31 06:50:08 - Errors for symbols: [['CCCS']]
2025-10-31 06:55:08 - Errors for symbols: [['CCCS']]
2025-10-31 07:00:08 - Errors for symbols: [['CCCS']]
2025-10-31 07:05:08 - Errors for symbols: [['CCCS']]
2025-10-31 07:10:08 - Errors for symbols: [['CCCS']]
2025-10-31 07:15:08 - Errors for symbols: [['CCCS']]
2025-10-31 07:20:07 - Errors for symbols: [['CCCS']]
2025-10-31 07:25:08 - Errors for symbols: [['CCCS']]
2025-10-31 07:30:08 - Errors for symbols: [['CCCS']]
2025-10-31 07:35:07 - Errors for symbols: [['CCCS']]
2025-10-31 07:40:08 - Errors for symbols: [['CCCS']]
2025-10-31 07:45:08 - Errors for symbols: [['CCCS']]
2025-10-31 07:50:07 - Errors for symbols: [['CCCS']]
2025-10-31 07:55:08 - Errors for symbols: [['CCCS']]
2025-10-31 08:00:08 - Errors for symbols: [['CCCS']]
2025-10-31 08:05:08 - Errors for symbols: [['CCCS']]
2025-10-31 08:10:08 - Errors for symbols: [['CCCS']]
2025-10-31 08:15:08 - Errors for symbols: [['CCCS']]
2025-10-31 08:20:08 - Errors for symbols: [['CCCS']]
2025-10-31 08:25:08 - Errors for symbols: [['CCCS']]
2025-10-31 08:30:09 - Errors for symbols: [['CCCS']]
2025-10-31 08:35:08 - Errors for symbols: [['CCCS']]
2025-10-31 08:40:09 - Errors for symbols: [['CCCS']]
2025-10-31 08:45:08 - Errors for symbols: [['CCCS']]
2025-10-31 08:50:09 - Errors for symbols: [['CCCS']]
2025-10-31 08:55:08 - Errors for symbols: [['CCCS']]
2025-10-31 09:00:09 - Errors for symbols: [['CCCS']]
2025-10-31 09:05:08 - Errors for symbols: [['CCCS']]
2025-10-31 09:10:08 - Errors for symbols: [['CCCS']]
2025-10-31 09:15:08 - Errors for symbols: [['CCCS']]
2025-10-31 09:20:08 - Errors for symbols: [['CCCS']]
2025-10-31 09:25:08 - Errors for symbols: [['CCCS']]
2025-10-31 09:30:09 - Errors for symbols: [['CCCS']]
2025-10-31 09:35:08 - Errors for symbols: [['CCCS']]
2025-10-31 09:40:09 - Errors for symbols: [['CCCS']]
2025-10-31 09:45:09 - Errors for symbols: [['CCCS']]
2025-10-31 09:50:08 - Errors for symbols: [['CCCS']]
2025-10-31 09:55:09 - Errors for symbols: [['CCCS']]
2025-10-31 10:00:09 - Errors for symbols: [['CCCS']]
2025-10-31 10:05:08 - Errors for symbols: [['CCCS']]
2025-10-31 10:10:11 - Errors for symbols: [['CCCS']]
2025-10-31 10:15:08 - Errors for symbols: [['CCCS']]
2025-10-31 10:20:10 - Errors for symbols: [['CCCS']]
2025-10-31 10:25:09 - Errors for symbols: [['CCCS']]
2025-10-31 10:30:09 - Errors for symbols: [['CCCS']]
2025-10-31 10:35:09 - Errors for symbols: [['CCCS']]
2025-10-31 10:40:08 - Errors for symbols: [['CCCS']]
2025-10-31 10:45:09 - Errors for symbols: [['CCCS']]
2025-10-31 10:50:08 - Errors for symbols: [['CCCS']]
2025-10-31 10:55:09 - Errors for symbols: [['CCCS']]
2025-10-31 11:00:10 - Errors for symbols: [['CCCS']]
2025-10-31 11:05:09 - Errors for symbols: [['CCCS']]
2025-10-31 11:10:08 - Errors for symbols: [['CCCS']]
2025-10-31 11:15:09 - Errors for symbols: [['CCCS']]
2025-10-31 11:20:08 - Errors for symbols: [['CCCS']]
2025-10-31 11:25:09 - Errors for symbols: [['CCCS']]
2025-10-31 11:30:09 - Errors for symbols: [['CCCS']]
2025-10-31 11:35:09 - Errors for symbols: [['CCCS']]
2025-10-31 11:40:09 - Errors for symbols: [['CCCS']]
2025-10-31 11:45:09 - Errors for symbols: [['CCCS']]
2025-10-31 11:50:09 - Errors for symbols: [['CCCS']]
2025-10-31 11:55:07 - Errors for symbols: [['CCCS']]
2025-10-31 12:00:09 - Errors for symbols: [['CCCS']]
2025-10-31 12:05:09 - Errors for symbols: [['CCCS']]
2025-10-31 12:10:08 - Errors for symbols: [['CCCS']]
2025-10-31 12:15:09 - Errors for symbols: [['CCCS']]
2025-10-31 12:20:10 - Errors for symbols: [['CCCS']]
2025-10-31 12:25:09 - Errors for symbols: [['CCCS']]
2025-10-31 12:30:10 - Errors for symbols: [['CCCS']]
2025-10-31 12:35:08 - Errors for symbols: [['CCCS']]
2025-10-31 12:40:08 - Errors for symbols: [['CCCS']]
2025-10-31 12:45:09 - Errors for symbols: [['CCCS']]
2025-10-31 12:50:08 - Errors for symbols: [['CCCS']]
2025-10-31 12:55:08 - Errors for symbols: [['CCCS']]
2025-10-31 13:00:10 - Errors for symbols: [['CCCS']]
2025-10-31 13:05:09 - Errors for symbols: [['CCCS']]
2025-10-31 13:10:10 - Errors for symbols: [['CCCS']]
2025-10-31 13:15:09 - Errors for symbols: [['CCCS']]
2025-10-31 13:20:09 - Errors for symbols: [['CCCS']]
2025-10-31 13:25:09 - Errors for symbols: [['CCCS']]
2025-10-31 13:30:09 - Errors for symbols: [['CCCS']]
2025-10-31 13:35:08 - Errors for symbols: [['CCCS']]
2025-10-31 13:40:09 - Errors for symbols: [['CCCS']]
2025-10-31 13:45:09 - Errors for symbols: [['CCCS']]
2025-10-31 13:50:09 - Errors for symbols: [['CCCS']]
2025-10-31 13:55:08 - Errors for symbols: [['CCCS']]
2025-10-31 14:00:09 - Errors for symbols: [['CCCS']]
2025-10-31 14:05:08 - Errors for symbols: [['CCCS']]
2025-10-31 14:10:10 - Errors for symbols: [['CCCS']]
2025-10-31 14:15:09 - Errors for symbols: [['CCCS']]
2025-10-31 14:20:08 - Errors for symbols: [['CCCS']]
2025-10-31 14:25:08 - Errors for symbols: [['CCCS']]
2025-10-31 14:30:10 - Errors for symbols: [['CCCS']]
2025-10-31 14:35:08 - Errors for symbols: [['CCCS']]
2025-10-31 14:40:09 - Errors for symbols: [['CCCS']]
2025-10-31 14:45:11 - Errors for symbols: [['CCCS']]
2025-10-31 14:50:09 - Errors for symbols: [['CCCS']]
2025-10-31 14:55:08 - Errors for symbols: [['CCCS']]
2025-10-31 15:00:11 - Errors for symbols: [['CCCS']]
2025-10-31 15:05:09 - Errors for symbols: [['CCCS']]
2025-10-31 15:10:09 - Errors for symbols: [['CCCS']]
2025-10-31 15:15:09 - Errors for symbols: [['CCCS']]
2025-10-31 15:20:09 - Errors for symbols: [['CCCS']]
2025-10-31 15:25:08 - Errors for symbols: [['CCCS']]
2025-10-31 15:30:09 - Errors for symbols: [['CCCS']]
2025-10-31 15:35:11 - Errors for symbols: [['CCCS']]
2025-10-31 15:40:08 - Errors for symbols: [['CCCS']]
2025-10-31 15:45:09 - Errors for symbols: [['CCCS']]
2025-10-31 15:50:07 - Errors for symbols: [['CCCS']]
2025-10-31 15:55:08 - Errors for symbols: [['CCCS']]
2025-10-31 16:00:10 - Errors for symbols: [['CCCS']]
2025-10-31 16:05:09 - Errors for symbols: [['CCCS']]
2025-10-31 16:10:09 - Errors for symbols: [['CCCS']]
2025-10-31 16:15:09 - Errors for symbols: [['CCCS']]
2025-10-31 16:20:08 - Errors for symbols: [['CCCS']]
2025-10-31 16:25:08 - Errors for symbols: [['CCCS']]
2025-10-31 16:30:09 - Errors for symbols: [['CCCS']]
2025-10-31 16:35:08 - Errors for symbols: [['CCCS']]
2025-10-31 16:40:08 - Errors for symbols: [['CCCS']]
2025-10-31 16:45:10 - Errors for symbols: [['CCCS']]
2025-10-31 16:50:09 - Errors for symbols: [['CCCS']]
2025-10-31 16:55:08 - Errors for symbols: [['CCCS']]
2025-10-31 17:00:09 - Errors for symbols: [['CCCS']]
2025-10-31 17:05:09 - Errors for symbols: [['CCCS']]
2025-10-31 17:10:09 - Errors for symbols: [['CCCS']]
2025-10-31 17:15:10 - Errors for symbols: [['CCCS']]
2025-10-31 17:20:08 - Errors for symbols: [['CCCS']]
2025-10-31 17:25:09 - Errors for symbols: [['CCCS']]
2025-10-31 17:30:09 - Errors for symbols: [['CCCS']]
2025-10-31 17:35:08 - Errors for symbols: [['CCCS']]
2025-10-31 17:40:08 - Errors for symbols: [['CCCS']]
2025-10-31 17:45:09 - Errors for symbols: [['CCCS']]
2025-10-31 17:50:08 - Errors for symbols: [['CCCS']]
2025-10-31 17:55:08 - Errors for symbols: [['CCCS']]
2025-10-31 18:00:09 - Errors for symbols: [['CCCS']]
2025-10-31 18:05:09 - Errors for symbols: [['CCCS']]
2025-10-31 18:10:08 - Errors for symbols: [['CCCS']]
2025-10-31 18:15:09 - Errors for symbols: [['CCCS']]
2025-10-31 18:20:10 - Errors for symbols: [['CCCS']]
2025-10-31 18:25:09 - Errors for symbols: [['CCCS']]
2025-10-31 18:30:10 - Errors for symbols: [['CCCS']]
2025-10-31 18:35:09 - Errors for symbols: [['CCCS']]
2025-10-31 18:40:10 - Errors for symbols: [['CCCS']]
2025-10-31 18:45:08 - Errors for symbols: [['CCCS']]
2025-10-31 18:50:09 - Errors for symbols: [['CCCS']]
2025-10-31 18:55:08 - Errors for symbols: [['CCCS']]
2025-10-31 19:00:09 - Errors for symbols: [['CCCS']]
2025-10-31 19:05:08 - Errors for symbols: [['CCCS']]
2025-10-31 19:10:08 - Errors for symbols: [['CCCS']]
2025-10-31 19:15:08 - Errors for symbols: [['CCCS']]
2025-10-31 19:20:10 - Errors for symbols: [['CCCS']]
2025-10-31 19:25:10 - Errors for symbols: [['CCCS']]
2025-10-31 19:30:10 - Errors for symbols: [['CCCS']]
2025-10-31 19:35:10 - Errors for symbols: [['CCCS']]
2025-10-31 19:40:09 - Errors for symbols: [['CCCS']]
2025-10-31 19:45:08 - Errors for symbols: [['CCCS']]
2025-10-31 19:50:09 - Errors for symbols: [['CCCS']]
2025-10-31 19:55:08 - Errors for symbols: [['CCCS']]
2025-10-31 20:00:09 - Errors for symbols: [['CCCS']]
2025-10-31 20:05:08 - Errors for symbols: [['CCCS']]
2025-10-31 20:10:09 - Errors for symbols: [['CCCS']]
2025-10-31 20:15:08 - Errors for symbols: [['CCCS']]
2025-10-31 20:20:08 - Errors for symbols: [['CCCS']]
2025-10-31 20:25:09 - Errors for symbols: [['CCCS']]
2025-10-31 20:30:09 - Errors for symbols: [['CCCS']]
2025-10-31 20:35:09 - Errors for symbols: [['CCCS']]
2025-10-31 20:40:09 - Errors for symbols: [['CCCS']]
2025-10-31 20:45:08 - Errors for symbols: [['CCCS']]
2025-10-31 20:50:09 - Errors for symbols: [['CCCS']]
2025-10-31 20:55:09 - Errors for symbols: [['CCCS']]
2025-10-31 21:00:09 - Errors for symbols: [['CCCS']]
2025-10-31 21:05:09 - Errors for symbols: [['CCCS']]
2025-10-31 21:10:09 - Errors for symbols: [['CCCS']]
2025-10-31 21:15:08 - Errors for symbols: [['CCCS']]
2025-10-31 21:20:09 - Errors for symbols: [['CCCS']]
2025-10-31 21:25:09 - Errors for symbols: [['CCCS']]
2025-10-31 21:30:09 - Errors for symbols: [['CCCS']]
2025-10-31 21:35:08 - Errors for symbols: [['CCCS']]
2025-10-31 21:40:08 - Errors for symbols: [['CCCS']]
2025-10-31 21:45:10 - Errors for symbols: [['CCCS']]
2025-10-31 21:50:08 - Errors for symbols: [['CCCS']]
2025-10-31 21:55:09 - Errors for symbols: [['CCCS']]
2025-10-31 22:00:10 - Errors for symbols: [['CCCS']]
2025-10-31 22:05:08 - Errors for symbols: [['CCCS']]
2025-10-31 22:10:08 - Errors for symbols: [['CCCS']]
2025-10-31 22:15:08 - Errors for symbols: [['CCCS']]
2025-10-31 22:20:08 - Errors for symbols: [['CCCS']]
2025-10-31 22:25:09 - Errors for symbols: [['CCCS']]
2025-10-31 22:30:09 - Errors for symbols: [['CCCS']]
2025-10-31 22:35:08 - Errors for symbols: [['CCCS']]
2025-10-31 22:40:08 - Errors for symbols: [['CCCS']]
2025-10-31 22:45:08 - Errors for symbols: [['CCCS']]
2025-10-31 22:50:08 - Errors for symbols: [['CCCS']]
2025-10-31 22:55:09 - Errors for symbols: [['CCCS']]
2025-10-31 23:00:09 - Errors for symbols: [['CCCS']]
2025-10-31 23:05:07 - Errors for symbols: [['CCCS']]
2025-10-31 23:10:07 - Errors for symbols: [['CCCS']]
2025-10-31 23:15:10 - Errors for symbols: [['CCCS']]
2025-10-31 23:20:08 - Errors for symbols: [['CCCS']]
2025-10-31 23:25:09 - Errors for symbols: [['CCCS']]
2025-10-31 23:30:09 - Errors for symbols: [['CCCS']]
2025-10-31 23:35:08 - Errors for symbols: [['CCCS']]
2025-10-31 23:40:08 - Errors for symbols: [['CCCS']]
