ticker,name,sector,exchange,industry
NASDAQ:TSLA,TSLA,Consumer Durables,NASDAQ,Motor Vehicles
NASDAQ:NVDA,NVDA,Electronic Technology,NASDAQ,Semiconductors
NASDAQ:AAPL,AAPL,Electronic Technology,NASDAQ,Telecommunications Equipment
NASDAQ:INTC,INTC,Electronic Technology,NASDAQ,Semiconductors
NASDAQ:AMZN,AMZN,Retail Trade,NASDAQ,Internet Retail
NASDAQ:MSFT,MSFT,Technology Services,NASDAQ,Packaged Software
NASDAQ:PLTR,PLTR,Technology Services,NASDAQ,Packaged Software
NYSE:ORCL,ORCL,Technology Services,NYSE,Packaged Software
NASDAQ:META,META,Technology Services,NASDAQ,Internet Software/Services
NASDAQ:AVGO,AVGO,Electronic Technology,NASDAQ,Semiconductors
NASDAQ:AMD,AMD,Electronic Technology,NASDAQ,Semiconductors
NASDAQ:GOOGL,GOOGL,Technology Services,NASDAQ,Internet Software/Services
NASDAQ:COST,COST,Retail Trade,NASDAQ,Specialty Stores
NASDAQ:GOOG,GOOG,Technology Services,NASDAQ,Internet Software/Services
NASDAQ:APP,APP,Technology Services,NASDAQ,Packaged Software
NYSE:BA,BA,Electronic Technology,NYSE,Aerospace & Defense
NASDAQ:MU,MU,Electronic Technology,NASDAQ,Semiconductors
NASDAQ:MSTR,MSTR,Technology Services,NASDAQ,Internet Software/Services
NASDAQ:CRWV,CRWV,Technology Services,NASDAQ,Packaged Software
NYSE:V,V,Finance,NYSE,Finance/Rental/Leasing
NASDAQ:HOOD,HOOD,Finance,NASDAQ,Investment Banks/Brokers
NASDAQ:RGTI,RGTI,Electronic Technology,NASDAQ,Computer Processing Hardware
NASDAQ:EA,EA,Technology Services,NASDAQ,Packaged Software
NYSE:OKLO,OKLO,Producer Manufacturing,NYSE,Industrial Machinery
NYSE:LLY,LLY,Health Technology,NYSE,Pharmaceuticals: Major
NYSE:IBM,IBM,Technology Services,NYSE,Information Technology Services
NASDAQ:IREN,IREN,Technology Services,NASDAQ,Data Processing Services
NASDAQ:NFLX,NFLX,Technology Services,NASDAQ,Internet Software/Services
NYSE:UNH,UNH,Health Services,NYSE,Managed Health Care
NYSE:JPM,JPM,Finance,NYSE,Major Banks
NASDAQ:MRVL,MRVL,Electronic Technology,NASDAQ,Semiconductors
NYSE:XOM,XOM,Energy Minerals,NYSE,Integrated Oil
NYSE:IONQ,IONQ,Electronic Technology,NYSE,Computer Processing Hardware
NASDAQ:COIN,COIN,Finance,NASDAQ,Investment Banks/Brokers
AMEX:BMNR,BMNR,Finance,AMEX,Financial Conglomerates
NYSE:ACN,ACN,Technology Services,NYSE,Information Technology Services
NYSE:BRK.B,BRK/B,Finance,NYSE,Property/Casualty Insurance
NYSE:QBTS,QBTS,Electronic Technology,NYSE,Computer Processing Hardware
NASDAQ:NBIS,NBIS,Technology Services,NASDAQ,Packaged Software
NYSE:HIMS,HIMS,Health Services,NYSE,Medical/Nursing Services
NYSE:JNJ,JNJ,Health Technology,NYSE,Pharmaceuticals: Major
NASDAQ:AMAT,AMAT,Producer Manufacturing,NASDAQ,Industrial Machinery
NYSE:FCX,FCX,Non-Energy Minerals,NYSE,Other Metals/Minerals
NASDAQ:OPEN,OPEN,Finance,NASDAQ,Real Estate Development
NYSE:F,F,Consumer Durables,NYSE,Motor Vehicles
NYSE:SNAP,SNAP,Technology Services,NYSE,Packaged Software
NYSE:MP,MP,Non-Energy Minerals,NYSE,Other Metals/Minerals
NASDAQ:SNPS,SNPS,Technology Services,NASDAQ,Packaged Software
NYSE:WMT,WMT,Retail Trade,NYSE,Specialty Stores
NYSE:CRM,CRM,Technology Services,NYSE,Packaged Software
NYSE:GEV,GEV,Producer Manufacturing,NYSE,Electrical Products
NASDAQ:CIFR,CIFR,Technology Services,NASDAQ,Data Processing Services
NYSE:LAC,LAC,Process Industries,NYSE,Chemicals: Specialty
NYSE:MA,MA,Finance,NYSE,Finance/Rental/Leasing
NASDAQ:CSCO,CSCO,Electronic Technology,NASDAQ,Telecommunications Equipment
NYSE:TMO,TMO,Health Technology,NYSE,Medical Specialties
NASDAQ:QURE,QURE,Health Technology,NASDAQ,Biotechnology
NASDAQ:ALAB,ALAB,Electronic Technology,NASDAQ,Semiconductors
NYSE:BE,BE,Producer Manufacturing,NYSE,Electrical Products
NASDAQ:ADBE,ADBE,Technology Services,NASDAQ,Packaged Software
NYSE:NOW,NOW,Technology Services,NYSE,Packaged Software
NYSE:GE,GE,Electronic Technology,NYSE,Aerospace & Defense
NASDAQ:QCOM,QCOM,Electronic Technology,NASDAQ,Semiconductors
NASDAQ:LRCX,LRCX,Producer Manufacturing,NASDAQ,Industrial Machinery
NYSE:KO,KO,Consumer Non-Durables,NYSE,Beverages: Non-Alcoholic
NASDAQ:ISRG,ISRG,Health Technology,NASDAQ,Medical Specialties
NYSE:BAC,BAC,Finance,NYSE,Major Banks
NYSE:RDDT,RDDT,Technology Services,NYSE,Internet Software/Services
NASDAQ:PEP,PEP,Consumer Non-Durables,NASDAQ,Food: Specialty/Candy
NASDAQ:ZS,ZS,Technology Services,NASDAQ,Packaged Software
NASDAQ:DLTR,DLTR,Retail Trade,NASDAQ,Discount Stores
NYSE:SNOW,SNOW,Technology Services,NYSE,Packaged Software
NYSE:CVX,CVX,Energy Minerals,NYSE,Integrated Oil
NASDAQ:RKLB,RKLB,Electronic Technology,NASDAQ,Aerospace & Defense
NYSE:RBLX,RBLX,Technology Services,NYSE,Packaged Software
NASDAQ:TXN,TXN,Electronic Technology,NASDAQ,Semiconductors
NYSE:C,C,Finance,NYSE,Major Banks
NASDAQ:INTU,INTU,Technology Services,NASDAQ,Packaged Software
NYSE:SMR,SMR,Producer Manufacturing,NYSE,Electrical Products
NYSE:UNP,UNP,Transportation,NYSE,Railroads
NASDAQ:SOFI,SOFI,Finance,NASDAQ,Finance/Rental/Leasing
NYSE:GS,GS,Finance,NYSE,Investment Banks/Brokers
NASDAQ:CRWD,CRWD,Technology Services,NASDAQ,Packaged Software
NASDAQ:HWH,HWH,Finance,NASDAQ,Financial Conglomerates
NYSE:HD,HD,Retail Trade,NYSE,Home Improvement Chains
NASDAQ:AFRM,AFRM,Finance,NASDAQ,Finance/Rental/Leasing
NYSE:DELL,DELL,Electronic Technology,NYSE,Computer Processing Hardware
NASDAQ:IPDN,IPDN,Commercial Services,NASDAQ,Commercial Printing/Forms
NYSE:UBER,UBER,Transportation,NYSE,Other Transportation
NASDAQ:MDB,MDB,Technology Services,NASDAQ,Packaged Software
NASDAQ:ADSK,ADSK,Technology Services,NASDAQ,Packaged Software
NYSE:CAT,CAT,Producer Manufacturing,NYSE,Trucks/Construction/Farm Machinery
NASDAQ:SMCI,SMCI,Electronic Technology,NASDAQ,Computer Processing Hardware
NASDAQ:ULTA,ULTA,Retail Trade,NASDAQ,Specialty Stores
NYSE:ELAN,ELAN,Health Technology,NYSE,Biotechnology
NYSE:CRCL,CRCL,Technology Services,NYSE,Packaged Software
NYSE:SPOT,SPOT,Technology Services,NYSE,Internet Software/Services
NYSE:NU,NU,Finance,NYSE,Regional Banks
NASDAQ:FSLR,FSLR,Electronic Technology,NASDAQ,Semiconductors
NASDAQ:KLAC,KLAC,Electronic Technology,NASDAQ,Semiconductors
NASDAQ:PANW,PANW,Technology Services,NASDAQ,Packaged Software
NASDAQ:SBET,SBET,Commercial Services,NASDAQ,Advertising/Marketing Services
NYSE:NEE,NEE,Utilities,NYSE,Electric Utilities
NASDAQ:TEM,TEM,Technology Services,NASDAQ,Packaged Software
NASDAQ:WULF,WULF,Technology Services,NASDAQ,Data Processing Services
NYSE:DE,DE,Producer Manufacturing,NYSE,Trucks/Construction/Farm Machinery
NYSE:TWLO,TWLO,Technology Services,NYSE,Packaged Software
NYSE:DHI,DHI,Consumer Durables,NYSE,Homebuilding
NASDAQ:TTD,TTD,Technology Services,NASDAQ,Packaged Software
NASDAQ:LULU,LULU,Consumer Non-Durables,NASDAQ,Apparel/Footwear
NYSE:CVNA,CVNA,Retail Trade,NYSE,Specialty Stores
NYSE:ELV,ELV,Health Services,NYSE,Managed Health Care
NASDAQ:SHOP,SHOP,Commercial Services,NASDAQ,Miscellaneous Commercial Services
NASDAQ:MELI,MELI,Retail Trade,NASDAQ,Internet Retail
NYSE:T,T,Communications,NYSE,Wireless Telecommunications
NYSE:WFC,WFC,Finance,NYSE,Major Banks
NYSE:COF,COF,Finance,NYSE,Major Banks
NASDAQ:RUN,RUN,Electronic Technology,NASDAQ,Semiconductors
NYSE:PG,PG,Consumer Non-Durables,NYSE,Household/Personal Care
NYSE:ANET,ANET,Electronic Technology,NYSE,Computer Peripherals
NYSE:PFE,PFE,Health Technology,NYSE,Pharmaceuticals: Major
NASDAQ:TMUS,TMUS,Communications,NASDAQ,Wireless Telecommunications
NYSE:BLSH,BLSH,Technology Services,NYSE,Packaged Software
NYSE:COHR,COHR,Electronic Technology,NYSE,Semiconductors
NYSE:ABT,ABT,Health Technology,NYSE,Medical Specialties
NASDAQ:PGEN,PGEN,Health Technology,NASDAQ,Biotechnology
NYSE:CI,CI,Finance,NYSE,Insurance Brokers/Services
NYSE:VST,VST,Utilities,NYSE,Electric Utilities
NASDAQ:SOUN,SOUN,Technology Services,NASDAQ,Packaged Software
NASDAQ:AAL,AAL,Transportation,NASDAQ,Airlines
NYSE:JOBY,JOBY,Electronic Technology,NYSE,Aerospace & Defense
NYSE:UPS,UPS,Transportation,NYSE,Air Freight/Couriers
NYSE:VZ,VZ,Communications,NYSE,Wireless Telecommunications
NYSE:MRK,MRK,Health Technology,NYSE,Pharmaceuticals: Major
NYSE:SCHW,SCHW,Finance,NYSE,Investment Banks/Brokers
NYSE:WM,WM,Industrial Services,NYSE,Environmental Services
NYSE:ABBV,ABBV,Health Technology,NYSE,Pharmaceuticals: Major
NASDAQ:DASH,DASH,Transportation,NASDAQ,Air Freight/Couriers
NYSE:PGR,PGR,Finance,NYSE,Multi-Line Insurance
NASDAQ:ADI,ADI,Electronic Technology,NASDAQ,Semiconductors
NASDAQ:PPSI,PPSI,Producer Manufacturing,NASDAQ,Electrical Products
NYSE:APH,APH,Electronic Technology,NYSE,Electronic Components
NASDAQ:BKNG,BKNG,Consumer Services,NASDAQ,Other Consumer Services
NASDAQ:RIVN,RIVN,Consumer Durables,NASDAQ,Motor Vehicles
NASDAQ:CORZ,CORZ,Technology Services,NASDAQ,Data Processing Services
NASDAQ:ENPH,ENPH,Electronic Technology,NASDAQ,Semiconductors
NYSE:TGT,TGT,Retail Trade,NYSE,Specialty Stores
NASDAQ:SBUX,SBUX,Consumer Services,NASDAQ,Restaurants
NASDAQ:SLNO,SLNO,Health Technology,NASDAQ,Pharmaceuticals: Major
NYSE:LEN,LEN,Consumer Durables,NYSE,Homebuilding
NASDAQ:FTNT,FTNT,Technology Services,NASDAQ,Information Technology Services
NASDAQ:XEL,XEL,Utilities,NASDAQ,Electric Utilities
NYSE:GTLS,GTLS,Producer Manufacturing,NYSE,Industrial Machinery
NASDAQ:LYFT,LYFT,Transportation,NASDAQ,Other Transportation
NASDAQ:MARA,MARA,Technology Services,NASDAQ,Data Processing Services
NYSE:MCD,MCD,Consumer Services,NYSE,Restaurants
NASDAQ:LIN,LIN,Process Industries,NASDAQ,Chemicals: Specialty
NASDAQ:REGN,REGN,Health Technology,NASDAQ,Pharmaceuticals: Major
NYSE:AXP,AXP,Finance,NYSE,Finance/Rental/Leasing
NYSE:VRT,VRT,Electronic Technology,NYSE,Electronic Production Equipment
NYSE:TDG,TDG,Electronic Technology,NYSE,Aerospace & Defense
NYSE:CMG,CMG,Consumer Services,NYSE,Restaurants
NYSE:CLS,CLS,Electronic Technology,NYSE,Electronic Components
NASDAQ:EBAY,EBAY,Retail Trade,NASDAQ,Internet Retail
NYSE:MS,MS,Finance,NYSE,Investment Managers
NYSE:TPR,TPR,Retail Trade,NYSE,Apparel/Footwear Retail
NYSE:ETN,ETN,Producer Manufacturing,NYSE,Electrical Products
NYSE:CNC,CNC,Health Services,NYSE,Managed Health Care
NYSE:LOW,LOW,Retail Trade,NYSE,Home Improvement Chains
NASDAQ:EXE,EXE,Energy Minerals,NASDAQ,Integrated Oil
NYSE:DIS,DIS,Consumer Services,NYSE,Movies/Entertainment
NASDAQ:WDAY,WDAY,Technology Services,NASDAQ,Information Technology Services
NYSE:AMCR,AMCR,Process Industries,NYSE,Containers/Packaging
AMEX:SRXH,SRXH,Health Technology,AMEX,Biotechnology
NYSE:COP,COP,Energy Minerals,NYSE,Oil & Gas Production
NASDAQ:GILD,GILD,Health Technology,NASDAQ,Biotechnology
NYSE:CVS,CVS,Retail Trade,NYSE,Drugstore Chains
NYSE:BLK,BLK,Finance,NYSE,Investment Managers
NYSE:GLOB,GLOB,Technology Services,NYSE,Information Technology Services
NYSE:MMM,MMM,Producer Manufacturing,NYSE,Industrial Conglomerates
NASDAQ:PYPL,PYPL,Commercial Services,NASDAQ,Miscellaneous Commercial Services
NYSE:LMT,LMT,Electronic Technology,NYSE,Aerospace & Defense
NASDAQ:VRTX,VRTX,Health Technology,NASDAQ,Pharmaceuticals: Major
NYSE:MSI,MSI,Electronic Technology,NYSE,Telecommunications Equipment
NYSE:HWM,HWM,Electronic Technology,NYSE,Aerospace & Defense
NASDAQ:AMGN,AMGN,Health Technology,NASDAQ,Biotechnology
NASDAQ:WBD,WBD,Consumer Services,NASDAQ,Cable/Satellite TV
NASDAQ:UAL,UAL,Transportation,NASDAQ,Airlines
NYSE:PM,PM,Consumer Non-Durables,NYSE,Tobacco
NASDAQ:CSX,CSX,Transportation,NASDAQ,Railroads
NYSE:FI,FI,Commercial Services,NYSE,Miscellaneous Commercial Services
NYSE:KEY,KEY,Finance,NYSE,Major Banks
NYSE:SHW,SHW,Process Industries,NYSE,Industrial Specialties
NYSE:TJX,TJX,Retail Trade,NYSE,Apparel/Footwear Retail
NYSE:NEM,NEM,Non-Energy Minerals,NYSE,Precious Metals
NYSE:NKE,NKE,Consumer Non-Durables,NYSE,Apparel/Footwear
NYSE:FIG,FIG,Technology Services,NYSE,Packaged Software
NYSE:BX,BX,Finance,NYSE,Investment Managers
NASDAQ:CYBR,CYBR,Technology Services,NASDAQ,Packaged Software
NASDAQ:ABNB,ABNB,Consumer Services,NASDAQ,Hotels/Resorts/Cruise lines
NASDAQ:CEG,CEG,Utilities,NASDAQ,Electric Utilities
NYSE:RTX,RTX,Electronic Technology,NYSE,Aerospace & Defense
NYSE:JCI,JCI,Producer Manufacturing,NYSE,Industrial Machinery
NASDAQ:DDOG,DDOG,Technology Services,NASDAQ,Packaged Software
NASDAQ:HON,HON,Electronic Technology,NASDAQ,Aerospace & Defense
NASDAQ:CMCSA,CMCSA,Consumer Services,NASDAQ,Cable/Satellite TV
NYSE:XYZ,XYZ,Commercial Services,NYSE,Miscellaneous Commercial Services
NYSE:RF,RF,Finance,NYSE,Major Banks
NYSE:BSX,BSX,Health Technology,NYSE,Medical Specialties
NYSE:OSCR,OSCR,Health Services,NYSE,Managed Health Care
NYSE:OXY,OXY,Energy Minerals,NYSE,Integrated Oil
NYSE:HCA,HCA,Health Services,NYSE,Hospital/Nursing Management
NYSE:HUM,HUM,Finance,NYSE,Life/Health Insurance
NASDAQ:ROST,ROST,Retail Trade,NASDAQ,Apparel/Footwear Retail
NYSE:DAL,DAL,Transportation,NYSE,Airlines
NASDAQ:DKNG,DKNG,Consumer Services,NASDAQ,Movies/Entertainment
NYSE:ONON,ONON,Consumer Non-Durables,NYSE,Apparel/Footwear
NYSE:MDT,MDT,Health Technology,NYSE,Medical Specialties
NASDAQ:SEDG,SEDG,Producer Manufacturing,NASDAQ,Electrical Products
NASDAQ:BSLK,BSLK,Finance,NASDAQ,Financial Conglomerates
NYSE:EQT,EQT,Energy Minerals,NYSE,Integrated Oil
NYSE:BMY,BMY,Health Technology,NYSE,Pharmaceuticals: Major
NASDAQ:INSM,INSM,Health Technology,NASDAQ,Pharmaceuticals: Major
NASDAQ:CDNS,CDNS,Technology Services,NASDAQ,Packaged Software
NYSE:DHR,DHR,Health Technology,NYSE,Medical Specialties
NASDAQ:RIOT,RIOT,Technology Services,NASDAQ,Information Technology Services
NYSE:PCG,PCG,Utilities,NYSE,Electric Utilities
NYSE:ZTS,ZTS,Health Technology,NYSE,Pharmaceuticals: Major
NASDAQ:CHTR,CHTR,Consumer Services,NASDAQ,Cable/Satellite TV
NYSE:SYK,SYK,Health Technology,NYSE,Medical Specialties
NASDAQ:CRDO,CRDO,Technology Services,NASDAQ,Information Technology Services
NYSE:SO,SO,Utilities,NYSE,Electric Utilities
NASDAQ:NXPI,NXPI,Electronic Technology,NASDAQ,Semiconductors
NYSE:NET,NET,Technology Services,NYSE,Information Technology Services
NYSE:BBAI,BBAI,Technology Services,NYSE,Packaged Software
NYSE:MO,MO,Consumer Non-Durables,NYSE,Tobacco
NASDAQ:TEAM,TEAM,Technology Services,NASDAQ,Packaged Software
NYSE:SPGI,SPGI,Commercial Services,NYSE,Financial Publishing/Services
NYSE:PWR,PWR,Industrial Services,NYSE,Engineering & Construction
NYSE:APO,APO,Finance,NYSE,Investment Managers
AMEX:LEU,LEU,Non-Energy Minerals,AMEX,Other Metals/Minerals
NASDAQ:CME,CME,Finance,NASDAQ,Investment Banks/Brokers
NYSE:HLT,HLT,Consumer Services,NYSE,Hotels/Resorts/Cruise lines
NYSE:HUBS,HUBS,Technology Services,NYSE,Packaged Software
NYSE:IT,IT,Technology Services,NYSE,Internet Software/Services
NASDAQ:HBAN,HBAN,Finance,NASDAQ,Major Banks
NASDAQ:MCHP,MCHP,Electronic Technology,NASDAQ,Semiconductors
NYSE:KKR,KKR,Finance,NYSE,Investment Managers
NYSE:MCK,MCK,Distribution Services,NYSE,Medical Distributors
NYSE:KGC,KGC,Non-Energy Minerals,NYSE,Precious Metals
NYSE:CCL,CCL,Consumer Services,NYSE,Hotels/Resorts/Cruise lines
NYSE:SLB,SLB,Industrial Services,NYSE,Contract Drilling
NASDAQ:WING,WING,Consumer Services,NASDAQ,Restaurants
NYSE:FERG,FERG,Distribution Services,NYSE,Wholesale Distributors
NASDAQ:LITE,LITE,Producer Manufacturing,NASDAQ,Electrical Products
NASDAQ:DUOL,DUOL,Technology Services,NASDAQ,Packaged Software
NASDAQ:GLXY,GLXY,Finance,NASDAQ,Investment Banks/Brokers
NYSE:MMC,MMC,Finance,NYSE,Insurance Brokers/Services
NYSE:ICE,ICE,Finance,NYSE,Investment Banks/Brokers
NASDAQ:ROKU,ROKU,Technology Services,NASDAQ,Packaged Software
NYSE:GDDY,GDDY,Technology Services,NYSE,Data Processing Services
NYSE:PH,PH,Electronic Technology,NYSE,Electronic Equipment/Instruments
NYSE:DUK,DUK,Utilities,NYSE,Electric Utilities
NASDAQ:AXON,AXON,Electronic Technology,NASDAQ,Aerospace & Defense
NYSE:CAVA,CAVA,Consumer Services,NYSE,Restaurants
NYSE:U,U,Technology Services,NYSE,Packaged Software
NASDAQ:NXT,NXT,Electronic Technology,NASDAQ,Electronic Equipment/Instruments
NYSE:FLUT,FLUT,Consumer Services,NYSE,Casinos/Gaming
NASDAQ:APLD,APLD,Technology Services,NASDAQ,Data Processing Services
NYSE:GIS,GIS,Consumer Non-Durables,NYSE,Food: Major Diversified
NYSE:NRG,NRG,Utilities,NYSE,Electric Utilities
NYSE:KVUE,KVUE,Consumer Non-Durables,NYSE,Household/Personal Care
NYSE:EMR,EMR,Electronic Technology,NYSE,Electronic Equipment/Instruments
NYSE:RCL,RCL,Consumer Services,NYSE,Hotels/Resorts/Cruise lines
NYSE:EL,EL,Consumer Non-Durables,NYSE,Household/Personal Care
NASDAQ:CELH,CELH,Consumer Non-Durables,NASDAQ,Beverages: Non-Alcoholic
NASDAQ:SNDK,SNDK,Electronic Technology,NASDAQ,Computer Peripherals
NASDAQ:QUBT,QUBT,Technology Services,NASDAQ,Information Technology Services
NYSE:NSC,NSC,Transportation,NYSE,Railroads
NYSE:FDX,FDX,Transportation,NYSE,Air Freight/Couriers
NYSE:URI,URI,Finance,NYSE,Finance/Rental/Leasing
NASDAQ:MPWR,MPWR,Electronic Technology,NASDAQ,Semiconductors
NYSE:AZO,AZO,Retail Trade,NYSE,Specialty Stores
NYSE:KMI,KMI,Industrial Services,NYSE,Oil & Gas Pipelines
NASDAQ:PTC,PTC,Technology Services,NASDAQ,Packaged Software
NYSE:ED,ED,Utilities,NYSE,Electric Utilities
NYSE:CB,CB,Finance,NYSE,Property/Casualty Insurance
NYSE:TRV,TRV,Finance,NYSE,Specialty Insurance
NASDAQ:ADP,ADP,Technology Services,NASDAQ,Packaged Software
NYSE:NUE,NUE,Non-Energy Minerals,NYSE,Steel
NYSE:WMB,WMB,Industrial Services,NYSE,Oil & Gas Pipelines
NYSE:AEM,AEM,Non-Energy Minerals,NYSE,Precious Metals
NYSE:TT,TT,Producer Manufacturing,NYSE,Industrial Machinery
NYSE:CHWY,CHWY,Retail Trade,NYSE,Internet Retail
NYSE:FN,FN,Electronic Technology,NYSE,Semiconductors
NASDAQ:MDLZ,MDLZ,Consumer Non-Durables,NASDAQ,Food: Specialty/Candy
NASDAQ:ALNY,ALNY,Health Technology,NASDAQ,Pharmaceuticals: Major
AMEX:PMNT,PMNT,Retail Trade,AMEX,Apparel/Footwear Retail
NASDAQ:TIVC,TIVC,Health Technology,NASDAQ,Medical Specialties
NASDAQ:UPST,UPST,Finance,NASDAQ,Finance/Rental/Leasing
NYSE:BDX,BDX,Health Technology,NYSE,Medical Specialties
NASDAQ:NEGG,NEGG,Retail Trade,NASDAQ,Internet Retail
NYSE:USB,USB,Finance,NYSE,Regional Banks
NYSE:AON,AON,Finance,NYSE,Insurance Brokers/Services
NASDAQ:MRNA,MRNA,Health Technology,NASDAQ,Biotechnology
NYSE:CL,CL,Consumer Non-Durables,NYSE,Household/Personal Care
NYSE:CAH,CAH,Distribution Services,NYSE,Medical Distributors
NYSE:BK,BK,Finance,NYSE,Investment Banks/Brokers
NASDAQ:ON,ON,Electronic Technology,NASDAQ,Semiconductors
NASDAQ:EXPE,EXPE,Consumer Services,NASDAQ,Other Consumer Services
NYSE:EOG,EOG,Energy Minerals,NYSE,Integrated Oil
NYSE:CRH,CRH,Non-Energy Minerals,NYSE,Construction Materials
NYSE:W,W,Retail Trade,NYSE,Specialty Stores
NYSE:GM,GM,Consumer Durables,NYSE,Motor Vehicles
NASDAQ:TNXP,TNXP,Health Technology,NASDAQ,Pharmaceuticals: Major
NYSE:ELF,ELF,Consumer Non-Durables,NYSE,Household/Personal Care
NASDAQ:TTWO,TTWO,Technology Services,NASDAQ,Packaged Software
NASDAQ:MAR,MAR,Consumer Services,NASDAQ,Hotels/Resorts/Cruise lines
NYSE:FICO,FICO,Commercial Services,NYSE,Financial Publishing/Services
NASDAQ:ORLY,ORLY,Retail Trade,NASDAQ,Specialty Stores
NASDAQ:MNDY,MNDY,Technology Services,NASDAQ,Packaged Software
NYSE:PINS,PINS,Technology Services,NYSE,Internet Software/Services
NYSE:YUM,YUM,Consumer Services,NYSE,Restaurants
NYSE:NOC,NOC,Electronic Technology,NYSE,Aerospace & Defense
NASDAQ:ONDS,ONDS,Electronic Technology,NASDAQ,Telecommunications Equipment
NASDAQ:ASTS,ASTS,Communications,NASDAQ,Specialty Telecommunications
NYSE:ECL,ECL,Process Industries,NYSE,Chemicals: Specialty
NYSE:ACHR,ACHR,Electronic Technology,NYSE,Aerospace & Defense
NYSE:RKT,RKT,Finance,NYSE,Finance/Rental/Leasing
NASDAQ:WDC,WDC,Electronic Technology,NASDAQ,Computer Peripherals
NASDAQ:GTLB,GTLB,Technology Services,NASDAQ,Packaged Software
NYSE:FIS,FIS,Technology Services,NYSE,Packaged Software
NYSE:NCLH,NCLH,Consumer Services,NYSE,Hotels/Resorts/Cruise lines
NYSE:FOUR,FOUR,Commercial Services,NYSE,Miscellaneous Commercial Services
NYSE:PHM,PHM,Consumer Durables,NYSE,Homebuilding
NASDAQ:FLEX,FLEX,Electronic Technology,NASDAQ,Electronic Production Equipment
NYSE:MOH,MOH,Health Services,NYSE,Managed Health Care
NYSE:LUV,LUV,Transportation,NYSE,Airlines
NYSE:KR,KR,Retail Trade,NYSE,Food Retail
NYSE:AJG,AJG,Finance,NYSE,Insurance Brokers/Services
NASDAQ:ETSY,ETSY,Retail Trade,NASDAQ,Internet Retail
NASDAQ:RCAT,RCAT,Technology Services,NASDAQ,Packaged Software
NYSE:B,B,Non-Energy Minerals,NYSE,Precious Metals
NYSE:SRE,SRE,Utilities,NYSE,Gas Distributors
NASDAQ:CRSP,CRSP,Health Technology,NASDAQ,Biotechnology
NYSE:FIX,FIX,Industrial Services,NYSE,Engineering & Construction
NYSE:RL,RL,Consumer Non-Durables,NYSE,Apparel/Footwear
NYSE:FTV,FTV,Electronic Technology,NYSE,Electronic Equipment/Instruments
NASDAQ:ROP,ROP,Technology Services,NASDAQ,Packaged Software
NYSE:JBL,JBL,Producer Manufacturing,NYSE,Industrial Machinery
NASDAQ:TRI,TRI,Technology Services,NASDAQ,Internet Software/Services
NASDAQ:POOL,POOL,Distribution Services,NASDAQ,Wholesale Distributors
NASDAQ:TER,TER,Electronic Technology,NASDAQ,Electronic Production Equipment
NYSE:DOW,DOW,Process Industries,NYSE,Chemicals: Specialty
NASDAQ:SLM,SLM,Finance,NASDAQ,Finance/Rental/Leasing
NASDAQ:CTAS,CTAS,Consumer Services,NASDAQ,Other Consumer Services
NYSE:OKE,OKE,Industrial Services,NYSE,Oil & Gas Pipelines
NYSE:ET,ET,Industrial Services,NYSE,Oil & Gas Pipelines
NYSE:AME,AME,Producer Manufacturing,NYSE,Electrical Products
NYSE:CLF,CLF,Non-Energy Minerals,NYSE,Steel
NYSE:MPC,MPC,Energy Minerals,NYSE,Oil Refining/Marketing
NYSE:DECK,DECK,Consumer Non-Durables,NYSE,Apparel/Footwear
NASDAQ:PAYX,PAYX,Technology Services,NASDAQ,Data Processing Services
NASDAQ:BKR,BKR,Industrial Services,NASDAQ,Contract Drilling
NASDAQ:SRPT,SRPT,Health Technology,NASDAQ,Pharmaceuticals: Major
NASDAQ:EXC,EXC,Utilities,NASDAQ,Electric Utilities
NASDAQ:AEP,AEP,Utilities,NASDAQ,Electric Utilities
NASDAQ:CFLT,CFLT,Technology Services,NASDAQ,Packaged Software
NYSE:LNG,LNG,Industrial Services,NYSE,Oil & Gas Pipelines
NYSE:CCJ,CCJ,Non-Energy Minerals,NYSE,Other Metals/Minerals
NASDAQ:ACGL,ACGL,Finance,NASDAQ,Multi-Line Insurance
NYSE:DG,DG,Retail Trade,NYSE,Discount Stores
NYSE:VLO,VLO,Energy Minerals,NYSE,Oil Refining/Marketing
NYSE:ZETA,ZETA,Technology Services,NYSE,Packaged Software
NYSE:BRO,BRO,Finance,NYSE,Insurance Brokers/Services
NASDAQ:CDW,CDW,Technology Services,NASDAQ,Information Technology Services
NASDAQ:FCNCA,FCNCA,Finance,NASDAQ,Regional Banks
AMEX:EQX,EQX,Non-Energy Minerals,AMEX,Precious Metals
NYSE:VMC,VMC,Non-Energy Minerals,NYSE,Construction Materials
NYSE:GD,GD,Electronic Technology,NYSE,Aerospace & Defense
NASDAQ:CPRT,CPRT,Retail Trade,NASDAQ,Specialty Stores
NYSE:LYV,LYV,Consumer Services,NYSE,Movies/Entertainment
NASDAQ:IDXX,IDXX,Health Technology,NASDAQ,Medical Specialties
NYSE:TOL,TOL,Consumer Durables,NYSE,Homebuilding
NASDAQ:ODFL,ODFL,Transportation,NASDAQ,Trucking
NASDAQ:CART,CART,Transportation,NASDAQ,Air Freight/Couriers
NYSE:ALB,ALB,Process Industries,NYSE,Chemicals: Specialty
NASDAQ:TLN,TLN,Utilities,NASDAQ,Alternative Power Generation
NYSE:STZ,STZ,Consumer Non-Durables,NYSE,Beverages: Alcoholic
NYSE:COR,COR,Distribution Services,NYSE,Medical Distributors
NYSE:EAT,EAT,Consumer Services,NYSE,Restaurants
NASDAQ:PSKY,PSKY,Commercial Services,NASDAQ,Advertising/Marketing Services
NASDAQ:KHC,KHC,Consumer Non-Durables,NASDAQ,Food: Major Diversified
NASDAQ:KTOS,KTOS,Electronic Technology,NASDAQ,Aerospace & Defense
NYSE:LHX,LHX,Electronic Technology,NYSE,Aerospace & Defense
NASDAQ:CLSK,CLSK,Technology Services,NASDAQ,Data Processing Services
NASDAQ:Z,Z,Technology Services,NASDAQ,Internet Software/Services
NASDAQ:COMM,COMM,Electronic Technology,NASDAQ,Telecommunications Equipment
NYSE:AAP,AAP,Retail Trade,NYSE,Specialty Stores
NYSE:HPE,HPE,Electronic Technology,NYSE,Computer Processing Hardware
NYSE:ITW,ITW,Producer Manufacturing,NYSE,Auto Parts: OEM
NYSE:CMI,CMI,Producer Manufacturing,NYSE,Auto Parts: OEM
NYSE:CRS,CRS,Non-Energy Minerals,NYSE,Other Metals/Minerals
NASDAQ:MNST,MNST,Consumer Non-Durables,NASDAQ,Beverages: Non-Alcoholic
NASDAQ:BULL,BULL,Technology Services,NASDAQ,Packaged Software
NYSE:APD,APD,Process Industries,NYSE,Chemicals: Specialty
NYSE:AIG,AIG,Finance,NYSE,Multi-Line Insurance
NYSE:TFC,TFC,Finance,NYSE,Regional Banks
NYSE:QXO,QXO,Distribution Services,NYSE,Wholesale Distributors
NYSE:ROK,ROK,Producer Manufacturing,NYSE,Electrical Products
NYSE:BJ,BJ,Retail Trade,NYSE,Specialty Stores
NASDAQ:STX,STX,Electronic Technology,NASDAQ,Computer Peripherals
NYSE:HSY,HSY,Consumer Non-Durables,NYSE,Food: Specialty/Candy
NYSE:ANF,ANF,Retail Trade,NYSE,Apparel/Footwear Retail
NYSE:WEC,WEC,Utilities,NYSE,Electric Utilities
NASDAQ:PODD,PODD,Health Technology,NASDAQ,Medical Specialties
NYSE:PNC,PNC,Finance,NYSE,Major Banks
NASDAQ:FANG,FANG,Energy Minerals,NASDAQ,Oil & Gas Production
NYSE:ARES,ARES,Finance,NYSE,Investment Managers
NYSE:D,D,Utilities,NYSE,Electric Utilities
NASDAQ:DPZ,DPZ,Consumer Services,NASDAQ,Restaurants
NASDAQ:NTRA,NTRA,Health Services,NASDAQ,Medical/Nursing Services
NYSE:GLW,GLW,Electronic Technology,NYSE,Electronic Components
NYSE:TOST,TOST,Technology Services,NYSE,Packaged Software
NYSE:MSCI,MSCI,Technology Services,NYSE,Data Processing Services
NYSE:PFGC,PFGC,Transportation,NYSE,Other Transportation
NASDAQ:FAST,FAST,Distribution Services,NASDAQ,Wholesale Distributors
NYSE:PSX,PSX,Energy Minerals,NYSE,Oil Refining/Marketing
NYSE:EW,EW,Health Technology,NYSE,Medical Specialties
NASDAQ:INOD,INOD,Technology Services,NASDAQ,Data Processing Services
NYSE:ETR,ETR,Utilities,NYSE,Electric Utilities
NYSE:AFL,AFL,Finance,NYSE,Multi-Line Insurance
NYSE:AG,AG,Non-Energy Minerals,NYSE,Precious Metals
NASDAQ:GEHC,GEHC,Health Technology,NASDAQ,Medical Specialties
NASDAQ:IBKR,IBKR,Finance,NASDAQ,Investment Banks/Brokers
NASDAQ:DXCM,DXCM,Health Technology,NASDAQ,Medical Specialties
NASDAQ:VRSK,VRSK,Technology Services,NASDAQ,Data Processing Services
NYSE:CNP,CNP,Utilities,NYSE,Electric Utilities
NYSE:ALC,ALC,Health Technology,NYSE,Medical Specialties
NYSE:ENB,ENB,Industrial Services,NYSE,Oil & Gas Pipelines
NASDAQ:KDP,KDP,Consumer Non-Durables,NASDAQ,Beverages: Non-Alcoholic
NYSE:DVN,DVN,Energy Minerals,NYSE,Integrated Oil
NASDAQ:OKTA,OKTA,Technology Services,NASDAQ,Packaged Software
NYSE:AR,AR,Energy Minerals,NYSE,Oil & Gas Production
NASDAQ:KMB,KMB,Consumer Non-Durables,NASDAQ,Household/Personal Care
NYSE:MTZ,MTZ,Industrial Services,NYSE,Engineering & Construction
NYSE:DKS,DKS,Retail Trade,NYSE,Specialty Stores
NYSE:UAA,UAA,Consumer Non-Durables,NYSE,Apparel/Footwear
NYSE:CBRE,CBRE,Finance,NYSE,Real Estate Development
NYSE:CARR,CARR,Producer Manufacturing,NYSE,Industrial Machinery
NASDAQ:CROX,CROX,Consumer Non-Durables,NASDAQ,Apparel/Footwear
NYSE:MCO,MCO,Commercial Services,NYSE,Financial Publishing/Services
NYSE:HUBB,HUBB,Producer Manufacturing,NYSE,Electrical Products
NASDAQ:TSCO,TSCO,Retail Trade,NASDAQ,Specialty Stores
NASDAQ:WTW,WTW,Finance,NASDAQ,Insurance Brokers/Services
NASDAQ:BIIB,BIIB,Health Technology,NASDAQ,Pharmaceuticals: Major
NASDAQ:CTSH,CTSH,Technology Services,NASDAQ,Information Technology Services
NYSE:CTRA,CTRA,Energy Minerals,NYSE,Integrated Oil
NYSE:RMD,RMD,Health Technology,NYSE,Medical Specialties
NYSE:CF,CF,Process Industries,NYSE,Chemicals: Agricultural
NASDAQ:CCEP,CCEP,Consumer Non-Durables,NASDAQ,Beverages: Non-Alcoholic
NASDAQ:AVAV,AVAV,Electronic Technology,NASDAQ,Aerospace & Defense
NASDAQ:SFM,SFM,Retail Trade,NASDAQ,Food Retail
NYSE:ESTC,ESTC,Technology Services,NYSE,Packaged Software
NASDAQ:NDAQ,NDAQ,Finance,NASDAQ,Investment Banks/Brokers
NYSE:MLM,MLM,Non-Energy Minerals,NYSE,Construction Materials
NYSE:SYF,SYF,Finance,NYSE,Finance/Rental/Leasing
AMEX:BTG,BTG,Non-Energy Minerals,AMEX,Precious Metals
NASDAQ:ARRY,ARRY,Electronic Technology,NASDAQ,Semiconductors
NASDAQ:NTAP,NTAP,Electronic Technology,NASDAQ,Computer Peripherals
NASDAQ:DJT,DJT,Commercial Services,NASDAQ,Advertising/Marketing Services
NYSE:OMC,OMC,Commercial Services,NYSE,Advertising/Marketing Services
NYSE:PEG,PEG,Utilities,NYSE,Electric Utilities
NYSE:CPNG,CPNG,Retail Trade,NYSE,Internet Retail
NYSE:HL,HL,Non-Energy Minerals,NYSE,Precious Metals
NYSE:ALL,ALL,Finance,NYSE,Multi-Line Insurance
NASDAQ:TTMI,TTMI,Electronic Technology,NASDAQ,Electronic Components
NYSE:LVS,LVS,Consumer Services,NYSE,Casinos/Gaming
NYSE:BAH,BAH,Commercial Services,NYSE,Miscellaneous Commercial Services
NASDAQ:ALGN,ALGN,Health Technology,NASDAQ,Medical Specialties
NASDAQ:MMYT,MMYT,Technology Services,NASDAQ,Internet Software/Services
NYSE:IR,IR,Producer Manufacturing,NYSE,Industrial Machinery
NYSE:WSM,WSM,Retail Trade,NYSE,Specialty Stores
NYSE:RSG,RSG,Industrial Services,NYSE,Environmental Services
NASDAQ:LNT,LNT,Utilities,NASDAQ,Electric Utilities
NYSE:BROS,BROS,Consumer Services,NYSE,Restaurants
NYSE:K,K,Consumer Non-Durables,NYSE,Food: Specialty/Candy
NYSE:CAG,CAG,Consumer Non-Durables,NYSE,Food: Major Diversified
NYSE:GNRC,GNRC,Producer Manufacturing,NYSE,Electrical Products
NYSE:AMP,AMP,Finance,NYSE,Investment Banks/Brokers
NASDAQ:ZM,ZM,Technology Services,NASDAQ,Packaged Software
NYSE:CDE,CDE,Non-Energy Minerals,NYSE,Precious Metals
NYSE:QS,QS,Producer Manufacturing,NYSE,Electrical Products
NYSE:SOLV,SOLV,Health Services,NYSE,Medical/Nursing Services
NYSE:TRGP,TRGP,Utilities,NYSE,Gas Distributors
NYSE:VG,VG,Industrial Services,NYSE,Oil & Gas Pipelines
NYSE:AS,AS,Consumer Durables,NYSE,Recreational Products
NYSE:AER,AER,Finance,NYSE,Finance/Rental/Leasing
NYSE:AI,AI,Technology Services,NYSE,Packaged Software
NASDAQ:STRL,STRL,Industrial Services,NASDAQ,Engineering & Construction
NYSE:VEEV,VEEV,Technology Services,NYSE,Packaged Software
NYSE:MAS,MAS,Producer Manufacturing,NYSE,Building Products
NYSE:DTE,DTE,Utilities,NYSE,Electric Utilities
NYSE:RBRK,RBRK,Technology Services,NYSE,Information Technology Services
NASDAQ:FOXA,FOXA,Consumer Services,NASDAQ,Broadcasting
NYSE:WST,WST,Health Technology,NYSE,Medical Specialties
NASDAQ:VRSN,VRSN,Technology Services,NASDAQ,Internet Software/Services
NASDAQ:LPLA,LPLA,Finance,NASDAQ,Investment Banks/Brokers
NASDAQ:EVLV,EVLV,Electronic Technology,NASDAQ,Electronic Equipment/Instruments
NYSE:MTD,MTD,Health Technology,NYSE,Medical Specialties
NYSE:PNW,PNW,Utilities,NYSE,Electric Utilities
NYSE:PPL,PPL,Utilities,NYSE,Electric Utilities
NYSE:GWW,GWW,Distribution Services,NYSE,Wholesale Distributors
NYSE:AEO,AEO,Retail Trade,NYSE,Apparel/Footwear Retail
NASDAQ:EXAS,EXAS,Health Technology,NASDAQ,Medical Specialties
NYSE:BAX,BAX,Health Technology,NYSE,Medical Specialties
NYSE:DD,DD,Process Industries,NYSE,Chemicals: Major Diversified
NASDAQ:PCAR,PCAR,Producer Manufacturing,NASDAQ,Trucks/Construction/Farm Machinery
NYSE:WCN,WCN,Industrial Services,NYSE,Environmental Services
AMEX:UEC,UEC,Non-Energy Minerals,AMEX,Other Metals/Minerals
NASDAQ:ICLR,ICLR,Commercial Services,NASDAQ,Miscellaneous Commercial Services
NASDAQ:WLDN,WLDN,Commercial Services,NASDAQ,Miscellaneous Commercial Services
NASDAQ:TLRY,TLRY,Process Industries,NASDAQ,Agricultural Commodities/Milling
NYSE:MET,MET,Finance,NYSE,Multi-Line Insurance
NASDAQ:GH,GH,Health Services,NASDAQ,Medical/Nursing Services
NYSE:BLDR,BLDR,Retail Trade,NYSE,Home Improvement Chains
NYSE:FHN,FHN,Finance,NYSE,Regional Banks
NYSE:FSM,FSM,Non-Energy Minerals,NYSE,Precious Metals
NYSE:IAG,IAG,Non-Energy Minerals,NYSE,Precious Metals
NYSE:PR,PR,Energy Minerals,NYSE,Integrated Oil
NASDAQ:NNE,NNE,Producer Manufacturing,NASDAQ,Electrical Products
NYSE:HAL,HAL,Industrial Services,NYSE,Oilfield Services/Equipment
NYSE:CMS,CMS,Utilities,NYSE,Electric Utilities
NYSE:BR,BR,Technology Services,NYSE,Information Technology Services
NYSE:FE,FE,Utilities,NYSE,Electric Utilities
NYSE:GIL,GIL,Consumer Non-Durables,NYSE,Apparel/Footwear
NYSE:CVE,CVE,Energy Minerals,NYSE,Integrated Oil
NYSE:AES,AES,Utilities,NYSE,Electric Utilities
NASDAQ:TRMB,TRMB,Technology Services,NASDAQ,Packaged Software
NASDAQ:LUNR,LUNR,Electronic Technology,NASDAQ,Aerospace & Defense
NYSE:HIG,HIG,Finance,NYSE,Property/Casualty Insurance
NYSE:TEL,TEL,Electronic Technology,NYSE,Semiconductors
NYSE:CW,CW,Electronic Technology,NYSE,Aerospace & Defense
NYSE:THC,THC,Health Services,NYSE,Hospital/Nursing Management
NYSE:SW,SW,Process Industries,NYSE,Containers/Packaging
NYSE:OTIS,OTIS,Industrial Services,NYSE,Engineering & Construction
NASDAQ:HUT,HUT,Technology Services,NASDAQ,Data Processing Services
NASDAQ:DOCU,DOCU,Technology Services,NASDAQ,Packaged Software
NYSE:RACE,RACE,Consumer Durables,NYSE,Motor Vehicles
NYSE:CHD,CHD,Consumer Non-Durables,NYSE,Household/Personal Care
NYSE:LYB,LYB,Process Industries,NYSE,Chemicals: Specialty
NASDAQ:APA,APA,Energy Minerals,NASDAQ,Integrated Oil
NASDAQ:AAOI,AAOI,Electronic Technology,NASDAQ,Semiconductors
NYSE:SYY,SYY,Distribution Services,NYSE,Food Distributors
NASDAQ:METC,METC,Energy Minerals,NASDAQ,Coal
NYSE:IP,IP,Process Industries,NYSE,Pulp & Paper
NYSE:BWXT,BWXT,Electronic Technology,NYSE,Aerospace & Defense
NYSE:EME,EME,Industrial Services,NYSE,Engineering & Construction
NYSE:ATI,ATI,Non-Energy Minerals,NYSE,Other Metals/Minerals
NYSE:AEE,AEE,Utilities,NYSE,Electric Utilities
NASDAQ:RNA,RNA,Health Technology,NASDAQ,Biotechnology
NYSE:DRI,DRI,Consumer Services,NYSE,Restaurants
NYSE:GPI,GPI,Retail Trade,NYSE,Specialty Stores
NYSE:HBI,HBI,Consumer Non-Durables,NYSE,Apparel/Footwear
NASDAQ:FYBR,FYBR,Communications,NASDAQ,Major Telecommunications
NYSE:BBY,BBY,Retail Trade,NYSE,Electronics/Appliance Stores
NASDAQ:ZBRA,ZBRA,Electronic Technology,NASDAQ,Computer Processing Hardware
NYSE:CTVA,CTVA,Process Industries,NYSE,Agricultural Commodities/Milling
NYSE:MIAX,MIAX,Finance,NYSE,Investment Banks/Brokers
NASDAQ:WIX,WIX,Technology Services,NASDAQ,Packaged Software
NYSE:IQV,IQV,Health Technology,NYSE,Biotechnology
NYSE:PSTG,PSTG,Electronic Technology,NYSE,Computer Peripherals
NYSE:APTV,APTV,Producer Manufacturing,NYSE,Electrical Products
NYSE:GPN,GPN,Commercial Services,NYSE,Miscellaneous Commercial Services
NASDAQ:CSGP,CSGP,Technology Services,NASDAQ,Internet Software/Services
NYSE:HPQ,HPQ,Technology Services,NYSE,Information Technology Services
NASDAQ:VKTX,VKTX,Health Technology,NASDAQ,Pharmaceuticals: Major
NASDAQ:EVRG,EVRG,Utilities,NASDAQ,Electric Utilities
NYSE:CPAY,CPAY,Commercial Services,NYSE,Miscellaneous Commercial Services
NASDAQ:PGY,PGY,Technology Services,NASDAQ,Packaged Software
NASDAQ:LCID,LCID,Consumer Durables,NASDAQ,Motor Vehicles
NASDAQ:ILMN,ILMN,Health Technology,NASDAQ,Medical Specialties
NYSE:GME,GME,Retail Trade,NYSE,Electronics/Appliance Stores
NYSE:KSS,KSS,Retail Trade,NYSE,Department Stores
NYSE:VIK,VIK,Consumer Services,NYSE,Hotels/Resorts/Cruise lines
NASDAQ:JBLU,JBLU,Transportation,NASDAQ,Airlines
NYSE:ES,ES,Utilities,NYSE,Electric Utilities
NASDAQ:ALTS,ALTS,Industrial Services,NASDAQ,Environmental Services
NYSE:KEYS,KEYS,Electronic Technology,NYSE,Electronic Equipment/Instruments
NASDAQ:CPB,CPB,Consumer Non-Durables,NASDAQ,Food: Specialty/Candy
NASDAQ:TMC,TMC,Non-Energy Minerals,NASDAQ,Other Metals/Minerals
NASDAQ:MKTX,MKTX,Finance,NASDAQ,Investment Banks/Brokers
NYSE:IOT,IOT,Technology Services,NYSE,Packaged Software
NYSE:BAP,BAP,Finance,NYSE,Major Banks
NYSE:PPG,PPG,Process Industries,NYSE,Industrial Specialties
NYSE:PATH,PATH,Technology Services,NYSE,Packaged Software
NYSE:BLD,BLD,Industrial Services,NYSE,Engineering & Construction
NYSE:SPXC,SPXC,Producer Manufacturing,NYSE,Building Products
NYSE:USFD,USFD,Distribution Services,NYSE,Food Distributors
NASDAQ:DLO,DLO,Technology Services,NASDAQ,Packaged Software
NASDAQ:BMRN,BMRN,Health Technology,NASDAQ,Biotechnology
NYSE:DY,DY,Industrial Services,NYSE,Engineering & Construction
NYSE:KMX,KMX,Retail Trade,NYSE,Specialty Stores
NASDAQ:CHKP,CHKP,Technology Services,NASDAQ,Internet Software/Services
NYSE:OWL,OWL,Finance,NYSE,Investment Managers
NYSE:STLA,STLA,Consumer Durables,NYSE,Motor Vehicles
NASDAQ:CHRW,CHRW,Transportation,NASDAQ,Air Freight/Couriers
NYSE:EPD,EPD,Industrial Services,NYSE,Oil & Gas Pipelines
NYSE:FNB,FNB,Finance,NYSE,Major Banks
NYSE:SJM,SJM,Consumer Non-Durables,NYSE,Food: Specialty/Candy
NYSE:EFX,EFX,Commercial Services,NYSE,Financial Publishing/Services
NYSE:PRIM,PRIM,Industrial Services,NYSE,Engineering & Construction
AMEX:DNN,DNN,Non-Energy Minerals,AMEX,Other Metals/Minerals
NASDAQ:EOSE,EOSE,Producer Manufacturing,NASDAQ,Electrical Products
NASDAQ:AKRO,AKRO,Health Technology,NASDAQ,Pharmaceuticals: Major
NYSE:WT,WT,Miscellaneous,NYSE,Investment Trusts/Mutual Funds
NYSE:ADM,ADM,Process Industries,NYSE,Agricultural Commodities/Milling
NASDAQ:FITB,FITB,Finance,NASDAQ,Regional Banks
NYSE:MPLX,MPLX,Industrial Services,NYSE,Oil & Gas Pipelines
NASDAQ:NVTS,NVTS,Electronic Technology,NASDAQ,Semiconductors
NASDAQ:OLLI,OLLI,Retail Trade,NASDAQ,Department Stores
NYSE:BILL,BILL,Technology Services,NYSE,Packaged Software
NYSE:FLR,FLR,Industrial Services,NYSE,Engineering & Construction
NASDAQ:DFLI,DFLI,Producer Manufacturing,NASDAQ,Electrical Products
NASDAQ:WGS,WGS,Health Services,NASDAQ,Medical/Nursing Services
NYSE:DT,DT,Technology Services,NYSE,Packaged Software
NYSE:WSO,WSO,Producer Manufacturing,NYSE,Building Products
NASDAQ:OUST,OUST,Electronic Technology,NASDAQ,Semiconductors
AMEX:NGD,NGD,Non-Energy Minerals,AMEX,Precious Metals
NASDAQ:ENTG,ENTG,Producer Manufacturing,NASDAQ,Industrial Machinery
NYSE:WRB,WRB,Finance,NYSE,Multi-Line Insurance
NASDAQ:COOP,COOP,Finance,NASDAQ,Finance/Rental/Leasing
NYSE:DGX,DGX,Health Services,NYSE,Services to the Health Industry
NYSE:AIT,AIT,Distribution Services,NYSE,Wholesale Distributors
NASDAQ:USAR,USAR,Producer Manufacturing,NASDAQ,Metal Fabrication
NASDAQ:RGLD,RGLD,Non-Energy Minerals,NASDAQ,Precious Metals
NYSE:CLX,CLX,Consumer Non-Durables,NYSE,Household/Personal Care
NYSE:BIRK,BIRK,Consumer Non-Durables,NYSE,Apparel/Footwear
NASDAQ:RXRX,RXRX,Health Technology,NASDAQ,Biotechnology
NYSE:TPL,TPL,Miscellaneous,NYSE,Investment Trusts/Mutual Funds
NYSE:TDY,TDY,Electronic Technology,NYSE,Aerospace & Defense
NYSE:FND,FND,Retail Trade,NYSE,Home Improvement Chains
NASDAQ:BTBT,BTBT,Commercial Services,NASDAQ,Miscellaneous Commercial Services
NYSE:UA,UA,Consumer Non-Durables,NYSE,Apparel/Footwear
NASDAQ:STLD,STLD,Non-Energy Minerals,NASDAQ,Steel
NYSE:DB,DB,Finance,NYSE,Investment Banks/Brokers
NYSE:SGI,SGI,Consumer Durables,NYSE,Home Furnishings
NYSE:AWK,AWK,Utilities,NYSE,Water Utilities
NYSE:NI,NI,Utilities,NYSE,Gas Distributors
NASDAQ:AUR,AUR,Technology Services,NASDAQ,Packaged Software
NYSE:FNV,FNV,Non-Energy Minerals,NYSE,Precious Metals
NYSE:JHX,JHX,Non-Energy Minerals,NYSE,Construction Materials
NASDAQ:GRAB,GRAB,Transportation,NASDAQ,Air Freight/Couriers
NYSE:CP,CP,Transportation,NYSE,Railroads
NASDAQ:WYNN,WYNN,Consumer Services,NASDAQ,Casinos/Gaming
NASDAQ:DFDV,DFDV,Finance,NASDAQ,Finance/Rental/Leasing
NYSE:WAB,WAB,Producer Manufacturing,NYSE,Trucks/Construction/Farm Machinery
NYSE:TKO,TKO,Consumer Services,NYSE,Movies/Entertainment
NYSE:WPM,WPM,Non-Energy Minerals,NYSE,Precious Metals
NYSE:CIVI,CIVI,Energy Minerals,NYSE,Integrated Oil
NYSE:NVR,NVR,Consumer Durables,NYSE,Homebuilding
NASDAQ:DAVE,DAVE,Finance,NASDAQ,Major Banks
NASDAQ:ICUI,ICUI,Health Technology,NASDAQ,Medical Specialties
NYSE:PRMB,PRMB,Consumer Non-Durables,NYSE,Beverages: Non-Alcoholic
NASDAQ:TW,TW,Finance,NASDAQ,Investment Banks/Brokers
NYSE:FLO,FLO,Consumer Non-Durables,NYSE,Food: Specialty/Candy
NYSE:ATO,ATO,Utilities,NYSE,Gas Distributors
NYSE:LMND,LMND,Finance,NYSE,Property/Casualty Insurance
NASDAQ:WWD,WWD,Producer Manufacturing,NASDAQ,Industrial Machinery
NYSE:STT,STT,Finance,NYSE,Investment Banks/Brokers
NYSE:PKG,PKG,Process Industries,NYSE,Containers/Packaging
NYSE:LDOS,LDOS,Technology Services,NYSE,Packaged Software
NYSE:UBS,UBS,Finance,NYSE,Investment Managers
NASDAQ:MTCH,MTCH,Technology Services,NASDAQ,Internet Software/Services
NASDAQ:SWKS,SWKS,Electronic Technology,NASDAQ,Semiconductors
NYSE:KD,KD,Technology Services,NYSE,Data Processing Services
NASDAQ:SGML,SGML,Non-Energy Minerals,NASDAQ,Other Metals/Minerals
NASDAQ:TXRH,TXRH,Consumer Services,NASDAQ,Restaurants
NYSE:CIEN,CIEN,Electronic Technology,NYSE,Telecommunications Equipment
NASDAQ:APLS,APLS,Health Technology,NASDAQ,Pharmaceuticals: Major
NYSE:BURL,BURL,Retail Trade,NYSE,Apparel/Footwear Retail
NASDAQ:ARWR,ARWR,Health Technology,NASDAQ,Biotechnology
NYSE:A,A,Health Technology,NYSE,Medical Specialties
NYSE:RH,RH,Retail Trade,NYSE,Specialty Stores
NYSE:WAT,WAT,Health Technology,NYSE,Medical Specialties
NASDAQ:UTHR,UTHR,Health Technology,NASDAQ,Pharmaceuticals: Major
NYSE:PRU,PRU,Finance,NYSE,Life/Health Insurance
NYSE:EQH,EQH,Finance,NYSE,Life/Health Insurance
NASDAQ:EEFT,EEFT,Commercial Services,NASDAQ,Miscellaneous Commercial Services
NASDAQ:AKAM,AKAM,Technology Services,NASDAQ,Data Processing Services
NYSE:ONTO,ONTO,Electronic Technology,NYSE,Electronic Equipment/Instruments
NASDAQ:PLUG,PLUG,Electronic Technology,NASDAQ,Electronic Production Equipment
NYSE:FDS,FDS,Technology Services,NYSE,Data Processing Services
NYSE:AXTA,AXTA,Process Industries,NYSE,Industrial Specialties
NASDAQ:SSNC,SSNC,Technology Services,NASDAQ,Information Technology Services
NYSE:MTB,MTB,Finance,NYSE,Regional Banks
NASDAQ:MEDP,MEDP,Commercial Services,NASDAQ,Miscellaneous Commercial Services
NYSE:DOCS,DOCS,Technology Services,NYSE,Packaged Software
NYSE:AA,AA,Non-Energy Minerals,NYSE,Aluminum
NASDAQ:HSIC,HSIC,Distribution Services,NASDAQ,Medical Distributors
NYSE:KNSL,KNSL,Finance,NYSE,Multi-Line Insurance
NYSE:BHC,BHC,Health Technology,NYSE,Pharmaceuticals: Other
NYSE:CFG,CFG,Finance,NYSE,Major Banks
NYSE:VLTO,VLTO,Producer Manufacturing,NYSE,Industrial Machinery
NYSE:CSL,CSL,Producer Manufacturing,NYSE,Building Products
NYSE:IPG,IPG,Commercial Services,NYSE,Advertising/Marketing Services
NYSE:EPAM,EPAM,Technology Services,NYSE,Information Technology Services
NASDAQ:URBN,URBN,Retail Trade,NASDAQ,Apparel/Footwear Retail
NASDAQ:ASPI,ASPI,Health Technology,NASDAQ,Pharmaceuticals: Major
NASDAQ:INCY,INCY,Health Technology,NASDAQ,Pharmaceuticals: Major
NASDAQ:MKSI,MKSI,Producer Manufacturing,NASDAQ,Industrial Machinery
NASDAQ:NWSA,NWSA,Consumer Services,NASDAQ,Publishing: Newspapers
NYSE:ALLY,ALLY,Finance,NYSE,Regional Banks
NYSE:AMR,AMR,Energy Minerals,NYSE,Coal
NYSE:RJF,RJF,Finance,NYSE,Investment Managers
NASDAQ:AAON,AAON,Producer Manufacturing,NASDAQ,Industrial Machinery
NYSE:GPC,GPC,Distribution Services,NYSE,Wholesale Distributors
NASDAQ:CG,CG,Finance,NASDAQ,Investment Managers
NYSE:BRBR,BRBR,Health Technology,NYSE,Pharmaceuticals: Other
NYSE:RBA,RBA,Technology Services,NYSE,Internet Software/Services
NYSE:CNQ,CNQ,Energy Minerals,NYSE,Integrated Oil
NASDAQ:NTNX,NTNX,Technology Services,NASDAQ,Packaged Software
NYSE:JLL,JLL,Finance,NYSE,Real Estate Development
NASDAQ:FUFU,FUFU,Technology Services,NASDAQ,Data Processing Services
NASDAQ:MDGL,MDGL,Health Technology,NASDAQ,Pharmaceuticals: Major
NYSE:TYL,TYL,Technology Services,NYSE,Data Processing Services
NYSE:MGM,MGM,Consumer Services,NYSE,Casinos/Gaming
NYSE:CNM,CNM,Distribution Services,NYSE,Wholesale Distributors
NYSE:GRMN,GRMN,Electronic Technology,NYSE,Telecommunications Equipment
NASDAQ:TROW,TROW,Finance,NASDAQ,Investment Managers
NASDAQ:FROG,FROG,Technology Services,NASDAQ,Packaged Software
NYSE:CNH,CNH,Producer Manufacturing,NYSE,Trucks/Construction/Farm Machinery
NASDAQ:LSCC,LSCC,Electronic Technology,NASDAQ,Semiconductors
NYSE:AIZ,AIZ,Finance,NYSE,Property/Casualty Insurance
NYSE:WMS,WMS,Producer Manufacturing,NYSE,Miscellaneous Manufacturing
NASDAQ:STRC,STRC,Technology Services,NASDAQ,Internet Software/Services
NYSE:SNX,SNX,Distribution Services,NYSE,Electronics Distributors
NYSE:DOV,DOV,Producer Manufacturing,NYSE,Industrial Machinery
NASDAQ:NVAX,NVAX,Health Technology,NASDAQ,Biotechnology
NYSE:EXK,EXK,Non-Energy Minerals,NYSE,Precious Metals
NASDAQ:PTON,PTON,Consumer Services,NASDAQ,Other Consumer Services
NYSE:NTR,NTR,Process Industries,NYSE,Chemicals: Agricultural
NYSE:LII,LII,Producer Manufacturing,NYSE,Industrial Machinery
NASDAQ:TMDX,TMDX,Health Technology,NASDAQ,Medical Specialties
NYSE:AVTR,AVTR,Distribution Services,NYSE,Medical Distributors
NASDAQ:VMAR,VMAR,Consumer Durables,NASDAQ,Recreational Products
NYSE:AGI,AGI,Non-Energy Minerals,NYSE,Precious Metals
NASDAQ:HAS,HAS,Consumer Durables,NASDAQ,Recreational Products
NYSE:XYL,XYL,Producer Manufacturing,NYSE,Industrial Machinery
NYSE:XPO,XPO,Transportation,NYSE,Trucking
NYSE:TSN,TSN,Consumer Non-Durables,NYSE,Food: Meat/Fish/Dairy
NYSE:CNI,CNI,Transportation,NYSE,Railroads
NYSE:ALSN,ALSN,Producer Manufacturing,NYSE,Auto Parts: OEM
NYSE:MOS,MOS,Process Industries,NYSE,Chemicals: Agricultural
NYSE:EXPD,EXPD,Transportation,NYSE,Air Freight/Couriers
NASDAQ:PSIX,PSIX,Producer Manufacturing,NASDAQ,Industrial Machinery
NYSE:PAAS,PAAS,Non-Energy Minerals,NYSE,Precious Metals
NASDAQ:RDNT,RDNT,Health Services,NASDAQ,Medical/Nursing Services
NASDAQ:SNDX,SNDX,Health Technology,NASDAQ,Biotechnology
NASDAQ:CZR,CZR,Consumer Services,NASDAQ,Casinos/Gaming
AMEX:UUUU,UUUU,Non-Energy Minerals,AMEX,Other Metals/Minerals
NYSE:OVV,OVV,Energy Minerals,NYSE,Integrated Oil
NYSE:WTM,WTM,Finance,NYSE,Multi-Line Insurance
NASDAQ:LNW,LNW,Consumer Services,NASDAQ,Casinos/Gaming
NYSE:H,H,Consumer Services,NYSE,Hotels/Resorts/Cruise lines
NASDAQ:ADN,ADN,Electronic Technology,NASDAQ,Semiconductors
NYSE:PLNT,PLNT,Consumer Services,NYSE,Other Consumer Services
NYSE:PAYC,PAYC,Technology Services,NYSE,Packaged Software
NASDAQ:GFS,GFS,Electronic Technology,NASDAQ,Semiconductors
NYSE:BN,BN,Finance,NYSE,Investment Managers
NYSE:AMRZ,AMRZ,Non-Energy Minerals,NYSE,Construction Materials
NASDAQ:HALO,HALO,Health Technology,NASDAQ,Biotechnology
NYSE:ATR,ATR,Process Industries,NYSE,Containers/Packaging
NYSE:EG,EG,Finance,NYSE,Property/Casualty Insurance
NASDAQ:TTEK,TTEK,Industrial Services,NASDAQ,Engineering & Construction
NASDAQ:CHRD,CHRD,Energy Minerals,NASDAQ,Integrated Oil
NYSE:ZIM,ZIM,Transportation,NYSE,Marine Shipping
NYSE:HRB,HRB,Consumer Services,NYSE,Other Consumer Services
NASDAQ:BBIO,BBIO,Health Technology,NASDAQ,Biotechnology
NYSE:BEN,BEN,Finance,NYSE,Investment Managers
NYSE:HRL,HRL,Consumer Non-Durables,NYSE,Food: Meat/Fish/Dairy
NYSE:EMN,EMN,Process Industries,NYSE,Chemicals: Specialty
NASDAQ:SMMT,SMMT,Health Technology,NASDAQ,Biotechnology
NASDAQ:ANIP,ANIP,Health Technology,NASDAQ,Biotechnology
NYSE:SWK,SWK,Consumer Durables,NYSE,Tools & Hardware
NYSE:BBWI,BBWI,Retail Trade,NYSE,Specialty Stores
NASDAQ:PENN,PENN,Consumer Services,NASDAQ,Casinos/Gaming
NASDAQ:CASY,CASY,Retail Trade,NASDAQ,Specialty Stores
NASDAQ:SEZL,SEZL,Technology Services,NASDAQ,Packaged Software
AMEX:KULR,KULR,Producer Manufacturing,AMEX,Industrial Machinery
NYSE:UHS,UHS,Health Services,NYSE,Hospital/Nursing Management
NASDAQ:AEIS,AEIS,Electronic Technology,NASDAQ,Electronic Production Equipment
NYSE:RNR,RNR,Finance,NYSE,Property/Casualty Insurance
NYSE:PAR,PAR,Electronic Technology,NYSE,Electronic Equipment/Instruments
NYSE:CRBG,CRBG,Finance,NYSE,Life/Health Insurance
NASDAQ:PCTY,PCTY,Technology Services,NASDAQ,Packaged Software
NYSE:TXT,TXT,Electronic Technology,NYSE,Aerospace & Defense
NASDAQ:CLBT,CLBT,Technology Services,NASDAQ,Packaged Software
NASDAQ:NTRS,NTRS,Finance,NASDAQ,Investment Managers
NASDAQ:LKQ,LKQ,Consumer Durables,NASDAQ,Automotive Aftermarket
NYSE:G,G,Commercial Services,NYSE,Miscellaneous Commercial Services
NYSE:IFF,IFF,Consumer Non-Durables,NYSE,Food: Specialty/Candy
NASDAQ:ARCC,ARCC,Finance,NASDAQ,Investment Managers
NYSE:MSA,MSA,Consumer Durables,NYSE,Other Consumer Specialties
NYSE:NVT,NVT,Electronic Technology,NYSE,Electronic Components
NASDAQ:FFIV,FFIV,Technology Services,NASDAQ,Packaged Software
NYSE:DDS,DDS,Retail Trade,NYSE,Department Stores
NASDAQ:BL,BL,Technology Services,NASDAQ,Packaged Software
NYSE:AXS,AXS,Finance,NYSE,Multi-Line Insurance
NYSE:IBP,IBP,Industrial Services,NYSE,Engineering & Construction
NYSE:CHE,CHE,Health Services,NYSE,Hospital/Nursing Management
NYSE:ALLE,ALLE,Consumer Durables,NYSE,Tools & Hardware
NYSE:RS,RS,Non-Energy Minerals,NYSE,Steel
NYSE:GAP,GAP,Retail Trade,NYSE,Apparel/Footwear Retail
NASDAQ:FULT,FULT,Finance,NASDAQ,Major Banks
NYSE:EIX,EIX,Utilities,NYSE,Electric Utilities
NYSE:VFC,VFC,Consumer Non-Durables,NYSE,Apparel/Footwear
NYSE:UI,UI,Electronic Technology,NYSE,Telecommunications Equipment
NASDAQ:MIRM,MIRM,Health Technology,NASDAQ,Pharmaceuticals: Major
NASDAQ:CINF,CINF,Finance,NASDAQ,Multi-Line Insurance
NYSE:BOOT,BOOT,Retail Trade,NYSE,Apparel/Footwear Retail
NASDAQ:VRNS,VRNS,Technology Services,NASDAQ,Packaged Software
NYSE:CHH,CHH,Consumer Services,NYSE,Hotels/Resorts/Cruise lines
NYSE:BWA,BWA,Producer Manufacturing,NYSE,Trucks/Construction/Farm Machinery
NASDAQ:QRVO,QRVO,Electronic Technology,NASDAQ,Semiconductors
NYSE:HBM,HBM,Non-Energy Minerals,NYSE,Other Metals/Minerals
NASDAQ:HOLX,HOLX,Health Technology,NASDAQ,Medical Specialties
NYSE:LRN,LRN,Consumer Services,NYSE,Other Consumer Services
NASDAQ:UPXI,UPXI,Health Technology,NASDAQ,Pharmaceuticals: Other
NASDAQ:LQDA,LQDA,Health Technology,NASDAQ,Pharmaceuticals: Major
NYSE:TXNM,TXNM,Utilities,NYSE,Electric Utilities
NYSE:WCC,WCC,Distribution Services,NYSE,Wholesale Distributors
NYSE:KBH,KBH,Consumer Durables,NYSE,Homebuilding
NASDAQ:LBRDK,LBRDK,Communications,NASDAQ,Wireless Telecommunications
NASDAQ:COLB,COLB,Finance,NASDAQ,Regional Banks
NYSE:FUN,FUN,Consumer Services,NYSE,Movies/Entertainment
NASDAQ:SITM,SITM,Electronic Technology,NASDAQ,Semiconductors
NASDAQ:FTAI,FTAI,Electronic Technology,NASDAQ,Aerospace & Defense
NASDAQ:MRCY,MRCY,Electronic Technology,NASDAQ,Aerospace & Defense
NYSE:IVZ,IVZ,Finance,NYSE,Investment Managers
NASDAQ:CGNX,CGNX,Electronic Technology,NASDAQ,Electronic Equipment/Instruments
NASDAQ:JKHY,JKHY,Technology Services,NASDAQ,Packaged Software
NASDAQ:GT,GT,Consumer Durables,NASDAQ,Automotive Aftermarket
NYSE:MKC,MKC,Consumer Non-Durables,NYSE,Food: Specialty/Candy
NYSE:MSGS,MSGS,Consumer Services,NYSE,Movies/Entertainment
NYSE:GMED,GMED,Health Technology,NYSE,Medical Specialties
NYSE:ZBH,ZBH,Health Technology,NYSE,Medical Specialties
NASDAQ:LIF,LIF,Technology Services,NASDAQ,Packaged Software
NYSE:IEX,IEX,Producer Manufacturing,NYSE,Industrial Machinery
NYSE:DVA,DVA,Health Services,NYSE,Medical/Nursing Services
NASDAQ:WMG,WMG,Commercial Services,NASDAQ,Commercial Printing/Forms
NYSE:CACI,CACI,Technology Services,NYSE,Information Technology Services
NYSE:AGCO,AGCO,Producer Manufacturing,NYSE,Trucks/Construction/Farm Machinery
NYSE:LH,LH,Health Services,NYSE,Medical/Nursing Services
NASDAQ:FFAI,FFAI,Consumer Durables,NASDAQ,Motor Vehicles
NYSE:BCE,BCE,Communications,NYSE,Major Telecommunications
NASDAQ:COO,COO,Health Technology,NASDAQ,Medical Specialties
NASDAQ:NVMI,NVMI,Electronic Technology,NASDAQ,Electronic Equipment/Instruments
NYSE:SKY,SKY,Consumer Durables,NYSE,Homebuilding
NYSE:AGX,AGX,Industrial Services,NYSE,Engineering & Construction
NYSE:SNV,SNV,Finance,NYSE,Regional Banks
NASDAQ:GLBE,GLBE,Retail Trade,NASDAQ,Internet Retail
NASDAQ:NUTX,NUTX,Health Services,NASDAQ,Medical/Nursing Services
NASDAQ:MIDD,MIDD,Producer Manufacturing,NASDAQ,Industrial Machinery
NASDAQ:VSEC,VSEC,Industrial Services,NASDAQ,Engineering & Construction
NASDAQ:FIVE,FIVE,Retail Trade,NASDAQ,Discount Stores
NASDAQ:VTRS,VTRS,Health Technology,NASDAQ,Pharmaceuticals: Major
NYSE:MFC,MFC,Finance,NYSE,Multi-Line Insurance
NASDAQ:VLY,VLY,Finance,NASDAQ,Major Banks
NYSE:CCK,CCK,Process Industries,NYSE,Containers/Packaging
NASDAQ:DORM,DORM,Consumer Durables,NASDAQ,Automotive Aftermarket
NYSE:J,J,Technology Services,NYSE,Data Processing Services
NYSE:VMI,VMI,Producer Manufacturing,NYSE,Metal Fabrication
NASDAQ:SLDP,SLDP,Producer Manufacturing,NASDAQ,Electrical Products
NASDAQ:TPG,TPG,Finance,NASDAQ,Investment Managers
NASDAQ:NTLA,NTLA,Health Technology,NASDAQ,Biotechnology
NYSE:TGNA,TGNA,Consumer Services,NYSE,Broadcasting
NYSE:GWRE,GWRE,Technology Services,NYSE,Information Technology Services
NYSE:SNA,SNA,Consumer Durables,NYSE,Tools & Hardware
NASDAQ:SYM,SYM,Producer Manufacturing,NASDAQ,Industrial Machinery
NASDAQ:FRPT,FRPT,Consumer Non-Durables,NASDAQ,Food: Specialty/Candy
NYSE:S,S,Technology Services,NYSE,Packaged Software
NASDAQ:XP,XP,Finance,NASDAQ,Investment Banks/Brokers
NASDAQ:SIRI,SIRI,Consumer Services,NASDAQ,Broadcasting
NASDAQ:ACAD,ACAD,Health Technology,NASDAQ,Pharmaceuticals: Major
NASDAQ:WEN,WEN,Consumer Services,NASDAQ,Restaurants
NYSE:STE,STE,Health Technology,NYSE,Medical Specialties
NYSE:HII,HII,Electronic Technology,NYSE,Aerospace & Defense
NYSE:FTI,FTI,Industrial Services,NYSE,Oilfield Services/Equipment
NYSE:PCOR,PCOR,Technology Services,NYSE,Packaged Software
NASDAQ:SSRM,SSRM,Non-Energy Minerals,NASDAQ,Precious Metals
NYSE:ACI,ACI,Retail Trade,NYSE,Food Retail
NASDAQ:GEN,GEN,Technology Services,NASDAQ,Packaged Software
NASDAQ:VNOM,VNOM,Energy Minerals,NASDAQ,Integrated Oil
NASDAQ:CHYM,CHYM,Technology Services,NASDAQ,Information Technology Services
NASDAQ:HQY,HQY,Finance,NASDAQ,Investment Managers
NASDAQ:VSAT,VSAT,Electronic Technology,NASDAQ,Telecommunications Equipment
NYSE:EVR,EVR,Finance,NYSE,Investment Banks/Brokers
NYSE:INSP,INSP,Health Technology,NYSE,Medical Specialties
NYSE:YUMC,YUMC,Consumer Services,NYSE,Restaurants
NYSE:FBIN,FBIN,Producer Manufacturing,NYSE,Building Products
NYSE:WHR,WHR,Consumer Durables,NYSE,Electronics/Appliances
NASDAQ:MGNI,MGNI,Technology Services,NASDAQ,Packaged Software
NYSE:PBF,PBF,Energy Minerals,NYSE,Oil Refining/Marketing
NYSE:SN,SN,Consumer Durables,NYSE,Electronics/Appliances
NYSE:MOD,MOD,Producer Manufacturing,NYSE,Industrial Machinery
NYSE:CM,CM,Finance,NYSE,Regional Banks
NYSE:CLH,CLH,Industrial Services,NYSE,Environmental Services
NASDAQ:SPNS,SPNS,Technology Services,NASDAQ,Packaged Software
NYSE:QSR,QSR,Consumer Services,NYSE,Restaurants
NYSE:GHC,GHC,Consumer Services,NYSE,Other Consumer Services
NYSE:SEE,SEE,Process Industries,NYSE,Containers/Packaging
NYSE:REZI,REZI,Distribution Services,NYSE,Electronics Distributors
NASDAQ:PPC,PPC,Process Industries,NASDAQ,Agricultural Commodities/Milling
NASDAQ:DBX,DBX,Technology Services,NASDAQ,Data Processing Services
NYSE:CNK,CNK,Consumer Services,NYSE,Movies/Entertainment
NYSE:ATMU,ATMU,Producer Manufacturing,NYSE,Auto Parts: OEM
NYSE:LNC,LNC,Finance,NYSE,Multi-Line Insurance
NYSE:CC,CC,Process Industries,NYSE,Chemicals: Specialty
NASDAQ:MORN,MORN,Finance,NASDAQ,Investment Managers
NYSE:ORI,ORI,Finance,NYSE,Specialty Insurance
NYSE:WU,WU,Finance,NYSE,Regional Banks
NYSE:RVTY,RVTY,Health Technology,NYSE,Medical Specialties
NYSE:SXT,SXT,Consumer Non-Durables,NYSE,Food: Specialty/Candy
NASDAQ:WINA,WINA,Retail Trade,NASDAQ,Apparel/Footwear Retail
NASDAQ:CHDN,CHDN,Consumer Services,NASDAQ,Movies/Entertainment
NASDAQ:UFG,UFG,Distribution Services,NASDAQ,Wholesale Distributors
NYSE:RY,RY,Finance,NYSE,Major Banks
NYSE:BG,BG,Process Industries,NYSE,Agricultural Commodities/Milling
NYSE:DAY,DAY,Technology Services,NYSE,Packaged Software
NYSE:LAD,LAD,Retail Trade,NYSE,Specialty Stores
NYSE:AOS,AOS,Producer Manufacturing,NYSE,Building Products
NASDAQ:PTCT,PTCT,Health Technology,NASDAQ,Pharmaceuticals: Major
NYSE:BALL,BALL,Process Industries,NYSE,Containers/Packaging
NASDAQ:ROAD,ROAD,Industrial Services,NASDAQ,Engineering & Construction
NYSE:TREX,TREX,Non-Energy Minerals,NYSE,Forest Products
NASDAQ:FLY,FLY,Electronic Technology,NASDAQ,Aerospace & Defense
NASDAQ:NDSN,NDSN,Producer Manufacturing,NASDAQ,Industrial Machinery
NYSE:LOAR,LOAR,Electronic Technology,NYSE,Aerospace & Defense
NYSE:MTH,MTH,Consumer Durables,NYSE,Homebuilding
NASDAQ:ENVX,ENVX,Producer Manufacturing,NASDAQ,Electrical Products
NASDAQ:ROOT,ROOT,Finance,NASDAQ,Insurance Brokers/Services
NYSE:WLK,WLK,Process Industries,NYSE,Chemicals: Specialty
NYSE:NYT,NYT,Consumer Services,NYSE,Publishing: Newspapers
NYSE:SU,SU,Energy Minerals,NYSE,Integrated Oil
NYSE:LCII,LCII,Producer Manufacturing,NYSE,Miscellaneous Manufacturing
NYSE:KVYO,KVYO,Technology Services,NYSE,Packaged Software
NASDAQ:STNE,STNE,Commercial Services,NASDAQ,Miscellaneous Commercial Services
NYSE:BKU,BKU,Finance,NYSE,Major Banks
NYSE:KNX,KNX,Transportation,NYSE,Trucking
NYSE:WTRG,WTRG,Utilities,NYSE,Water Utilities
NYSE:LUMN,LUMN,Communications,NYSE,Major Telecommunications
NYSE:BCC,BCC,Distribution Services,NYSE,Wholesale Distributors
NASDAQ:MANH,MANH,Technology Services,NASDAQ,Packaged Software
NASDAQ:PHLT,PHLT,Commercial Services,NASDAQ,Miscellaneous Commercial Services
NYSE:AWI,AWI,Producer Manufacturing,NYSE,Miscellaneous Manufacturing
NYSE:WES,WES,Industrial Services,NYSE,Oil & Gas Pipelines
NASDAQ:ONB,ONB,Finance,NASDAQ,Major Banks
NYSE:ALK,ALK,Transportation,NYSE,Airlines
NASDAQ:CCCS,CCCS,Technology Services,NASDAQ,Packaged Software
NASDAQ:PNFP,PNFP,Finance,NASDAQ,Regional Banks
NYSE:LTH,LTH,Consumer Services,NYSE,Other Consumer Services
NYSE:ULS,ULS,Commercial Services,NYSE,Miscellaneous Commercial Services
NYSE:EHC,EHC,Health Services,NYSE,Medical/Nursing Services
NYSE:UWMC,UWMC,Finance,NYSE,Finance/Rental/Leasing
NASDAQ:MTSI,MTSI,Electronic Technology,NASDAQ,Semiconductors
NASDAQ:SRRK,SRRK,Health Technology,NASDAQ,Biotechnology
NYSE:BKH,BKH,Utilities,NYSE,Gas Distributors
NASDAQ:ENSG,ENSG,Health Services,NASDAQ,Medical/Nursing Services
NASDAQ:LENZ,LENZ,Health Technology,NASDAQ,Pharmaceuticals: Major
NYSE:TRU,TRU,Commercial Services,NYSE,Financial Publishing/Services
NYSE:SAND,SAND,Finance,NYSE,Financial Conglomerates
NYSE:SM,SM,Energy Minerals,NYSE,Oil & Gas Production
NASDAQ:EXEL,EXEL,Health Technology,NASDAQ,Pharmaceuticals: Major
NASDAQ:CAR,CAR,Finance,NASDAQ,Finance/Rental/Leasing
NYSE:L,L,Finance,NYSE,Property/Casualty Insurance
NASDAQ:PI,PI,Electronic Technology,NASDAQ,Semiconductors
NYSE:PSN,PSN,Technology Services,NYSE,Information Technology Services
NYSE:SG,SG,Consumer Services,NYSE,Restaurants
NYSE:ACM,ACM,Industrial Services,NYSE,Engineering & Construction
NASDAQ:APPF,APPF,Technology Services,NASDAQ,Information Technology Services
NASDAQ:BRKR,BRKR,Health Technology,NASDAQ,Medical Specialties
NYSE:CWAN,CWAN,Technology Services,NYSE,Packaged Software
NASDAQ:GAMB,GAMB,Commercial Services,NASDAQ,Advertising/Marketing Services
NASDAQ:FLNC,FLNC,Producer Manufacturing,NASDAQ,Electrical Products
NYSE:SSD,SSD,Producer Manufacturing,NYSE,Building Products
NYSE:APG,APG,Industrial Services,NYSE,Engineering & Construction
NYSE:UNM,UNM,Finance,NYSE,Multi-Line Insurance
NYSE:FUBO,FUBO,Technology Services,NYSE,Internet Software/Services
NYSE:M,M,Retail Trade,NYSE,Department Stores
NASDAQ:STEP,STEP,Finance,NASDAQ,Investment Managers
NYSE:SF,SF,Finance,NYSE,Investment Managers
NYSE:CRL,CRL,Commercial Services,NYSE,Miscellaneous Commercial Services
NYSE:TAP,TAP,Consumer Non-Durables,NYSE,Beverages: Alcoholic
NYSE:YOU,YOU,Technology Services,NYSE,Packaged Software
NASDAQ:BSY,BSY,Technology Services,NASDAQ,Information Technology Services
NYSE:PNR,PNR,Producer Manufacturing,NYSE,Industrial Machinery
NASDAQ:NXST,NXST,Consumer Services,NASDAQ,Broadcasting
NASDAQ:RMBS,RMBS,Electronic Technology,NASDAQ,Semiconductors
NASDAQ:JBHT,JBHT,Transportation,NASDAQ,Trucking
NASDAQ:CVCO,CVCO,Consumer Durables,NASDAQ,Homebuilding
NASDAQ:SAIA,SAIA,Transportation,NASDAQ,Trucking
NYSE:CMA,CMA,Finance,NYSE,Major Banks
NASDAQ:FIVN,FIVN,Technology Services,NASDAQ,Packaged Software
NASDAQ:BTAI,BTAI,Health Technology,NASDAQ,Biotechnology
NYSE:OC,OC,Process Industries,NYSE,Containers/Packaging
NASDAQ:LECO,LECO,Producer Manufacturing,NASDAQ,Industrial Machinery
NYSE:WH,WH,Consumer Services,NYSE,Hotels/Resorts/Cruise lines
NYSE:JEF,JEF,Finance,NYSE,Investment Banks/Brokers
NYSE:GENI,GENI,Technology Services,NYSE,Internet Software/Services
NASDAQ:CALM,CALM,Process Industries,NASDAQ,Agricultural Commodities/Milling
NASDAQ:RGEN,RGEN,Health Technology,NASDAQ,Pharmaceuticals: Major
NYSE:SLGN,SLGN,Process Industries,NYSE,Containers/Packaging
NASDAQ:GSHD,GSHD,Finance,NASDAQ,Insurance Brokers/Services
NASDAQ:PRCT,PRCT,Health Technology,NASDAQ,Medical Specialties
NYSE:DOCN,DOCN,Technology Services,NYSE,Packaged Software
NASDAQ:NBIX,NBIX,Health Technology,NASDAQ,Biotechnology
NYSE:MUSA,MUSA,Retail Trade,NYSE,Specialty Stores
NASDAQ:PFG,PFG,Finance,NASDAQ,Investment Managers
NYSE:TTC,TTC,Producer Manufacturing,NYSE,Trucks/Construction/Farm Machinery
NYSE:CE,CE,Process Industries,NYSE,Chemicals: Specialty
NYSE:SR,SR,Utilities,NYSE,Gas Distributors
NYSE:GL,GL,Finance,NYSE,Multi-Line Insurance
NYSE:SHAK,SHAK,Consumer Services,NYSE,Restaurants
NYSE:TRP,TRP,Industrial Services,NYSE,Oil & Gas Pipelines
NYSE:RRX,RRX,Producer Manufacturing,NYSE,Electrical Products
NYSE:JBS,JBS,Consumer Non-Durables,NYSE,Food: Meat/Fish/Dairy
NYSE:RRC,RRC,Energy Minerals,NYSE,Oil & Gas Production
NYSE:EXP,EXP,Non-Energy Minerals,NYSE,Construction Materials
NYSE:OGE,OGE,Utilities,NYSE,Electric Utilities
NASDAQ:CAI,CAI,Technology Services,NASDAQ,Packaged Software
NASDAQ:RPRX,RPRX,Health Technology,NASDAQ,Pharmaceuticals: Major
NYSE:HEI,HEI,Electronic Technology,NYSE,Aerospace & Defense
NASDAQ:CRNC,CRNC,Technology Services,NASDAQ,Packaged Software
NASDAQ:FRSH,FRSH,Technology Services,NASDAQ,Packaged Software
NASDAQ:NWL,NWL,Producer Manufacturing,NASDAQ,Industrial Machinery
NYSE:TGLS,TGLS,Producer Manufacturing,NYSE,Building Products
NASDAQ:TECH,TECH,Health Technology,NASDAQ,Biotechnology
NASDAQ:ALHC,ALHC,Health Services,NASDAQ,Managed Health Care
NASDAQ:SDGR,SDGR,Technology Services,NASDAQ,Packaged Software
NASDAQ:LNTH,LNTH,Health Technology,NASDAQ,Medical Specialties
NYSE:GXO,GXO,Transportation,NYSE,Air Freight/Couriers
NYSE:ROL,ROL,Commercial Services,NYSE,Miscellaneous Commercial Services
NASDAQ:CAKE,CAKE,Consumer Services,NASDAQ,Restaurants
NYSE:IBTA,IBTA,Technology Services,NYSE,Packaged Software
NYSE:KNF,KNF,Non-Energy Minerals,NYSE,Construction Materials
NYSE:SOC,SOC,Energy Minerals,NYSE,Integrated Oil
NYSE:SCCO,SCCO,Non-Energy Minerals,NYSE,Other Metals/Minerals
NASDAQ:MYRG,MYRG,Industrial Services,NASDAQ,Engineering & Construction
NYSE:TECK,TECK,Non-Energy Minerals,NYSE,Other Metals/Minerals
NASDAQ:CVLT,CVLT,Technology Services,NASDAQ,Packaged Software
NYSE:POST,POST,Consumer Non-Durables,NYSE,Food: Specialty/Candy
NYSE:OGS,OGS,Utilities,NYSE,Gas Distributors
NYSE:PRKS,PRKS,Consumer Services,NYSE,Movies/Entertainment
NYSE:TD,TD,Finance,NYSE,Major Banks
NYSE:MKL,MKL,Finance,NYSE,Property/Casualty Insurance
NASDAQ:SHLS,SHLS,Electronic Technology,NASDAQ,Semiconductors
AMEX:ASM,ASM,Non-Energy Minerals,AMEX,Precious Metals
NASDAQ:MASI,MASI,Health Technology,NASDAQ,Medical Specialties
NYSE:FLS,FLS,Producer Manufacturing,NYSE,Industrial Machinery
NYSE:STNG,STNG,Transportation,NYSE,Marine Shipping
NYSE:SSB,SSB,Finance,NYSE,Regional Banks
NYSE:TDOC,TDOC,Health Services,NYSE,Medical/Nursing Services
NASDAQ:ACLS,ACLS,Producer Manufacturing,NASDAQ,Industrial Machinery
NYSE:AVY,AVY,Process Industries,NYSE,Pulp & Paper
NYSE:LPX,LPX,Non-Energy Minerals,NYSE,Forest Products
NASDAQ:SERV,SERV,Producer Manufacturing,NASDAQ,Industrial Machinery
NYSE:HGV,HGV,Finance,NYSE,Real Estate Development
NYSE:VAL,VAL,Industrial Services,NYSE,Contract Drilling
NYSE:BHVN,BHVN,Health Technology,NYSE,Pharmaceuticals: Major
NYSE:CVI,CVI,Energy Minerals,NYSE,Oil Refining/Marketing
NYSE:RIG,RIG,Industrial Services,NYSE,Contract Drilling
NASDAQ:SPSC,SPSC,Technology Services,NASDAQ,Packaged Software
NASDAQ:GRRR,GRRR,Technology Services,NASDAQ,Packaged Software
NASDAQ:ACHC,ACHC,Health Services,NASDAQ,Medical/Nursing Services
NASDAQ:CTLP,CTLP,Commercial Services,NASDAQ,Miscellaneous Commercial Services
NYSE:BAM,BAM,Finance,NYSE,Investment Managers
NASDAQ:CODX,CODX,Health Technology,NASDAQ,Biotechnology
NYSE:MHK,MHK,Producer Manufacturing,NYSE,Building Products
NASDAQ:ITRI,ITRI,Electronic Technology,NASDAQ,Electronic Equipment/Instruments
NASDAQ:SMTC,SMTC,Electronic Technology,NASDAQ,Semiconductors
NYSE:MIR,MIR,Electronic Technology,NYSE,Aerospace & Defense
NYSE:QGEN,QGEN,Health Technology,NYSE,Medical Specialties
NASDAQ:MBLY,MBLY,Technology Services,NASDAQ,Packaged Software
NYSE:BXSL,BXSL,Miscellaneous,NYSE,Investment Trusts/Mutual Funds
NYSE:FAF,FAF,Finance,NYSE,Specialty Insurance
NYSE:BNS,BNS,Finance,NYSE,Major Banks
NASDAQ:TSSI,TSSI,Technology Services,NASDAQ,Information Technology Services
NYSE:AMPX,AMPX,Producer Manufacturing,NYSE,Electrical Products
NASDAQ:AXSM,AXSM,Health Technology,NASDAQ,Biotechnology
NYSE:RAL,RAL,Electronic Technology,NYSE,Electronic Equipment/Instruments
NYSE:TDS,TDS,Communications,NYSE,Wireless Telecommunications
NASDAQ:FWONK,FWONK,Technology Services,NASDAQ,Internet Software/Services
NYSE:ADT,ADT,Commercial Services,NYSE,Miscellaneous Commercial Services
NASDAQ:VERA,VERA,Health Technology,NASDAQ,Biotechnology
NYSE:WBS,WBS,Finance,NYSE,Savings Banks
NYSE:PEN,PEN,Health Technology,NYSE,Medical Specialties
NASDAQ:WAY,WAY,Technology Services,NASDAQ,Packaged Software
NASDAQ:NKTR,NKTR,Health Technology,NASDAQ,Pharmaceuticals: Major
NASDAQ:CGC,CGC,Process Industries,NASDAQ,Agricultural Commodities/Milling
NASDAQ:SEIC,SEIC,Finance,NASDAQ,Investment Managers
NASDAQ:INTA,INTA,Technology Services,NASDAQ,Packaged Software
NYSE:YETI,YETI,Producer Manufacturing,NYSE,Miscellaneous Manufacturing
NYSE:ALV,ALV,Producer Manufacturing,NYSE,Auto Parts: OEM
NYSE:BFAM,BFAM,Commercial Services,NYSE,Miscellaneous Commercial Services
NYSE:OSK,OSK,Consumer Durables,NYSE,Motor Vehicles
NASDAQ:PAA,PAA,Industrial Services,NASDAQ,Oil & Gas Pipelines
NYSE:HAE,HAE,Health Technology,NYSE,Medical Specialties
NASDAQ:DOX,DOX,Technology Services,NASDAQ,Information Technology Services
NASDAQ:SIGI,SIGI,Finance,NASDAQ,Property/Casualty Insurance
NASDAQ:IRTC,IRTC,Health Technology,NASDAQ,Medical Specialties
NYSE:ORA,ORA,Utilities,NYSE,Electric Utilities
NASDAQ:GTM,GTM,Technology Services,NASDAQ,Packaged Software
NYSE:WAL,WAL,Finance,NYSE,Regional Banks
NYSE:GPK,GPK,Process Industries,NYSE,Containers/Packaging
NYSE:PVH,PVH,Consumer Non-Durables,NYSE,Apparel/Footwear
NASDAQ:SANM,SANM,Electronic Technology,NASDAQ,Electronic Production Equipment
NASDAQ:TGTX,TGTX,Health Technology,NASDAQ,Pharmaceuticals: Major
NASDAQ:TTAN,TTAN,Technology Services,NASDAQ,Packaged Software
NYSE:VVX,VVX,Commercial Services,NYSE,Miscellaneous Commercial Services
NYSE:BTU,BTU,Energy Minerals,NYSE,Coal
NYSE:FNF,FNF,Finance,NYSE,Specialty Insurance
NYSE:DINO,DINO,Energy Minerals,NYSE,Oil Refining/Marketing
NYSE:SITE,SITE,Producer Manufacturing,NYSE,Trucks/Construction/Farm Machinery
NASDAQ:UMBF,UMBF,Finance,NASDAQ,Major Banks
NYSE:FSS,FSS,Consumer Durables,NYSE,Motor Vehicles
NASDAQ:POWL,POWL,Producer Manufacturing,NASDAQ,Electrical Products
NASDAQ:BTDR,BTDR,Technology Services,NASDAQ,Data Processing Services
NYSE:RBC,RBC,Producer Manufacturing,NYSE,Metal Fabrication
NASDAQ:CELC,CELC,Health Technology,NASDAQ,Medical Specialties
NASDAQ:RYTM,RYTM,Health Technology,NASDAQ,Pharmaceuticals: Major
NYSE:MTN,MTN,Consumer Services,NYSE,Hotels/Resorts/Cruise lines
NYSE:AN,AN,Retail Trade,NYSE,Specialty Stores
NYSE:CFR,CFR,Finance,NYSE,Regional Banks
NASDAQ:CRUS,CRUS,Electronic Technology,NASDAQ,Semiconductors
NYSE:TKR,TKR,Producer Manufacturing,NYSE,Industrial Machinery
NYSE:WTS,WTS,Producer Manufacturing,NYSE,Industrial Machinery
NASDAQ:ETOR,ETOR,Technology Services,NASDAQ,Packaged Software
NASDAQ:PPTA,PPTA,Non-Energy Minerals,NASDAQ,Precious Metals
NASDAQ:ASO,ASO,Retail Trade,NASDAQ,Specialty Stores
NYSE:HLI,HLI,Finance,NYSE,Investment Banks/Brokers
NASDAQ:PEGA,PEGA,Technology Services,NASDAQ,Information Technology Services
NASDAQ:CYTK,CYTK,Health Technology,NASDAQ,Pharmaceuticals: Major
NYSE:COMP,COMP,Technology Services,NYSE,Packaged Software
NYSE:GKOS,GKOS,Health Technology,NYSE,Medical Specialties
NASDAQ:IONS,IONS,Health Technology,NASDAQ,Pharmaceuticals: Major
NYSE:RPM,RPM,Process Industries,NYSE,Industrial Specialties
NYSE:TU,TU,Communications,NYSE,Wireless Telecommunications
NASDAQ:HIVE,HIVE,Technology Services,NASDAQ,Information Technology Services
NASDAQ:COKE,COKE,Consumer Non-Durables,NASDAQ,Beverages: Non-Alcoholic
NASDAQ:ISSC,ISSC,Electronic Technology,NASDAQ,Aerospace & Defense
NYSE:AYI,AYI,Producer Manufacturing,NYSE,Electrical Products
NYSE:HOG,HOG,Consumer Durables,NYSE,Motor Vehicles
NASDAQ:FOX,FOX,Consumer Services,NASDAQ,Broadcasting
NYSE:CRK,CRK,Energy Minerals,NYSE,Oil & Gas Production
NYSE:GVA,GVA,Industrial Services,NYSE,Engineering & Construction
NYSE:ZWS,ZWS,Producer Manufacturing,NYSE,Industrial Machinery
NYSE:QTWO,QTWO,Technology Services,NYSE,Information Technology Services
NASDAQ:ALKS,ALKS,Health Technology,NASDAQ,Pharmaceuticals: Major
NASDAQ:TWST,TWST,Health Technology,NASDAQ,Biotechnology
NASDAQ:GLNG,GLNG,Industrial Services,NASDAQ,Oil & Gas Pipelines
NASDAQ:HROW,HROW,Health Technology,NASDAQ,Pharmaceuticals: Major
NASDAQ:RARE,RARE,Health Technology,NASDAQ,Pharmaceuticals: Major
NASDAQ:CDTX,CDTX,Health Technology,NASDAQ,Pharmaceuticals: Other
NYSE:BTE,BTE,Energy Minerals,NYSE,Integrated Oil
NASDAQ:CRML,CRML,Non-Energy Minerals,NASDAQ,Precious Metals
NYSE:KAI,KAI,Producer Manufacturing,NYSE,Industrial Machinery
NASDAQ:VIAV,VIAV,Technology Services,NASDAQ,Information Technology Services
NYSE:RDW,RDW,Electronic Technology,NYSE,Aerospace & Defense
NASDAQ:AMKR,AMKR,Electronic Technology,NASDAQ,Semiconductors
NYSE:MLI,MLI,Producer Manufacturing,NYSE,Metal Fabrication
NASDAQ:JAZZ,JAZZ,Health Technology,NASDAQ,Pharmaceuticals: Major
NYSE:HESM,HESM,Energy Minerals,NYSE,Integrated Oil
NYSE:NXE,NXE,Non-Energy Minerals,NYSE,Other Metals/Minerals
NASDAQ:EWBC,EWBC,Finance,NASDAQ,Regional Banks
NYSE:FLG,FLG,Finance,NYSE,Savings Banks
NYSE:PAGS,PAGS,Commercial Services,NYSE,Miscellaneous Commercial Services
NYSE:ECG,ECG,Industrial Services,NYSE,Engineering & Construction
NYSE:WK,WK,Technology Services,NYSE,Information Technology Services
NYSE:BIO,BIO,Health Technology,NYSE,Medical Specialties
NYSE:HNGE,HNGE,Electronic Technology,NYSE,Electronic Equipment/Instruments
NYSE:BMI,BMI,Producer Manufacturing,NYSE,Industrial Machinery
NASDAQ:TSEM,TSEM,Electronic Technology,NASDAQ,Semiconductors
NYSE:MUR,MUR,Energy Minerals,NYSE,Oil & Gas Production
NYSE:OBDC,OBDC,Finance,NYSE,Finance/Rental/Leasing
NYSE:ASAN,ASAN,Technology Services,NYSE,Packaged Software
NYSE:WRBY,WRBY,Retail Trade,NYSE,Specialty Stores
AMEX:MTNB,MTNB,Health Technology,AMEX,Pharmaceuticals: Major
NASDAQ:FLYE,FLYE,Consumer Durables,NASDAQ,Motor Vehicles
NYSE:BOX,BOX,Technology Services,NYSE,Information Technology Services
NASDAQ:NSIT,NSIT,Technology Services,NASDAQ,Information Technology Services
NYSE:KTB,KTB,Consumer Non-Durables,NYSE,Apparel/Footwear
NYSE:CR,CR,Electronic Technology,NYSE,Aerospace & Defense
NYSE:AX,AX,Finance,NYSE,Major Banks
NASDAQ:OLED,OLED,Electronic Technology,NASDAQ,Electronic Production Equipment
NASDAQ:BEAM,BEAM,Health Technology,NASDAQ,Biotechnology
NASDAQ:TREE,TREE,Finance,NASDAQ,Finance/Rental/Leasing
NYSE:SARO,SARO,Transportation,NYSE,Other Transportation
NYSE:PII,PII,Consumer Durables,NYSE,Recreational Products
NASDAQ:MMSI,MMSI,Health Technology,NASDAQ,Medical Specialties
NASDAQ:BPOP,BPOP,Finance,NASDAQ,Regional Banks
NASDAQ:KURA,KURA,Health Technology,NASDAQ,Biotechnology
NYSE:TMHC,TMHC,Consumer Durables,NYSE,Homebuilding
NYSE:HP,HP,Industrial Services,NYSE,Contract Drilling
NYSE:WEX,WEX,Commercial Services,NYSE,Miscellaneous Commercial Services
NASDAQ:TARS,TARS,Health Technology,NASDAQ,Pharmaceuticals: Major
NYSE:BMO,BMO,Finance,NYSE,Major Banks
NASDAQ:ARQT,ARQT,Health Technology,NASDAQ,Pharmaceuticals: Major
NYSE:BYD,BYD,Consumer Services,NYSE,Casinos/Gaming
NASDAQ:CACC,CACC,Finance,NASDAQ,Finance/Rental/Leasing
NYSE:LB,LB,Commercial Services,NYSE,Miscellaneous Commercial Services
NYSE:ABG,ABG,Retail Trade,NYSE,Specialty Stores
NYSE:RHI,RHI,Commercial Services,NYSE,Personnel Services
NASDAQ:PTLO,PTLO,Consumer Services,NASDAQ,Restaurants
NYSE:JHG,JHG,Finance,NYSE,Investment Managers
NASDAQ:STOK,STOK,Health Technology,NASDAQ,Biotechnology
NASDAQ:NOVT,NOVT,Electronic Technology,NASDAQ,Electronic Equipment/Instruments
NYSE:UTI,UTI,Commercial Services,NYSE,Miscellaneous Commercial Services
NASDAQ:CCOI,CCOI,Communications,NASDAQ,Major Telecommunications
NYSE:THO,THO,Consumer Durables,NYSE,Recreational Products
NASDAQ:LMB,LMB,Miscellaneous,NASDAQ,Miscellaneous
NASDAQ:WSC,WSC,Finance,NASDAQ,Finance/Rental/Leasing
NYSE:ATGE,ATGE,Consumer Services,NYSE,Other Consumer Services
NASDAQ:LTBR,LTBR,Process Industries,NASDAQ,Chemicals: Specialty
NYSE:KBR,KBR,Technology Services,NYSE,Information Technology Services
NASDAQ:CLDX,CLDX,Health Technology,NASDAQ,Biotechnology
NASDAQ:SRAD,SRAD,Technology Services,NASDAQ,Packaged Software
NASDAQ:LGND,LGND,Health Technology,NASDAQ,Pharmaceuticals: Major
NASDAQ:LGIH,LGIH,Consumer Durables,NASDAQ,Homebuilding
NYSE:CMC,CMC,Non-Energy Minerals,NYSE,Steel
NYSE:ARMK,ARMK,Consumer Services,NYSE,Restaurants
NYSE:PEW,PEW,Retail Trade,NYSE,Specialty Stores
NASDAQ:PZZA,PZZA,Consumer Services,NASDAQ,Restaurants
NYSE:PARR,PARR,Energy Minerals,NYSE,Oil Refining/Marketing
NASDAQ:LOGI,LOGI,Electronic Technology,NASDAQ,Computer Peripherals
NYSE:FSK,FSK,Miscellaneous,NYSE,Investment Trusts/Mutual Funds
NASDAQ:CWST,CWST,Industrial Services,NASDAQ,Environmental Services
NASDAQ:ATAI,ATAI,Health Technology,NASDAQ,Pharmaceuticals: Major
NASDAQ:PTEN,PTEN,Industrial Services,NASDAQ,Contract Drilling
NASDAQ:CGTX,CGTX,Health Technology,NASDAQ,Biotechnology
NASDAQ:BLBD,BLBD,Consumer Durables,NASDAQ,Motor Vehicles
NYSE:DTM,DTM,Industrial Services,NYSE,Oil & Gas Pipelines
NYSE:GFL,GFL,Industrial Services,NYSE,Environmental Services
NASDAQ:ARHS,ARHS,Consumer Durables,NASDAQ,Home Furnishings
NASDAQ:RVMD,RVMD,Health Technology,NASDAQ,Pharmaceuticals: Other
NASDAQ:REPL,REPL,Health Technology,NASDAQ,Biotechnology
NYSE:LW,LW,Consumer Non-Durables,NYSE,Food: Specialty/Candy
NASDAQ:SAIL,SAIL,Technology Services,NASDAQ,Packaged Software
NASDAQ:TIGO,TIGO,Communications,NASDAQ,Wireless Telecommunications
NYSE:PBH,PBH,Health Technology,NYSE,Pharmaceuticals: Major
NYSE:MMS,MMS,Commercial Services,NYSE,Miscellaneous Commercial Services
NYSE:VSCO,VSCO,Retail Trade,NYSE,Apparel/Footwear Retail
NYSE:MTDR,MTDR,Energy Minerals,NYSE,Integrated Oil
NASDAQ:INO,INO,Health Technology,NASDAQ,Pharmaceuticals: Major
NASDAQ:ESLT,ESLT,Electronic Technology,NASDAQ,Aerospace & Defense
NYSE:SIG,SIG,Retail Trade,NYSE,Specialty Stores
NASDAQ:ODD,ODD,Technology Services,NASDAQ,Packaged Software
NYSE:AFG,AFG,Finance,NYSE,Property/Casualty Insurance
NYSE:GNW,GNW,Finance,NYSE,Multi-Line Insurance
NASDAQ:PINC,PINC,Health Services,NASDAQ,Hospital/Nursing Management
NASDAQ:BMBL,BMBL,Technology Services,NASDAQ,Packaged Software
NASDAQ:PCVX,PCVX,Health Technology,NASDAQ,Biotechnology
NASDAQ:FOSL,FOSL,Consumer Durables,NASDAQ,Other Consumer Specialties
NASDAQ:DRS,DRS,Electronic Technology,NASDAQ,Aerospace & Defense
NASDAQ:SPRY,SPRY,Health Technology,NASDAQ,Pharmaceuticals: Major
NASDAQ:IDCC,IDCC,Technology Services,NASDAQ,Packaged Software
NYSE:JXN,JXN,Finance,NYSE,Life/Health Insurance
NASDAQ:TENB,TENB,Technology Services,NASDAQ,Packaged Software
NYSE:AZZ,AZZ,Process Industries,NYSE,Industrial Specialties
NYSE:UTL,UTL,Utilities,NYSE,Electric Utilities
NASDAQ:BITF,BITF,Technology Services,NASDAQ,Data Processing Services
NYSE:PL,PL,Technology Services,NYSE,Packaged Software
NYSE:AUB,AUB,Finance,NYSE,Regional Banks
NYSE:GGG,GGG,Producer Manufacturing,NYSE,Industrial Machinery
NASDAQ:RELY,RELY,Commercial Services,NASDAQ,Miscellaneous Commercial Services
NYSE:CPRI,CPRI,Retail Trade,NYSE,Apparel/Footwear Retail
NASDAQ:GCT,GCT,Distribution Services,NASDAQ,Wholesale Distributors
NYSE:KMPR,KMPR,Finance,NYSE,Property/Casualty Insurance
NASDAQ:ACMR,ACMR,Producer Manufacturing,NASDAQ,Industrial Machinery
NASDAQ:AMSC,AMSC,Producer Manufacturing,NASDAQ,Electrical Products
NASDAQ:CRMD,CRMD,Health Technology,NASDAQ,Biotechnology
NYSE:NFG,NFG,Energy Minerals,NYSE,Integrated Oil
NASDAQ:ZG,ZG,Technology Services,NASDAQ,Internet Software/Services
NASDAQ:IESC,IESC,Industrial Services,NASDAQ,Engineering & Construction
NYSE:RNG,RNG,Technology Services,NYSE,Packaged Software
NASDAQ:DJCO,DJCO,Consumer Services,NASDAQ,Publishing: Newspapers
NASDAQ:VCTR,VCTR,Finance,NASDAQ,Investment Managers
NYSE:MDU,MDU,Utilities,NYSE,Gas Distributors
NASDAQ:IOBT,IOBT,Health Technology,NASDAQ,Biotechnology
NYSE:CNR,CNR,Energy Minerals,NYSE,Coal
NYSE:RSI,RSI,Consumer Services,NYSE,Casinos/Gaming
NASDAQ:RIGL,RIGL,Health Technology,NASDAQ,Pharmaceuticals: Major
NYSE:FCN,FCN,Commercial Services,NYSE,Miscellaneous Commercial Services
NYSE:ITT,ITT,Producer Manufacturing,NYSE,Auto Parts: OEM
NASDAQ:CBRL,CBRL,Consumer Services,NASDAQ,Restaurants
NYSE:POR,POR,Utilities,NYSE,Electric Utilities
NYSE:CSW,CSW,Process Industries,NYSE,Industrial Specialties
NASDAQ:TXG,TXG,Health Technology,NASDAQ,Biotechnology
NYSE:DV,DV,Technology Services,NYSE,Packaged Software
NYSE:NE,NE,Industrial Services,NYSE,Contract Drilling
NASDAQ:DEFT,DEFT,Finance,NASDAQ,Investment Managers
NYSE:LEVI,LEVI,Consumer Non-Durables,NYSE,Apparel/Footwear
NYSE:TPB,TPB,Consumer Non-Durables,NYSE,Tobacco
NYSE:VOYA,VOYA,Finance,NYSE,Life/Health Insurance
NYSE:MC,MC,Finance,NYSE,Investment Banks/Brokers
NYSE:KGS,KGS,Industrial Services,NYSE,Oilfield Services/Equipment
NYSE:PB,PB,Finance,NYSE,Regional Banks
NASDAQ:KYMR,KYMR,Health Technology,NASDAQ,Biotechnology
NASDAQ:SUPN,SUPN,Health Technology,NASDAQ,Pharmaceuticals: Major
NASDAQ:WTFC,WTFC,Finance,NASDAQ,Regional Banks
NYSE:DK,DK,Energy Minerals,NYSE,Oil Refining/Marketing
NYSE:STN,STN,Industrial Services,NYSE,Engineering & Construction
NYSE:IDA,IDA,Utilities,NYSE,Electric Utilities
NASDAQ:FFIN,FFIN,Finance,NASDAQ,Major Banks
NYSE:HXL,HXL,Electronic Technology,NYSE,Aerospace & Defense
NYSE:NEU,NEU,Process Industries,NYSE,Chemicals: Specialty
NYSE:SEI,SEI,Technology Services,NYSE,Information Technology Services
NYSE:SCI,SCI,Consumer Services,NYSE,Other Consumer Services
NASDAQ:UPWK,UPWK,Commercial Services,NASDAQ,Personnel Services
NYSE:RGA,RGA,Finance,NYSE,Life/Health Insurance
NYSE:UGI,UGI,Distribution Services,NYSE,Wholesale Distributors
NASDAQ:FHB,FHB,Finance,NASDAQ,Regional Banks
NYSE:ESAB,ESAB,Producer Manufacturing,NYSE,Industrial Machinery
NASDAQ:HCTI,HCTI,Technology Services,NASDAQ,Information Technology Services
NASDAQ:TRIP,TRIP,Consumer Services,NASDAQ,Other Consumer Services
NASDAQ:BTCS,BTCS,Finance,NASDAQ,Regional Banks
NYSE:YELP,YELP,Technology Services,NYSE,Internet Software/Services
NASDAQ:IBRX,IBRX,Health Technology,NASDAQ,Pharmaceuticals: Major
NASDAQ:KYIV,KYIV,,NASDAQ,
NYSE:HASI,HASI,Finance,NYSE,Investment Managers
NASDAQ:BRZE,BRZE,Technology Services,NASDAQ,Internet Software/Services
NASDAQ:MAT,MAT,Consumer Durables,NASDAQ,Recreational Products
NYSE:RYAN,RYAN,Finance,NYSE,Insurance Brokers/Services
NASDAQ:STRF,STRF,Technology Services,NASDAQ,Internet Software/Services
NASDAQ:CORT,CORT,Health Technology,NASDAQ,Pharmaceuticals: Major
NYSE:LEA,LEA,Producer Manufacturing,NYSE,Auto Parts: OEM
NYSE:ALE,ALE,Utilities,NYSE,Alternative Power Generation
NYSE:OMF,OMF,Finance,NYSE,Finance/Rental/Leasing
NASDAQ:INDB,INDB,Finance,NASDAQ,Regional Banks
NASDAQ:ERIE,ERIE,Finance,NASDAQ,Property/Casualty Insurance
NYSE:KRMN,KRMN,Electronic Technology,NYSE,Aerospace & Defense
NYSE:MGY,MGY,Energy Minerals,NYSE,Oil & Gas Production
NYSE:CWK,CWK,Finance,NYSE,Real Estate Development
NYSE:CPA,CPA,Transportation,NYSE,Airlines
NASDAQ:RR,RR,Consumer Durables,NASDAQ,Electronics/Appliances
NASDAQ:ALKT,ALKT,Technology Services,NASDAQ,Packaged Software
NASDAQ:ZVRA,ZVRA,Health Technology,NASDAQ,Pharmaceuticals: Major
NYSE:TEX,TEX,Producer Manufacturing,NYSE,Trucks/Construction/Farm Machinery
NYSE:OLN,OLN,Process Industries,NYSE,Industrial Specialties
NASDAQ:ARDX,ARDX,Health Technology,NASDAQ,Pharmaceuticals: Major
NASDAQ:CENX,CENX,Non-Energy Minerals,NASDAQ,Aluminum
NYSE:MAIN,MAIN,Finance,NYSE,Financial Conglomerates
NASDAQ:TVTX,TVTX,Health Technology,NASDAQ,Pharmaceuticals: Major
NASDAQ:IAC,IAC,Technology Services,NASDAQ,Internet Software/Services
NASDAQ:PATK,PATK,Consumer Durables,NASDAQ,Homebuilding
NYSE:ALIT,ALIT,Technology Services,NYSE,Information Technology Services
NASDAQ:PLMR,PLMR,Finance,NASDAQ,Property/Casualty Insurance
NYSE:AMC,AMC,Consumer Services,NYSE,Movies/Entertainment
NASDAQ:VTGN,VTGN,Health Technology,NASDAQ,Biotechnology
NYSE:PFSI,PFSI,Finance,NYSE,Finance/Rental/Leasing
NASDAQ:ROIV,ROIV,Health Technology,NASDAQ,Pharmaceuticals: Major
NASDAQ:TCBI,TCBI,Finance,NASDAQ,Major Banks
NYSE:HCC,HCC,Energy Minerals,NYSE,Coal
NASDAQ:ORIS,ORIS,Consumer Non-Durables,NASDAQ,Food: Major Diversified
NASDAQ:VITL,VITL,Process Industries,NASDAQ,Agricultural Commodities/Milling
NASDAQ:XRAY,XRAY,Health Technology,NASDAQ,Medical Specialties
NYSE:MHO,MHO,Consumer Durables,NYSE,Homebuilding
NASDAQ:ZION,ZION,Finance,NASDAQ,Major Banks
NYSE:VVV,VVV,Consumer Services,NYSE,Other Consumer Services
NYSE:ENOV,ENOV,Health Technology,NYSE,Medical Specialties
NASDAQ:AUPH,AUPH,Health Technology,NASDAQ,Biotechnology
NYSE:BCO,BCO,Commercial Services,NYSE,Miscellaneous Commercial Services
NYSE:COTY,COTY,Consumer Non-Durables,NYSE,Household/Personal Care
NASDAQ:DSGX,DSGX,Technology Services,NASDAQ,Packaged Software
NYSE:PD,PD,Technology Services,NYSE,Packaged Software
NYSE:NOG,NOG,Energy Minerals,NYSE,Oil & Gas Production
NASDAQ:WBTN,WBTN,Technology Services,NASDAQ,Internet Software/Services
NASDAQ:SYNA,SYNA,Electronic Technology,NASDAQ,Semiconductors
NASDAQ:ALGM,ALGM,Electronic Technology,NASDAQ,Semiconductors
NYSE:CADE,CADE,Finance,NYSE,Major Banks
NASDAQ:INDV,INDV,Health Technology,NASDAQ,Pharmaceuticals: Major
NYSE:INGR,INGR,Consumer Non-Durables,NYSE,Food: Specialty/Candy
NASDAQ:GTX,GTX,Producer Manufacturing,NASDAQ,Auto Parts: OEM
NYSE:SON,SON,Process Industries,NYSE,Containers/Packaging
NASDAQ:AMPL,AMPL,Technology Services,NASDAQ,Packaged Software
NASDAQ:ICFI,ICFI,Commercial Services,NASDAQ,Miscellaneous Commercial Services
NASDAQ:IOVA,IOVA,Health Technology,NASDAQ,Biotechnology
NASDAQ:WVE,WVE,Health Technology,NASDAQ,Biotechnology
NYSE:EGO,EGO,Non-Energy Minerals,NYSE,Precious Metals
NYSE:AMTM,AMTM,Electronic Technology,NYSE,Aerospace & Defense
NYSE:FHI,FHI,Finance,NYSE,Investment Managers
NASDAQ:GRAL,GRAL,Health Technology,NASDAQ,Medical Specialties
NASDAQ:GO,GO,Retail Trade,NASDAQ,Food Retail
NASDAQ:CBSH,CBSH,Finance,NASDAQ,Regional Banks
NASDAQ:STRK,STRK,Technology Services,NASDAQ,Internet Software/Services
NASDAQ:TATT,TATT,Electronic Technology,NASDAQ,Aerospace & Defense
NASDAQ:IRDM,IRDM,Communications,NASDAQ,Specialty Telecommunications
NYSE:VRTS,VRTS,Finance,NYSE,Investment Managers
NYSE:TPC,TPC,Industrial Services,NYSE,Engineering & Construction
NYSE:MTG,MTG,Finance,NYSE,Property/Casualty Insurance
NYSE:BDC,BDC,Producer Manufacturing,NYSE,Electrical Products
NYSE:GRND,GRND,Technology Services,NYSE,Internet Software/Services
NASDAQ:INVZ,INVZ,Producer Manufacturing,NASDAQ,Electrical Products
NYSE:KODK,KODK,Producer Manufacturing,NYSE,Industrial Machinery
NYSE:ASB,ASB,Finance,NYSE,Major Banks
NYSE:CNX,CNX,Energy Minerals,NYSE,Integrated Oil
NASDAQ:OS,OS,Technology Services,NASDAQ,Packaged Software
NASDAQ:XMTR,XMTR,Technology Services,NASDAQ,Information Technology Services
NASDAQ:HLNE,HLNE,Finance,NASDAQ,Investment Managers
NASDAQ:ADMA,ADMA,Health Technology,NASDAQ,Biotechnology
NASDAQ:SATS,SATS,Communications,NASDAQ,Specialty Telecommunications
NASDAQ:EXPO,EXPO,Industrial Services,NASDAQ,Engineering & Construction
NYSE:SUN,SUN,Distribution Services,NYSE,Wholesale Distributors
NYSE:KEX,KEX,Transportation,NYSE,Marine Shipping
NYSE:RCI,RCI,Communications,NYSE,Wireless Telecommunications
NYSE:CWH,CWH,Retail Trade,NYSE,Specialty Stores
NASDAQ:GERN,GERN,Health Technology,NASDAQ,Biotechnology
NASDAQ:XPON,XPON,Producer Manufacturing,NASDAQ,Electrical Products
NYSE:PRI,PRI,Finance,NYSE,Life/Health Insurance
NYSE:AROC,AROC,Industrial Services,NYSE,Oilfield Services/Equipment
NYSE:OGN,OGN,Health Technology,NYSE,Pharmaceuticals: Major
NYSE:ESNT,ESNT,Finance,NYSE,Specialty Insurance
NASDAQ:HTZ,HTZ,Finance,NASDAQ,Finance/Rental/Leasing
AMEX:UMAC,UMAC,Electronic Technology,AMEX,Electronic Equipment/Instruments
NASDAQ:OTEX,OTEX,Technology Services,NASDAQ,Packaged Software
NASDAQ:GRPN,GRPN,Retail Trade,NASDAQ,Internet Retail
NASDAQ:VSTM,VSTM,Health Technology,NASDAQ,Biotechnology
NASDAQ:BTSG,BTSG,Health Services,NASDAQ,Medical/Nursing Services
NASDAQ:ULCC,ULCC,Transportation,NASDAQ,Airlines
NASDAQ:KRYS,KRYS,Health Technology,NASDAQ,Biotechnology
NASDAQ:CAMT,CAMT,Electronic Technology,NASDAQ,Electronic Components
NASDAQ:LIVN,LIVN,Health Technology,NASDAQ,Medical Specialties
NYSE:FRO,FRO,Transportation,NYSE,Marine Shipping
NYSE:AM,AM,Industrial Services,NYSE,Oil & Gas Pipelines
NYSE:MLNK,MLNK,Technology Services,NYSE,Packaged Software
NYSE:VNT,VNT,Transportation,NYSE,Other Transportation
NASDAQ:NUVL,NUVL,Health Technology,NASDAQ,Pharmaceuticals: Major
NYSE:KMT,KMT,Producer Manufacturing,NYSE,Industrial Machinery
NASDAQ:ACLX,ACLX,Health Technology,NASDAQ,Biotechnology
NASDAQ:MRX,MRX,Technology Services,NASDAQ,Internet Software/Services
NASDAQ:OPCH,OPCH,Health Services,NASDAQ,Medical/Nursing Services
NASDAQ:DYN,DYN,Health Technology,NASDAQ,Biotechnology
AMEX:UAVS,UAVS,Electronic Technology,AMEX,Aerospace & Defense
NASDAQ:STAA,STAA,Health Technology,NASDAQ,Medical Specialties
NYSE:VIRT,VIRT,Finance,NYSE,Investment Banks/Brokers
NASDAQ:REAL,REAL,Retail Trade,NASDAQ,Internet Retail
NASDAQ:ABCL,ABCL,Health Technology,NASDAQ,Biotechnology
NASDAQ:LSTR,LSTR,Transportation,NASDAQ,Trucking
NASDAQ:WSBC,WSBC,Finance,NASDAQ,Regional Banks
NASDAQ:RAY,RAY,Consumer Durables,NASDAQ,Electronics/Appliances
NASDAQ:ACIW,ACIW,Technology Services,NASDAQ,Packaged Software
NASDAQ:AIRO,AIRO,Electronic Technology,NASDAQ,Aerospace & Defense
NASDAQ:AEHR,AEHR,Electronic Technology,NASDAQ,Electronic Production Equipment
NASDAQ:CHEF,CHEF,Distribution Services,NASDAQ,Food Distributors
NASDAQ:BLFS,BLFS,Health Technology,NASDAQ,Medical Specialties
NASDAQ:CSIQ,CSIQ,Electronic Technology,NASDAQ,Semiconductors
NASDAQ:BWIN,BWIN,Finance,NASDAQ,Multi-Line Insurance
NASDAQ:JACK,JACK,Consumer Services,NASDAQ,Restaurants
NYSE:FMC,FMC,Process Industries,NYSE,Chemicals: Agricultural
NASDAQ:AMBA,AMBA,Electronic Technology,NASDAQ,Semiconductors
NYSE:NJR,NJR,Utilities,NYSE,Gas Distributors
NYSE:REVG,REVG,Consumer Durables,NYSE,Motor Vehicles
NYSE:ARIS,ARIS,Utilities,NYSE,Water Utilities
NYSE:HTGC,HTGC,Finance,NYSE,Investment Managers
NYSE:TPH,TPH,Consumer Durables,NYSE,Homebuilding
NYSE:NOV,NOV,Industrial Services,NYSE,Oilfield Services/Equipment
NYSE:JBTM,JBTM,Producer Manufacturing,NYSE,Industrial Machinery
NYSE:PJT,PJT,Finance,NYSE,Investment Banks/Brokers
NYSE:PIPR,PIPR,Finance,NYSE,Investment Banks/Brokers
AMEX:UAMY,UAMY,Non-Energy Minerals,AMEX,Other Metals/Minerals
NASDAQ:SGRY,SGRY,Health Services,NASDAQ,Hospital/Nursing Management
NYSE:BKSY,BKSY,Technology Services,NYSE,Packaged Software
NYSE:ACA,ACA,Non-Energy Minerals,NYSE,Construction Materials
NASDAQ:SLAB,SLAB,Electronic Technology,NASDAQ,Semiconductors
NYSE:AGM,AGM,Finance,NYSE,Finance/Rental/Leasing
NYSE:GTES,GTES,Producer Manufacturing,NYSE,Industrial Machinery
NASDAQ:NAMS,NAMS,Health Technology,NASDAQ,Pharmaceuticals: Major
NASDAQ:PCRX,PCRX,Health Technology,NASDAQ,Pharmaceuticals: Major
NASDAQ:GNTX,GNTX,Producer Manufacturing,NASDAQ,Auto Parts: OEM
NASDAQ:PCT,PCT,Industrial Services,NASDAQ,Environmental Services
NASDAQ:LZ,LZ,Commercial Services,NASDAQ,Miscellaneous Commercial Services
NYSE:CRI,CRI,Retail Trade,NYSE,Apparel/Footwear Retail
NASDAQ:SONO,SONO,Consumer Durables,NASDAQ,Electronics/Appliances
NYSE:ATKR,ATKR,Producer Manufacturing,NYSE,Electrical Products
NYSE:SAM,SAM,Consumer Non-Durables,NYSE,Beverages: Alcoholic
NASDAQ:EYE,EYE,Retail Trade,NASDAQ,Specialty Stores
NYSE:GIB,GIB,Technology Services,NYSE,Information Technology Services
NASDAQ:HTFL,HTFL,Health Technology,NASDAQ,Biotechnology
NYSE:BFH,BFH,Finance,NYSE,Finance/Rental/Leasing
NYSE:CWEN,CWEN,Utilities,NYSE,Alternative Power Generation
NASDAQ:ABAT,ABAT,Non-Energy Minerals,NASDAQ,Other Metals/Minerals
NYSE:CTRI,CTRI,Utilities,NYSE,Gas Distributors
NYSE:CBZ,CBZ,Commercial Services,NYSE,Miscellaneous Commercial Services
NASDAQ:ABSI,ABSI,Health Technology,NASDAQ,Biotechnology
NASDAQ:SKYW,SKYW,Transportation,NASDAQ,Airlines
NASDAQ:BOKF,BOKF,Finance,NASDAQ,Major Banks
NYSE:CRC,CRC,Energy Minerals,NYSE,Integrated Oil
NYSE:TNL,TNL,Consumer Services,NYSE,Hotels/Resorts/Cruise lines
NYSE:ST,ST,Electronic Technology,NYSE,Electronic Equipment/Instruments
NASDAQ:GTERA,GTERA,Finance,NASDAQ,Financial Conglomerates
NASDAQ:EXLS,EXLS,Technology Services,NASDAQ,Data Processing Services
NASDAQ:SANA,SANA,Health Technology,NASDAQ,Biotechnology
NASDAQ:NUTR,NUTR,Consumer Services,NASDAQ,Other Consumer Services
NYSE:WOLF,WOLF,Electronic Technology,NYSE,Semiconductors
NYSE:PBI,PBI,Technology Services,NYSE,Packaged Software
NYSE:ENVA,ENVA,Finance,NYSE,Finance/Rental/Leasing
NYSE:DAR,DAR,Consumer Non-Durables,NYSE,Food: Specialty/Candy
NASDAQ:ICHR,ICHR,Producer Manufacturing,NASDAQ,Industrial Machinery
NYSE:GPOR,GPOR,Energy Minerals,NYSE,Oil & Gas Production
NYSE:CALX,CALX,Electronic Technology,NYSE,Telecommunications Equipment
NYSE:AQN,AQN,Utilities,NYSE,Electric Utilities
NASDAQ:ATYR,ATYR,Health Technology,NASDAQ,Pharmaceuticals: Major
NYSE:MATX,MATX,Transportation,NYSE,Marine Shipping
NASDAQ:PSMT,PSMT,Retail Trade,NASDAQ,Specialty Stores
NASDAQ:BCRX,BCRX,Health Technology,NASDAQ,Biotechnology
NYSE:ESI,ESI,Process Industries,NYSE,Chemicals: Major Diversified
NYSE:PAG,PAG,Retail Trade,NYSE,Specialty Stores
NASDAQ:SHOO,SHOO,Consumer Non-Durables,NASDAQ,Apparel/Footwear
NYSE:SMG,SMG,Process Industries,NYSE,Chemicals: Agricultural
NASDAQ:LOPE,LOPE,Commercial Services,NASDAQ,Miscellaneous Commercial Services
NYSE:SWX,SWX,Utilities,NYSE,Gas Distributors
NYSE:HHH,HHH,Finance,NYSE,Real Estate Development
NASDAQ:AVDX,AVDX,Technology Services,NASDAQ,Packaged Software
NYSE:R,R,Transportation,NYSE,Air Freight/Couriers
NASDAQ:LILAK,LILAK,Communications,NASDAQ,Major Telecommunications
NASDAQ:ATEC,ATEC,Health Technology,NASDAQ,Medical Specialties
NYSE:TIC,TIC,Commercial Services,NYSE,Miscellaneous Commercial Services
NASDAQ:AEVA,AEVA,Electronic Technology,NASDAQ,Semiconductors
NASDAQ:OZK,OZK,Finance,NASDAQ,Regional Banks
NYSE:AIR,AIR,Electronic Technology,NYSE,Aerospace & Defense
NASDAQ:CARG,CARG,Technology Services,NASDAQ,Internet Software/Services
NASDAQ:WERN,WERN,Transportation,NASDAQ,Trucking
NASDAQ:VCYT,VCYT,Health Technology,NASDAQ,Medical Specialties
NYSE:NPO,NPO,Producer Manufacturing,NYSE,Industrial Machinery
NYSE:DCI,DCI,Producer Manufacturing,NYSE,Auto Parts: OEM
NYSE:DAN,DAN,Producer Manufacturing,NYSE,Auto Parts: OEM
NYSE:PHR,PHR,Technology Services,NYSE,Packaged Software
NYSE:FBK,FBK,Finance,NYSE,Major Banks
NYSE:MODG,MODG,Consumer Durables,NYSE,Recreational Products
NASDAQ:CLOV,CLOV,Finance,NASDAQ,Life/Health Insurance
NYSE:VOYG,VOYG,Technology Services,NYSE,Information Technology Services
NYSE:RLI,RLI,Finance,NYSE,Multi-Line Insurance
NASDAQ:CUPR,CUPR,Health Technology,NASDAQ,Pharmaceuticals: Major
NYSE:NSP,NSP,Commercial Services,NYSE,Miscellaneous Commercial Services
NASDAQ:SABR,SABR,Technology Services,NASDAQ,Packaged Software
NYSE:ABM,ABM,Commercial Services,NYSE,Miscellaneous Commercial Services
NASDAQ:INTR,INTR,Finance,NASDAQ,Major Banks
NASDAQ:SAIC,SAIC,Technology Services,NASDAQ,Information Technology Services
NASDAQ:IMVT,IMVT,Health Technology,NASDAQ,Biotechnology
NASDAQ:FIBK,FIBK,Finance,NASDAQ,Regional Banks
NASDAQ:ARCT,ARCT,Health Technology,NASDAQ,Pharmaceuticals: Major
NYSE:ASGN,ASGN,Technology Services,NYSE,Information Technology Services
NASDAQ:CIGI,CIGI,Finance,NASDAQ,Investment Managers
NASDAQ:ADUS,ADUS,Health Services,NASDAQ,Medical/Nursing Services
NYSE:HUN,HUN,Process Industries,NYSE,Chemicals: Major Diversified
NASDAQ:MVST,MVST,Producer Manufacturing,NASDAQ,Electrical Products
NYSE:CBT,CBT,Process Industries,NYSE,Chemicals: Specialty
NASDAQ:MEOH,MEOH,Process Industries,NASDAQ,Chemicals: Specialty
NASDAQ:RRR,RRR,Consumer Services,NASDAQ,Hotels/Resorts/Cruise lines
NASDAQ:XERS,XERS,Health Technology,NASDAQ,Biotechnology
NYSE:TDW,TDW,Transportation,NYSE,Marine Shipping
NYSE:AORT,AORT,Health Technology,NYSE,Medical Specialties
NASDAQ:LMAT,LMAT,Health Technology,NASDAQ,Medical Specialties
NASDAQ:CRNX,CRNX,Health Technology,NASDAQ,Pharmaceuticals: Major
NASDAQ:MTSR,MTSR,Health Technology,NASDAQ,Pharmaceuticals: Major
NASDAQ:RZLV,RZLV,Technology Services,NASDAQ,Packaged Software
NASDAQ:MQ,MQ,Commercial Services,NASDAQ,Miscellaneous Commercial Services
NASDAQ:BFC,BFC,Finance,NASDAQ,Regional Banks
NYSE:EPAC,EPAC,Producer Manufacturing,NYSE,Industrial Machinery
NASDAQ:FER,FER,Industrial Services,NASDAQ,Engineering & Construction
NASDAQ:WFRD,WFRD,Industrial Services,NASDAQ,Oilfield Services/Equipment
NYSE:HRI,HRI,Finance,NYSE,Finance/Rental/Leasing
NYSE:BANC,BANC,Finance,NYSE,Regional Banks
NYSE:WWW,WWW,Consumer Non-Durables,NYSE,Apparel/Footwear
NASDAQ:TNDM,TNDM,Health Technology,NASDAQ,Medical Specialties
NYSE:CSTM,CSTM,Non-Energy Minerals,NYSE,Aluminum
NASDAQ:OCUL,OCUL,Health Technology,NASDAQ,Pharmaceuticals: Major
NASDAQ:NBN,NBN,Finance,NASDAQ,Regional Banks
NYSE:BIPC,BIPC,Utilities,NYSE,Gas Distributors
NYSE:MGA,MGA,Producer Manufacturing,NYSE,Auto Parts: OEM
NYSE:DNA,DNA,Health Services,NYSE,Medical/Nursing Services
NASDAQ:PTGX,PTGX,Health Technology,NASDAQ,Pharmaceuticals: Major
NASDAQ:IEP,IEP,Energy Minerals,NASDAQ,Oil Refining/Marketing
NASDAQ:COLM,COLM,Consumer Non-Durables,NASDAQ,Apparel/Footwear
NASDAQ:NCNO,NCNO,Technology Services,NASDAQ,Packaged Software
NASDAQ:CPRX,CPRX,Health Technology,NASDAQ,Pharmaceuticals: Major
NASDAQ:WKHS,WKHS,Consumer Durables,NASDAQ,Motor Vehicles
NASDAQ:SMPL,SMPL,Consumer Non-Durables,NASDAQ,Food: Major Diversified
NYSE:ACVA,ACVA,Technology Services,NYSE,Internet Software/Services
NASDAQ:DOOO,DOOO,Producer Manufacturing,NASDAQ,Trucks/Construction/Farm Machinery
NASDAQ:BGC,BGC,Finance,NASDAQ,Investment Banks/Brokers
NYSE:BKKT,BKKT,Commercial Services,NYSE,Miscellaneous Commercial Services
NASDAQ:NB,NB,Non-Energy Minerals,NASDAQ,Other Metals/Minerals
NASDAQ:OSIS,OSIS,Electronic Technology,NASDAQ,Aerospace & Defense
NASDAQ:HWC,HWC,Finance,NASDAQ,Regional Banks
NASDAQ:AGYS,AGYS,Technology Services,NASDAQ,Packaged Software
NYSE:AGO,AGO,Finance,NYSE,Specialty Insurance
NYSE:NIQ,NIQ,Technology Services,NYSE,Packaged Software
NASDAQ:FTDR,FTDR,Consumer Durables,NASDAQ,Homebuilding
NASDAQ:APPN,APPN,Technology Services,NASDAQ,Packaged Software
NASDAQ:POWI,POWI,Electronic Technology,NASDAQ,Semiconductors
NASDAQ:IXHL,IXHL,Health Technology,NASDAQ,Biotechnology
NYSE:UNFI,UNFI,Distribution Services,NYSE,Food Distributors
NASDAQ:VCEL,VCEL,Health Technology,NASDAQ,Pharmaceuticals: Major
NASDAQ:LASR,LASR,Electronic Technology,NASDAQ,Semiconductors
NYSE:CAE,CAE,Commercial Services,NYSE,Miscellaneous Commercial Services
NASDAQ:MXL,MXL,Electronic Technology,NASDAQ,Semiconductors
NYSE:ENS,ENS,Producer Manufacturing,NYSE,Electrical Products
NYSE:ESE,ESE,Electronic Technology,NYSE,Electronic Equipment/Instruments
NYSE:BH,BH,Consumer Services,NYSE,Restaurants
NASDAQ:BLDP,BLDP,Producer Manufacturing,NASDAQ,Electrical Products
NASDAQ:FCFS,FCFS,Finance,NASDAQ,Finance/Rental/Leasing
NASDAQ:HNST,HNST,Retail Trade,NASDAQ,Specialty Stores
NYSE:LAZ,LAZ,Finance,NYSE,Investment Banks/Brokers
NYSE:VYX,VYX,Technology Services,NYSE,Packaged Software
NASDAQ:VBTX,VBTX,Finance,NASDAQ,Regional Banks
NASDAQ:PRME,PRME,Health Technology,NASDAQ,Biotechnology
NASDAQ:EVGO,EVGO,Retail Trade,NASDAQ,Specialty Stores
NASDAQ:SNEX,SNEX,Finance,NASDAQ,Investment Banks/Brokers
NYSE:MCY,MCY,Finance,NYSE,Property/Casualty Insurance
NASDAQ:TRUP,TRUP,Finance,NASDAQ,Multi-Line Insurance
NASDAQ:XENE,XENE,Health Technology,NASDAQ,Pharmaceuticals: Major
NASDAQ:NWE,NWE,Utilities,NASDAQ,Electric Utilities
NYSE:CON,CON,Health Services,NYSE,Medical/Nursing Services
NASDAQ:PRGS,PRGS,Technology Services,NASDAQ,Packaged Software
NASDAQ:PWP,PWP,Finance,NASDAQ,Investment Managers
NYSE:TFX,TFX,Health Technology,NYSE,Medical Specialties
NASDAQ:QDEL,QDEL,Health Technology,NASDAQ,Medical Specialties
NASDAQ:MRUS,MRUS,Health Technology,NASDAQ,Biotechnology
NYSE:RVLV,RVLV,Retail Trade,NYSE,Internet Retail
NASDAQ:FOLD,FOLD,Health Technology,NASDAQ,Pharmaceuticals: Major
NYSE:COUR,COUR,Technology Services,NYSE,Internet Software/Services
NYSE:BC,BC,Producer Manufacturing,NYSE,Trucks/Construction/Farm Machinery
NYSE:RAMP,RAMP,Technology Services,NYSE,Packaged Software
NYSE:HI,HI,Producer Manufacturing,NYSE,Industrial Conglomerates
NASDAQ:IRON,IRON,Health Technology,NASDAQ,Biotechnology
NYSE:TDC,TDC,Technology Services,NYSE,Packaged Software
NASDAQ:FORM,FORM,Electronic Technology,NASDAQ,Semiconductors
NYSE:PRM,PRM,Process Industries,NYSE,Chemicals: Major Diversified
NYSE:THG,THG,Finance,NYSE,Property/Casualty Insurance
NYSE:GDOT,GDOT,Finance,NYSE,Finance/Rental/Leasing
NASDAQ:QLYS,QLYS,Technology Services,NASDAQ,Packaged Software
NASDAQ:RILY,RILY,Finance,NASDAQ,Investment Banks/Brokers
NASDAQ:DNLI,DNLI,Health Technology,NASDAQ,Biotechnology
NASDAQ:TBBK,TBBK,Finance,NASDAQ,Regional Banks
NYSE:GOLF,GOLF,Consumer Durables,NYSE,Recreational Products
NYSE:ARW,ARW,Distribution Services,NYSE,Electronics Distributors
NASDAQ:HWKN,HWKN,Process Industries,NASDAQ,Chemicals: Specialty
AMEX:SVM,SVM,Non-Energy Minerals,AMEX,Precious Metals
NYSE:DHT,DHT,Transportation,NYSE,Marine Shipping
NASDAQ:ELPW,ELPW,Producer Manufacturing,NASDAQ,Electrical Products
NYSE:FUL,FUL,Process Industries,NYSE,Industrial Specialties
AMEX:NG,NG,Non-Energy Minerals,AMEX,Precious Metals
NYSE:MSGE,MSGE,Consumer Services,NYSE,Movies/Entertainment
NYSE:MSM,MSM,Distribution Services,NYSE,Wholesale Distributors
NYSE:AIN,AIN,Process Industries,NYSE,Textiles
NASDAQ:BLMN,BLMN,Consumer Services,NASDAQ,Restaurants
NYSE:BEPC,BEPC,Utilities,NYSE,Electric Utilities
NYSE:SPIR,SPIR,Technology Services,NYSE,Packaged Software
NASDAQ:RUM,RUM,Technology Services,NASDAQ,Internet Software/Services
NASDAQ:IPAR,IPAR,Consumer Non-Durables,NASDAQ,Household/Personal Care
NYSE:ABCB,ABCB,Finance,NYSE,Regional Banks
NASDAQ:MLTX,MLTX,Health Technology,NASDAQ,Pharmaceuticals: Major
NASDAQ:UFPI,UFPI,Non-Energy Minerals,NASDAQ,Forest Products
NASDAQ:CNXC,CNXC,Technology Services,NASDAQ,Information Technology Services
NYSE:CLVT,CLVT,Commercial Services,NYSE,Miscellaneous Commercial Services
NASDAQ:ADPT,ADPT,Health Technology,NASDAQ,Biotechnology
NYSE:SPHR,SPHR,Consumer Services,NYSE,Media Conglomerates
NASDAQ:LAES,LAES,Electronic Technology,NASDAQ,Semiconductors
NASDAQ:AMRX,AMRX,Health Technology,NASDAQ,Pharmaceuticals: Major
NYSE:PRGO,PRGO,Health Technology,NYSE,Pharmaceuticals: Major
NYSE:HE,HE,Utilities,NYSE,Electric Utilities
NASDAQ:APGE,APGE,Health Technology,NASDAQ,Biotechnology
NYSE:VTLE,VTLE,Energy Minerals,NYSE,Oil & Gas Production
NYSE:AVA,AVA,Utilities,NYSE,Electric Utilities
NASDAQ:LFUS,LFUS,Electronic Technology,NASDAQ,Electronic Production Equipment
NASDAQ:UBSI,UBSI,Finance,NASDAQ,Regional Banks
NASDAQ:LAZR,LAZR,Electronic Technology,NASDAQ,Electronic Equipment/Instruments
NYSE:EVEX,EVEX,Electronic Technology,NYSE,Aerospace & Defense
NYSE:AXL,AXL,Producer Manufacturing,NYSE,Auto Parts: OEM
NYSE:OR,OR,Non-Energy Minerals,NYSE,Precious Metals
NASDAQ:HNRG,HNRG,Energy Minerals,NASDAQ,Coal
NYSE:CRGY,CRGY,Energy Minerals,NYSE,Integrated Oil
NASDAQ:KOD,KOD,Health Technology,NASDAQ,Biotechnology
NYSE:WGO,WGO,Consumer Durables,NYSE,Recreational Products
NYSE:AL,AL,Finance,NYSE,Finance/Rental/Leasing
NASDAQ:DIOD,DIOD,Electronic Technology,NASDAQ,Semiconductors
NYSE:PBA,PBA,Industrial Services,NYSE,Oil & Gas Pipelines
NYSE:GFF,GFF,Producer Manufacturing,NYSE,Building Products
NYSE:RDN,RDN,Finance,NYSE,Specialty Insurance
NYSE:CXM,CXM,Technology Services,NYSE,Packaged Software
NYSE:TFII,TFII,Transportation,NYSE,Trucking
NYSE:NVST,NVST,Health Technology,NYSE,Medical Specialties
NYSE:PAY,PAY,Commercial Services,NYSE,Miscellaneous Commercial Services
NASDAQ:UFPT,UFPT,Process Industries,NASDAQ,Industrial Specialties
NYSE:JOE,JOE,Finance,NYSE,Real Estate Development
NYSE:WHD,WHD,Industrial Services,NYSE,Oilfield Services/Equipment
NYSE:KNTK,KNTK,Industrial Services,NYSE,Oil & Gas Pipelines
NYSE:ITGR,ITGR,Health Technology,NYSE,Medical Specialties
NASDAQ:KRUS,KRUS,Consumer Services,NASDAQ,Restaurants
NASDAQ:TRMK,TRMK,Finance,NASDAQ,Regional Banks
NASDAQ:PNRG,PNRG,Energy Minerals,NASDAQ,Oil & Gas Production
NYSE:FIHL,FIHL,Finance,NYSE,Multi-Line Insurance
NYSE:DLB,DLB,Technology Services,NYSE,Packaged Software
NASDAQ:HURN,HURN,Commercial Services,NASDAQ,Miscellaneous Commercial Services
NASDAQ:AZTA,AZTA,Health Services,NASDAQ,Medical/Nursing Services
NYSE:INSW,INSW,Transportation,NYSE,Marine Shipping
NYSE:DXC,DXC,Technology Services,NYSE,Data Processing Services
NYSE:ROG,ROG,Process Industries,NYSE,Chemicals: Specialty
NASDAQ:IDYA,IDYA,Health Technology,NASDAQ,Pharmaceuticals: Major
NYSE:ASPN,ASPN,Process Industries,NYSE,Industrial Specialties
NASDAQ:SCLX,SCLX,Health Technology,NASDAQ,Pharmaceuticals: Other
NYSE:CCS,CCS,Consumer Durables,NYSE,Homebuilding
NASDAQ:VC,VC,Producer Manufacturing,NASDAQ,Auto Parts: OEM
NYSE:GTN,GTN,Consumer Services,NYSE,Broadcasting
NYSE:SBH,SBH,Retail Trade,NYSE,Specialty Stores
NASDAQ:BCPC,BCPC,Consumer Non-Durables,NASDAQ,Food: Specialty/Candy
NASDAQ:PAYO,PAYO,Commercial Services,NASDAQ,Miscellaneous Commercial Services
NASDAQ:KPTI,KPTI,Health Technology,NASDAQ,Pharmaceuticals: Major
NYSE:TNK,TNK,Transportation,NYSE,Marine Shipping
NASDAQ:AMPH,AMPH,Health Technology,NASDAQ,Pharmaceuticals: Major
NASDAQ:EXTR,EXTR,Electronic Technology,NASDAQ,Computer Peripherals
NYSE:BKE,BKE,Retail Trade,NYSE,Apparel/Footwear Retail
NASDAQ:OMER,OMER,Health Technology,NASDAQ,Pharmaceuticals: Major
NASDAQ:VRDN,VRDN,Health Technology,NASDAQ,Pharmaceuticals: Major
NASDAQ:WSFS,WSFS,Finance,NASDAQ,Savings Banks
NYSE:KAR,KAR,Technology Services,NYSE,Packaged Software
NASDAQ:LLYVK,LLYVK,Technology Services,NASDAQ,Internet Software/Services
NASDAQ:STRT,STRT,Producer Manufacturing,NASDAQ,Auto Parts: OEM
NYSE:ENR,ENR,Consumer Non-Durables,NYSE,Household/Personal Care
NYSE:BB,BB,Technology Services,NYSE,Packaged Software
NASDAQ:CATY,CATY,Finance,NASDAQ,Regional Banks
NYSE:ADNT,ADNT,Producer Manufacturing,NYSE,Auto Parts: OEM
NYSE:CNO,CNO,Finance,NYSE,Multi-Line Insurance
NASDAQ:SDM,SDM,Commercial Services,NASDAQ,Advertising/Marketing Services
AMEX:IMO,IMO,Energy Minerals,AMEX,Integrated Oil
NASDAQ:IART,IART,Health Technology,NASDAQ,Medical Specialties
NYSE:ARLO,ARLO,Electronic Technology,NYSE,Telecommunications Equipment
NASDAQ:SFD,SFD,Consumer Non-Durables,NASDAQ,Food: Meat/Fish/Dairy
NYSE:AMG,AMG,Finance,NYSE,Investment Managers
NASDAQ:CTMX,CTMX,Health Technology,NASDAQ,Pharmaceuticals: Major
NASDAQ:NVCR,NVCR,Health Technology,NASDAQ,Medical Specialties
NASDAQ:FFBC,FFBC,Finance,NASDAQ,Regional Banks
NYSE:SLF,SLF,Finance,NYSE,Multi-Line Insurance
NASDAQ:FIP,FIP,Consumer Services,NASDAQ,Other Consumer Services
NYSE:FBP,FBP,Finance,NYSE,Regional Banks
NASDAQ:SMLR,SMLR,Health Technology,NASDAQ,Medical Specialties
NASDAQ:XRX,XRX,Electronic Technology,NASDAQ,Computer Peripherals
NASDAQ:TRMD,TRMD,Transportation,NASDAQ,Marine Shipping
NYSE:RNST,RNST,Finance,NYSE,Regional Banks
NYSE:GATX,GATX,Transportation,NYSE,Railroads
NYSE:SGHC,SGHC,Consumer Services,NYSE,Casinos/Gaming
NYSE:SII,SII,Finance,NYSE,Investment Managers
NYSE:INFA,INFA,Technology Services,NYSE,Packaged Software
NYSE:NUVB,NUVB,Health Technology,NYSE,Biotechnology
NYSE:MAN,MAN,Commercial Services,NYSE,Personnel Services
NYSE:AESI,AESI,Industrial Services,NYSE,Oilfield Services/Equipment
NYSE:HLIO,HLIO,Producer Manufacturing,NYSE,Industrial Machinery
NASDAQ:NWBI,NWBI,Finance,NASDAQ,Savings Banks
NASDAQ:FELE,FELE,Producer Manufacturing,NASDAQ,Industrial Machinery
NASDAQ:HUMA,HUMA,Health Technology,NASDAQ,Biotechnology
NASDAQ:WYFI,WYFI,Technology Services,NASDAQ,Data Processing Services
NASDAQ:INVA,INVA,Health Technology,NASDAQ,Pharmaceuticals: Major
NASDAQ:CSWC,CSWC,Finance,NASDAQ,Investment Managers
NASDAQ:VERX,VERX,Technology Services,NASDAQ,Packaged Software
NYSE:GBCI,GBCI,Finance,NYSE,Regional Banks
NYSE:AWR,AWR,Utilities,NYSE,Water Utilities
NASDAQ:BLKB,BLKB,Technology Services,NASDAQ,Packaged Software
NYSE:OI,OI,Process Industries,NYSE,Containers/Packaging
NASDAQ:BANF,BANF,Finance,NASDAQ,Regional Banks
NASDAQ:FBNC,FBNC,Finance,NASDAQ,Regional Banks
NASDAQ:ACDC,ACDC,Industrial Services,NASDAQ,Oilfield Services/Equipment
NYSE:TALO,TALO,Energy Minerals,NYSE,Oil & Gas Production
NYSE:MBC,MBC,Consumer Durables,NYSE,Home Furnishings
NASDAQ:INMD,INMD,Health Technology,NASDAQ,Medical Specialties
NASDAQ:PGNY,PGNY,Commercial Services,NASDAQ,Miscellaneous Commercial Services
NYSE:APAM,APAM,Finance,NYSE,Investment Managers
NYSE:SXI,SXI,Electronic Technology,NYSE,Electronic Equipment/Instruments
NYSE:CARS,CARS,Technology Services,NYSE,Internet Software/Services
NASDAQ:BELFB,BELFB,Electronic Technology,NASDAQ,Electronic Components
NASDAQ:LBTYA,LBTYA,Communications,NASDAQ,Major Telecommunications
NASDAQ:LFST,LFST,Health Services,NASDAQ,Medical/Nursing Services
NYSE:AD,AD,Communications,NYSE,Wireless Telecommunications
NASDAQ:RNW,RNW,Utilities,NASDAQ,Alternative Power Generation
NYSE:BRSL,BRSL,Consumer Services,NYSE,Casinos/Gaming
NASDAQ:VECO,VECO,Electronic Technology,NASDAQ,Electronic Production Equipment
NYSE:SAH,SAH,Retail Trade,NYSE,Specialty Stores
NASDAQ:LINC,LINC,Commercial Services,NASDAQ,Miscellaneous Commercial Services
NYSE:SDRL,SDRL,Industrial Services,NYSE,Contract Drilling
NASDAQ:FTRE,FTRE,Commercial Services,NASDAQ,Miscellaneous Commercial Services
NYSE:FTS,FTS,Utilities,NYSE,Electric Utilities
AMEX:MPU,MPU,Technology Services,AMEX,Internet Software/Services
NYSE:LBRT,LBRT,Industrial Services,NYSE,Oilfield Services/Equipment
NASDAQ:WDFC,WDFC,Process Industries,NASDAQ,Industrial Specialties
NASDAQ:FLYW,FLYW,Commercial Services,NASDAQ,Miscellaneous Commercial Services
NYSE:KFY,KFY,Commercial Services,NYSE,Personnel Services
AMEX:LCTX,LCTX,Health Technology,AMEX,Biotechnology
NASDAQ:ALGT,ALGT,Transportation,NASDAQ,Airlines
NASDAQ:AVPT,AVPT,Technology Services,NASDAQ,Packaged Software
NASDAQ:NEXT,NEXT,Energy Minerals,NASDAQ,Oil & Gas Production
NYSE:GRBK,GRBK,Consumer Durables,NYSE,Homebuilding
NYSE:HAYW,HAYW,Consumer Durables,NYSE,Recreational Products
NASDAQ:OMCL,OMCL,Technology Services,NASDAQ,Information Technology Services
NASDAQ:ATRO,ATRO,Electronic Technology,NASDAQ,Aerospace & Defense
NASDAQ:QMMM,QMMM,Commercial Services,NASDAQ,Advertising/Marketing Services
NASDAQ:LIDR,LIDR,Technology Services,NASDAQ,Packaged Software
NASDAQ:JANX,JANX,Health Technology,NASDAQ,Biotechnology
NASDAQ:HELE,HELE,Consumer Durables,NASDAQ,Home Furnishings
NASDAQ:HRMY,HRMY,Health Technology,NASDAQ,Pharmaceuticals: Major
NASDAQ:PLAY,PLAY,Consumer Services,NASDAQ,Movies/Entertainment
NASDAQ:AXGN,AXGN,Health Technology,NASDAQ,Medical Specialties
NASDAQ:INDI,INDI,Electronic Technology,NASDAQ,Semiconductors
NASDAQ:ESPR,ESPR,Health Technology,NASDAQ,Pharmaceuticals: Major
NYSE:CNMD,CNMD,Health Technology,NYSE,Medical Specialties
NASDAQ:NWS,NWS,Consumer Services,NASDAQ,Publishing: Newspapers
NASDAQ:PRDO,PRDO,Consumer Services,NASDAQ,Other Consumer Services
NASDAQ:TERN,TERN,Health Technology,NASDAQ,Biotechnology
NASDAQ:TNYA,TNYA,Health Technology,NASDAQ,Pharmaceuticals: Major
NASDAQ:CEP,CEP,Finance,NASDAQ,Financial Conglomerates
NASDAQ:CENTA,CENTA,Consumer Non-Durables,NASDAQ,Consumer Sundries
NYSE:CABO,CABO,Consumer Services,NYSE,Cable/Satellite TV
AMEX:SLI,SLI,Process Industries,AMEX,Chemicals: Agricultural
NASDAQ:RPD,RPD,Technology Services,NASDAQ,Information Technology Services
NASDAQ:MLYS,MLYS,Health Technology,NASDAQ,Biotechnology
NASDAQ:SBCF,SBCF,Finance,NASDAQ,Regional Banks
NYSE:SNDR,SNDR,Transportation,NYSE,Trucking
NASDAQ:AVT,AVT,Distribution Services,NASDAQ,Electronics Distributors
NYSE:MTAL,MTAL,Non-Energy Minerals,NYSE,Other Metals/Minerals
NASDAQ:MZTI,MZTI,Consumer Non-Durables,NASDAQ,Food: Specialty/Candy
NASDAQ:ETNB,ETNB,Health Technology,NASDAQ,Pharmaceuticals: Major
NASDAQ:PACB,PACB,Health Technology,NASDAQ,Medical Specialties
NASDAQ:DMRC,DMRC,Technology Services,NASDAQ,Information Technology Services
NASDAQ:VRNT,VRNT,Technology Services,NASDAQ,Information Technology Services
NASDAQ:ARCB,ARCB,Transportation,NASDAQ,Trucking
NASDAQ:URGN,URGN,Health Technology,NASDAQ,Biotechnology
NASDAQ:STFS,STFS,Commercial Services,NASDAQ,Advertising/Marketing Services
NYSE:SRFM,SRFM,Transportation,NYSE,Airlines
NYSE:AVNT,AVNT,Process Industries,NYSE,Chemicals: Major Diversified
NYSE:HOMB,HOMB,Finance,NYSE,Regional Banks
NASDAQ:GOGO,GOGO,Communications,NASDAQ,Wireless Telecommunications
NASDAQ:ZD,ZD,Technology Services,NASDAQ,Internet Software/Services
NYSE:SPB,SPB,Consumer Durables,NYSE,Electronics/Appliances
NYSE:BUR,BUR,Finance,NYSE,Finance/Rental/Leasing
NASDAQ:LBRDA,LBRDA,Communications,NASDAQ,Wireless Telecommunications
NYSE:TE,TE,Producer Manufacturing,NYSE,Electrical Products
NASDAQ:PRCH,PRCH,Finance,NASDAQ,Property/Casualty Insurance
NASDAQ:KNSA,KNSA,Health Technology,NASDAQ,Pharmaceuticals: Major
NASDAQ:NMRK,NMRK,Finance,NASDAQ,Real Estate Development
NASDAQ:LAUR,LAUR,Commercial Services,NASDAQ,Miscellaneous Commercial Services
NASDAQ:IBOC,IBOC,Finance,NASDAQ,Regional Banks
NASDAQ:RVPH,RVPH,Health Technology,NASDAQ,Pharmaceuticals: Major
NASDAQ:FWRG,FWRG,Consumer Services,NASDAQ,Restaurants
NASDAQ:ANGI,ANGI,Technology Services,NASDAQ,Internet Software/Services
NYSE:NATL,NATL,Electronic Technology,NYSE,Computer Processing Hardware
NASDAQ:HLMN,HLMN,Distribution Services,NASDAQ,Wholesale Distributors
NYSE:MTRN,MTRN,Electronic Technology,NYSE,Electronic Equipment/Instruments
NYSE:GOOS,GOOS,Consumer Non-Durables,NYSE,Apparel/Footwear
NASDAQ:OTTR,OTTR,Utilities,NASDAQ,Electric Utilities
NASDAQ:NFE,NFE,Utilities,NASDAQ,Gas Distributors
NYSE:NBR,NBR,Industrial Services,NYSE,Contract Drilling
NYSE:VSH,VSH,Electronic Technology,NYSE,Electronic Production Equipment
NYSE:VAC,VAC,Consumer Services,NYSE,Other Consumer Services
NYSE:FVRR,FVRR,Technology Services,NYSE,Data Processing Services
NASDAQ:CMPO,CMPO,Commercial Services,NASDAQ,Commercial Printing/Forms
NYSE:BEP,BEP,Utilities,NYSE,Electric Utilities
NASDAQ:CECO,CECO,Producer Manufacturing,NASDAQ,Industrial Machinery
NASDAQ:PSTV,PSTV,Health Technology,NASDAQ,Pharmaceuticals: Major
NASDAQ:ALRM,ALRM,Technology Services,NASDAQ,Packaged Software
NYSE:HTH,HTH,Finance,NYSE,Regional Banks
NYSE:RXO,RXO,Technology Services,NYSE,Packaged Software
NASDAQ:BHF,BHF,Finance,NASDAQ,Life/Health Insurance
NYSE:AMN,AMN,Commercial Services,NYSE,Personnel Services
NASDAQ:SRDX,SRDX,Health Technology,NASDAQ,Medical Specialties
NASDAQ:STRD,STRD,Technology Services,NASDAQ,Internet Software/Services
NASDAQ:PRVA,PRVA,Finance,NASDAQ,Life/Health Insurance
NYSE:LZB,LZB,Consumer Durables,NYSE,Home Furnishings
NASDAQ:FSV,FSV,Finance,NASDAQ,Real Estate Development
NYSE:BKD,BKD,Health Services,NYSE,Hospital/Nursing Management
NASDAQ:SATL,SATL,Electronic Technology,NASDAQ,Aerospace & Defense
NASDAQ:PVLA,PVLA,Health Technology,NASDAQ,Biotechnology
NYSE:SCS,SCS,Producer Manufacturing,NYSE,Office Equipment/Supplies
NASDAQ:EBC,EBC,Finance,NASDAQ,Regional Banks
NASDAQ:KLIC,KLIC,Producer Manufacturing,NASDAQ,Industrial Machinery
NASDAQ:BYND,BYND,Consumer Non-Durables,NASDAQ,Food: Major Diversified
NYSE:AMRC,AMRC,Industrial Services,NYSE,Engineering & Construction
NYSE:OMI,OMI,Health Technology,NYSE,Medical Specialties
NASDAQ:NEOG,NEOG,Health Technology,NASDAQ,Medical Specialties
NASDAQ:EDIT,EDIT,Health Technology,NASDAQ,Biotechnology
NYSE:TROX,TROX,Process Industries,NYSE,Chemicals: Specialty
NYSE:ATUS,ATUS,Communications,NYSE,Major Telecommunications
NASDAQ:LPTX,LPTX,Health Technology,NASDAQ,Biotechnology
NYSE:TRN,TRN,Producer Manufacturing,NYSE,Trucks/Construction/Farm Machinery
NASDAQ:AVDL,AVDL,Health Technology,NASDAQ,Pharmaceuticals: Major
NYSE:MNTN,MNTN,Technology Services,NYSE,Packaged Software
NASDAQ:USLM,USLM,Non-Energy Minerals,NASDAQ,Construction Materials
NYSE:HNI,HNI,Producer Manufacturing,NYSE,Office Equipment/Supplies
NYSE:XIFR,XIFR,Utilities,NYSE,Alternative Power Generation
NYSE:AVNS,AVNS,Health Technology,NYSE,Medical Specialties
NYSE:CNA,CNA,Finance,NYSE,Multi-Line Insurance
NASDAQ:SBLK,SBLK,Transportation,NASDAQ,Marine Shipping
NYSE:MEG,MEG,Commercial Services,NYSE,Miscellaneous Commercial Services
NYSE:SEMR,SEMR,Technology Services,NYSE,Packaged Software
NASDAQ:BZAI,BZAI,Electronic Technology,NASDAQ,Semiconductors
AMEX:BKTI,BKTI,Electronic Technology,AMEX,Telecommunications Equipment
NASDAQ:SPT,SPT,Technology Services,NASDAQ,Packaged Software
NYSE:IMAX,IMAX,Consumer Durables,NYSE,Electronics/Appliances
NYSE:UCB,UCB,Finance,NYSE,Regional Banks
AMEX:IDR,IDR,Non-Energy Minerals,AMEX,Precious Metals
NASDAQ:NAKA,NAKA,Health Services,NASDAQ,Medical/Nursing Services
NYSE:CUBI,CUBI,Finance,NYSE,Regional Banks
NYSE:MWA,MWA,Producer Manufacturing,NYSE,Industrial Machinery
NASDAQ:SKYT,SKYT,Producer Manufacturing,NASDAQ,Industrial Machinery
NYSE:PFLT,PFLT,Miscellaneous,NYSE,Investment Trusts/Mutual Funds
NASDAQ:PAGP,PAGP,Industrial Services,NASDAQ,Oil & Gas Pipelines
NASDAQ:PENG,PENG,Electronic Technology,NASDAQ,Semiconductors
NYSE:CNS,CNS,Finance,NYSE,Investment Managers
NYSE:DCO,DCO,Electronic Technology,NYSE,Aerospace & Defense
NASDAQ:REYN,REYN,Consumer Non-Durables,NASDAQ,Household/Personal Care
NASDAQ:VOR,VOR,Health Technology,NASDAQ,Biotechnology
NYSE:SPR,SPR,Electronic Technology,NYSE,Aerospace & Defense
NASDAQ:NN,NN,Technology Services,NASDAQ,Packaged Software
NYSE:BLCO,BLCO,Health Technology,NYSE,Medical Specialties
NASDAQ:EGBN,EGBN,Finance,NASDAQ,Regional Banks
NYSE:CTEV,CTEV,Technology Services,NYSE,Data Processing Services
NASDAQ:COCO,COCO,Consumer Non-Durables,NASDAQ,Food: Specialty/Candy
NASDAQ:DAWN,DAWN,Health Technology,NASDAQ,Pharmaceuticals: Major
NYSE:CNNE,CNNE,Consumer Services,NYSE,Restaurants
NYSE:CXT,CXT,Producer Manufacturing,NYSE,Industrial Machinery
NASDAQ:PRTA,PRTA,Health Technology,NASDAQ,Biotechnology
NYSE:OXM,OXM,Consumer Non-Durables,NYSE,Apparel/Footwear
AMEX:VZLA,VZLA,Non-Energy Minerals,AMEX,Precious Metals
NASDAQ:VVPR,VVPR,Utilities,NASDAQ,Electric Utilities
NASDAQ:CDNA,CDNA,Health Technology,NASDAQ,Medical Specialties
NASDAQ:NAVI,NAVI,Finance,NASDAQ,Finance/Rental/Leasing
NASDAQ:IMXI,IMXI,Commercial Services,NASDAQ,Miscellaneous Commercial Services
NYSE:BXC,BXC,Distribution Services,NYSE,Wholesale Distributors
NYSE:HOV,HOV,Consumer Durables,NYSE,Homebuilding
NYSE:SLVM,SLVM,Process Industries,NYSE,Pulp & Paper
NYSE:PHIN,PHIN,Producer Manufacturing,NYSE,Auto Parts: OEM
NASDAQ:CAPR,CAPR,Health Technology,NASDAQ,Pharmaceuticals: Major
NYSE:TTI,TTI,Process Industries,NYSE,Chemicals: Specialty
NASDAQ:HIFS,HIFS,Finance,NASDAQ,Savings Banks
NYSE:FSLY,FSLY,Technology Services,NYSE,Information Technology Services
NASDAQ:PLXS,PLXS,Electronic Technology,NASDAQ,Electronic Production Equipment
NASDAQ:LBTYK,LBTYK,Communications,NASDAQ,Major Telecommunications
NASDAQ:BYRN,BYRN,Electronic Technology,NASDAQ,Aerospace & Defense
NASDAQ:AMPG,AMPG,Electronic Technology,NASDAQ,Electronic Production Equipment
NASDAQ:CMPR,CMPR,Commercial Services,NASDAQ,Commercial Printing/Forms
NYSE:WKC,WKC,Distribution Services,NYSE,Wholesale Distributors
NASDAQ:BATRK,BATRK,Consumer Services,NASDAQ,Movies/Entertainment
NASDAQ:ABEO,ABEO,Health Technology,NASDAQ,Pharmaceuticals: Major
NASDAQ:GSAT,GSAT,Communications,NASDAQ,Wireless Telecommunications
NYSE:EVH,EVH,Commercial Services,NYSE,Miscellaneous Commercial Services
NYSE:WFG,WFG,Non-Energy Minerals,NYSE,Forest Products
NASDAQ:ALT,ALT,Health Technology,NASDAQ,Biotechnology
NASDAQ:STRZ,STRZ,Consumer Services,NASDAQ,Movies/Entertainment
NASDAQ:ATRC,ATRC,Health Technology,NASDAQ,Medical Specialties
NYSE:PRA,PRA,Finance,NYSE,Property/Casualty Insurance
NASDAQ:TRON,TRON,Consumer Durables,NASDAQ,Recreational Products
NYSE:WD,WD,Finance,NYSE,Finance/Rental/Leasing
AMEX:ITRG,ITRG,Non-Energy Minerals,AMEX,Precious Metals
NASDAQ:SHC,SHC,Health Technology,NASDAQ,Medical Specialties
NASDAQ:DXPE,DXPE,Distribution Services,NASDAQ,Wholesale Distributors
NASDAQ:SFNC,SFNC,Finance,NASDAQ,Major Banks
NASDAQ:CSGS,CSGS,Technology Services,NASDAQ,Data Processing Services
NYSE:EBS,EBS,Health Technology,NYSE,Pharmaceuticals: Major
NYSE:SA,SA,Non-Energy Minerals,NYSE,Precious Metals
NASDAQ:ARQQ,ARQQ,Technology Services,NASDAQ,Packaged Software
NASDAQ:VRRM,VRRM,Transportation,NASDAQ,Other Transportation
NYSE:HCI,HCI,Finance,NYSE,Property/Casualty Insurance
NASDAQ:RUSHA,RUSHA,Retail Trade,NASDAQ,Specialty Stores
NYSE:OII,OII,Producer Manufacturing,NYSE,Industrial Machinery
NASDAQ:AKBA,AKBA,Health Technology,NASDAQ,Pharmaceuticals: Major
NASDAQ:MBX,MBX,Health Technology,NASDAQ,Biotechnology
NYSE:HLF,HLF,Consumer Non-Durables,NYSE,Food: Major Diversified
NASDAQ:SNOA,SNOA,Health Technology,NASDAQ,Pharmaceuticals: Major
NASDAQ:SNBR,SNBR,Consumer Durables,NASDAQ,Home Furnishings
NASDAQ:IPGP,IPGP,Electronic Technology,NASDAQ,Semiconductors
NASDAQ:OFIX,OFIX,Health Technology,NASDAQ,Medical Specialties
NASDAQ:JJSF,JJSF,Consumer Non-Durables,NASDAQ,Food: Specialty/Candy
NASDAQ:GIII,GIII,Consumer Non-Durables,NASDAQ,Apparel/Footwear
NASDAQ:QCRH,QCRH,Finance,NASDAQ,Major Banks
NASDAQ:BBNX,BBNX,Health Technology,NASDAQ,Medical Specialties
NASDAQ:PRAX,PRAX,Health Technology,NASDAQ,Pharmaceuticals: Major
NYSE:HRTG,HRTG,Finance,NYSE,Property/Casualty Insurance
NASDAQ:GAME,GAME,Miscellaneous,NASDAQ,Miscellaneous
NYSE:NGVC,NGVC,Retail Trade,NYSE,Food Retail
NASDAQ:FA,FA,Commercial Services,NASDAQ,Miscellaneous Commercial Services
NASDAQ:SGMT,SGMT,Health Technology,NASDAQ,Pharmaceuticals: Major
NASDAQ:LFMD,LFMD,Health Services,NASDAQ,Medical/Nursing Services
NYSE:DNOW,DNOW,Distribution Services,NYSE,Wholesale Distributors
NASDAQ:PNTG,PNTG,Health Services,NASDAQ,Medical/Nursing Services
NYSE:FIGS,FIGS,Consumer Non-Durables,NYSE,Apparel/Footwear
NYSE:LION,LION,Consumer Services,NYSE,Movies/Entertainment
AMEX:ARMN,ARMN,Non-Energy Minerals,AMEX,Precious Metals
NYSE:HG,HG,Finance,NYSE,Multi-Line Insurance
NYSE:ASH,ASH,Consumer Non-Durables,NYSE,Food: Specialty/Candy
NASDAQ:PAHC,PAHC,Health Technology,NASDAQ,Pharmaceuticals: Major
NYSE:USPH,USPH,Health Services,NYSE,Medical/Nursing Services
NASDAQ:ROCK,ROCK,Producer Manufacturing,NASDAQ,Metal Fabrication
NASDAQ:NTCT,NTCT,Technology Services,NASDAQ,Packaged Software
NYSE:KWR,KWR,Process Industries,NYSE,Chemicals: Specialty
NYSE:PFS,PFS,Finance,NYSE,Savings Banks
NYSE:FCF,FCF,Finance,NYSE,Regional Banks
NASDAQ:UPB,UPB,Health Technology,NASDAQ,Biotechnology
NYSE:MD,MD,Health Services,NYSE,Medical/Nursing Services
NASDAQ:DNUT,DNUT,Distribution Services,NASDAQ,Food Distributors
NYSE:DFIN,DFIN,Technology Services,NYSE,Packaged Software
NYSE:BORR,BORR,Industrial Services,NYSE,Contract Drilling
NYSE:KLC,KLC,Consumer Services,NYSE,Other Consumer Services
NASDAQ:FOXF,FOXF,Producer Manufacturing,NASDAQ,Auto Parts: OEM
NASDAQ:PROP,PROP,Energy Minerals,NASDAQ,Integrated Oil
NASDAQ:PHAT,PHAT,Health Technology,NASDAQ,Pharmaceuticals: Major
NYSE:BIP,BIP,Utilities,NYSE,Alternative Power Generation
NYSE:TNET,TNET,Commercial Services,NYSE,Miscellaneous Commercial Services
NASDAQ:GEVO,GEVO,Process Industries,NASDAQ,Chemicals: Specialty
NYSE:ARCO,ARCO,Consumer Services,NYSE,Restaurants
NYSE:NVRI,NVRI,Industrial Services,NYSE,Environmental Services
NYSE:BOH,BOH,Finance,NYSE,Regional Banks
NYSE:NNI,NNI,Finance,NYSE,Finance/Rental/Leasing
NASDAQ:NEO,NEO,Health Services,NASDAQ,Medical/Nursing Services
NYSE:LPG,LPG,Transportation,NYSE,Marine Shipping
NYSE:LC,LC,Finance,NYSE,Major Banks
NASDAQ:OTLK,OTLK,Health Technology,NASDAQ,Pharmaceuticals: Major
NYSE:KOS,KOS,Energy Minerals,NYSE,Integrated Oil
NASDAQ:ALLO,ALLO,Health Technology,NASDAQ,Biotechnology
NYSE:XPRO,XPRO,Energy Minerals,NYSE,Oil & Gas Production
NYSE:NX,NX,Producer Manufacturing,NYSE,Building Products
NASDAQ:ITIC,ITIC,Finance,NASDAQ,Specialty Insurance
NYSE:FLNG,FLNG,Transportation,NYSE,Marine Shipping
NASDAQ:EQ,EQ,Health Technology,NASDAQ,Biotechnology
NASDAQ:ASTH,ASTH,Health Services,NASDAQ,Services to the Health Industry
NASDAQ:SNDL,SNDL,Process Industries,NASDAQ,Agricultural Commodities/Milling
NASDAQ:BJRI,BJRI,Consumer Services,NASDAQ,Restaurants
NASDAQ:NAGE,NAGE,Health Technology,NASDAQ,Pharmaceuticals: Other
NYSE:CBU,CBU,Finance,NYSE,Major Banks
NASDAQ:FDMT,FDMT,Health Technology,NASDAQ,Biotechnology
NYSE:BZH,BZH,Consumer Durables,NYSE,Homebuilding
NASDAQ:TDUP,TDUP,Retail Trade,NASDAQ,Internet Retail
NYSE:OPFI,OPFI,Finance,NYSE,Finance/Rental/Leasing
NASDAQ:LQDT,LQDT,Retail Trade,NASDAQ,Internet Retail
NYSE:VTEX,VTEX,Technology Services,NYSE,Information Technology Services
NASDAQ:BANR,BANR,Finance,NASDAQ,Regional Banks
NASDAQ:MBINL,MBINL,Finance,NASDAQ,Regional Banks
NASDAQ:FRHC,FRHC,Finance,NASDAQ,Investment Banks/Brokers
NASDAQ:KE,KE,Electronic Technology,NASDAQ,Electronic Production Equipment
NYSE:THS,THS,Consumer Non-Durables,NYSE,Food: Specialty/Candy
NASDAQ:PDYN,PDYN,Producer Manufacturing,NASDAQ,Industrial Machinery
NASDAQ:VICR,VICR,Electronic Technology,NASDAQ,Electronic Components
NYSE:MUX,MUX,Non-Energy Minerals,NYSE,Precious Metals
NYSE:SVV,SVV,Retail Trade,NYSE,Specialty Stores
NYSE:CGAU,CGAU,Non-Energy Minerals,NYSE,Precious Metals
NYSE:EPC,EPC,Consumer Non-Durables,NYSE,Household/Personal Care
NASDAQ:PLTK,PLTK,Technology Services,NASDAQ,Packaged Software
NYSE:ALG,ALG,Producer Manufacturing,NYSE,Trucks/Construction/Farm Machinery
NYSE:CPK,CPK,Utilities,NYSE,Gas Distributors
NASDAQ:GPRE,GPRE,Process Industries,NASDAQ,Chemicals: Specialty
NYSE:VSTS,VSTS,Consumer Non-Durables,NYSE,Apparel/Footwear
NASDAQ:KALV,KALV,Health Technology,NASDAQ,Pharmaceuticals: Major
NYSE:BBW,BBW,Retail Trade,NYSE,Specialty Stores
NASDAQ:CRAI,CRAI,Commercial Services,NASDAQ,Miscellaneous Commercial Services
NASDAQ:NTGR,NTGR,Technology Services,NASDAQ,Information Technology Services
NASDAQ:TLS,TLS,Technology Services,NASDAQ,Information Technology Services
NASDAQ:ODP,ODP,Retail Trade,NASDAQ,Specialty Stores
NASDAQ:OSW,OSW,Consumer Services,NASDAQ,Other Consumer Services
NASDAQ:BLNE,BLNE,Commercial Services,NASDAQ,Advertising/Marketing Services
NYSE:SFBS,SFBS,Finance,NYSE,Regional Banks
NASDAQ:GDYN,GDYN,Technology Services,NASDAQ,Information Technology Services
NYSE:UVV,UVV,Distribution Services,NYSE,Wholesale Distributors
NYSE:DBD,DBD,Electronic Technology,NYSE,Electronic Equipment/Instruments
NASDAQ:ARLP,ARLP,Energy Minerals,NASDAQ,Coal
NASDAQ:TBPH,TBPH,Health Technology,NASDAQ,Pharmaceuticals: Major
NYSE:SEM,SEM,Health Services,NYSE,Hospital/Nursing Management
NYSE:JBI,JBI,Producer Manufacturing,NYSE,Building Products
NYSE:NWN,NWN,Utilities,NYSE,Gas Distributors
NASDAQ:AMWD,AMWD,Producer Manufacturing,NASDAQ,Building Products
NYSE:PRO,PRO,Technology Services,NYSE,Information Technology Services
NYSE:UNF,UNF,Consumer Services,NYSE,Other Consumer Services
NASDAQ:NMIH,NMIH,Finance,NASDAQ,Property/Casualty Insurance
NASDAQ:MGRC,MGRC,Finance,NASDAQ,Finance/Rental/Leasing
NYSE:NPWR,NPWR,Producer Manufacturing,NYSE,Electrical Products
NYSE:LNN,LNN,Producer Manufacturing,NYSE,Trucks/Construction/Farm Machinery
NASDAQ:BUSE,BUSE,Finance,NASDAQ,Regional Banks
NASDAQ:MNMD,MNMD,Health Technology,NASDAQ,Pharmaceuticals: Major
NYSE:NIC,NIC,Finance,NYSE,Major Banks
NASDAQ:ACB,ACB,Process Industries,NASDAQ,Agricultural Commodities/Milling
AMEX:ORLA,ORLA,Non-Energy Minerals,AMEX,Precious Metals
NYSE:AGL,AGL,Health Services,NYSE,Medical/Nursing Services
NASDAQ:EYPT,EYPT,Health Technology,NASDAQ,Pharmaceuticals: Major
NASDAQ:HOPE,HOPE,Finance,NASDAQ,Major Banks
NASDAQ:UCTT,UCTT,Producer Manufacturing,NASDAQ,Industrial Machinery
NASDAQ:BUUU,BUUU,Commercial Services,NASDAQ,Miscellaneous Commercial Services
NASDAQ:ESTA,ESTA,Health Technology,NASDAQ,Medical Specialties
NASDAQ:SLDE,SLDE,Technology Services,NASDAQ,Packaged Software
NYSE:DIN,DIN,Consumer Services,NYSE,Restaurants
NYSE:ECVT,ECVT,Process Industries,NYSE,Chemicals: Specialty
NASDAQ:AGIO,AGIO,Health Technology,NASDAQ,Pharmaceuticals: Major
NASDAQ:VFF,VFF,Process Industries,NASDAQ,Agricultural Commodities/Milling
NASDAQ:ANDE,ANDE,Commercial Services,NASDAQ,Miscellaneous Commercial Services
NASDAQ:JAMF,JAMF,Technology Services,NASDAQ,Packaged Software
NASDAQ:DPRO,DPRO,Consumer Durables,NASDAQ,Motor Vehicles
NASDAQ:PLUS,PLUS,Technology Services,NASDAQ,Packaged Software
NASDAQ:CCB,CCB,Finance,NASDAQ,Regional Banks
AMEX:IAUX,IAUX,Non-Energy Minerals,AMEX,Precious Metals
NASDAQ:MBOT,MBOT,Health Technology,NASDAQ,Biotechnology
NASDAQ:TSHA,TSHA,Health Technology,NASDAQ,Biotechnology
NYSE:RCUS,RCUS,Health Technology,NYSE,Biotechnology
NASDAQ:SUPX,SUPX,Commercial Services,NASDAQ,Miscellaneous Commercial Services
NASDAQ:TRIN,TRIN,Miscellaneous,NASDAQ,Investment Trusts/Mutual Funds
NYSE:CWT,CWT,Utilities,NYSE,Water Utilities
NASDAQ:UPBD,UPBD,Finance,NASDAQ,Finance/Rental/Leasing
NYSE:NGVT,NGVT,Process Industries,NYSE,Chemicals: Major Diversified
NYSE:ARX,ARX,Technology Services,NYSE,Internet Software/Services
NASDAQ:HTO,HTO,Utilities,NASDAQ,Water Utilities
NASDAQ:TOI,TOI,Health Services,NASDAQ,Medical/Nursing Services
NYSE:CCO,CCO,Commercial Services,NYSE,Advertising/Marketing Services
NASDAQ:ARVN,ARVN,Health Technology,NASDAQ,Biotechnology
NYSE:GNK,GNK,Transportation,NYSE,Marine Shipping
NASDAQ:SKWD,SKWD,Finance,NASDAQ,Multi-Line Insurance
NASDAQ:EZPW,EZPW,Finance,NASDAQ,Finance/Rental/Leasing
NYSE:GEF,GEF,Process Industries,NYSE,Containers/Packaging
NYSE:RGR,RGR,Consumer Durables,NYSE,Recreational Products
NYSE:PRG,PRG,Finance,NYSE,Finance/Rental/Leasing
NYSE:NMAX,NMAX,Consumer Services,NYSE,Broadcasting
NYSE:EVTC,EVTC,Commercial Services,NYSE,Miscellaneous Commercial Services
NASDAQ:TZUP,TZUP,Technology Services,NASDAQ,Packaged Software
NASDAQ:AIOT,AIOT,Electronic Technology,NASDAQ,Telecommunications Equipment
NASDAQ:QSI,QSI,Technology Services,NASDAQ,Packaged Software
NASDAQ:MCRI,MCRI,Consumer Services,NASDAQ,Hotels/Resorts/Cruise lines
NYSE:TTAM,TTAM,Non-Energy Minerals,NYSE,Construction Materials
NYSE:TFPM,TFPM,Non-Energy Minerals,NYSE,Precious Metals
AMEX:ATCH,ATCH,Technology Services,AMEX,Packaged Software
NASDAQ:AVAH,AVAH,Health Services,NASDAQ,Medical/Nursing Services
NASDAQ:ASST,ASST,Commercial Services,NASDAQ,Advertising/Marketing Services
NASDAQ:CVBF,CVBF,Finance,NASDAQ,Regional Banks
NASDAQ:NNNN,NNNN,Health Technology,NASDAQ,Medical Specialties
NASDAQ:PUBM,PUBM,Technology Services,NASDAQ,Internet Software/Services
NASDAQ:GCMG,GCMG,Finance,NASDAQ,Investment Managers
NASDAQ:JCAP,JCAP,Finance,NASDAQ,Financial Conglomerates
NYSE:UHAL,UHAL,Finance,NYSE,Finance/Rental/Leasing
NASDAQ:CASH,CASH,Finance,NASDAQ,Major Banks
NASDAQ:TILE,TILE,Producer Manufacturing,NASDAQ,Building Products
NASDAQ:EOLS,EOLS,Health Technology,NASDAQ,Pharmaceuticals: Major
NYSE:CMP,CMP,Process Industries,NYSE,Chemicals: Specialty
NYSE:SFL,SFL,Transportation,NYSE,Marine Shipping
NASDAQ:APPS,APPS,Technology Services,NASDAQ,Packaged Software
NASDAQ:CRVL,CRVL,Finance,NASDAQ,Insurance Brokers/Services
NASDAQ:SGMO,SGMO,Health Technology,NASDAQ,Biotechnology
NASDAQ:EFSC,EFSC,Finance,NASDAQ,Regional Banks
NASDAQ:STRA,STRA,Consumer Services,NASDAQ,Other Consumer Services
NASDAQ:AVXL,AVXL,Health Technology,NASDAQ,Biotechnology
NASDAQ:CSTL,CSTL,Health Technology,NASDAQ,Medical Specialties
NASDAQ:IOSP,IOSP,Process Industries,NASDAQ,Chemicals: Major Diversified
NASDAQ:MAGH,MAGH,Industrial Services,NASDAQ,Engineering & Construction
NYSE:LEG,LEG,Consumer Durables,NYSE,Home Furnishings
NASDAQ:PLAB,PLAB,Electronic Technology,NASDAQ,Electronic Production Equipment
NASDAQ:GPRO,GPRO,Consumer Durables,NASDAQ,Electronics/Appliances
NASDAQ:EVER,EVER,Technology Services,NASDAQ,Internet Software/Services
NASDAQ:RXST,RXST,Electronic Technology,NASDAQ,Electronic Components
NYSE:WOR,WOR,Producer Manufacturing,NYSE,Industrial Machinery
NASDAQ:BNC,BNC,Producer Manufacturing,NASDAQ,Trucks/Construction/Farm Machinery
NASDAQ:LRMR,LRMR,Health Technology,NASDAQ,Biotechnology
NYSE:SPCE,SPCE,Electronic Technology,NYSE,Aerospace & Defense
NYSE:DDD,DDD,Technology Services,NYSE,Information Technology Services
NYSE:HAFN,HAFN,Transportation,NYSE,Marine Shipping
NYSE:AAMI,AAMI,Finance,NYSE,Investment Managers
NASDAQ:DVAX,DVAX,Health Technology,NASDAQ,Biotechnology
NASDAQ:FCEL,FCEL,Electronic Technology,NASDAQ,Electronic Equipment/Instruments
NASDAQ:CRON,CRON,Health Technology,NASDAQ,Pharmaceuticals: Other
NASDAQ:NEXN,NEXN,Technology Services,NASDAQ,Packaged Software
NASDAQ:WLFC,WLFC,Finance,NASDAQ,Finance/Rental/Leasing
NYSE:XPOF,XPOF,Consumer Services,NYSE,Other Consumer Services
NASDAQ:ESEA,ESEA,Transportation,NASDAQ,Marine Shipping
NASDAQ:WRLD,WRLD,Finance,NASDAQ,Finance/Rental/Leasing
NASDAQ:TNGX,TNGX,Health Technology,NASDAQ,Biotechnology
NASDAQ:ASTE,ASTE,Producer Manufacturing,NASDAQ,Trucks/Construction/Farm Machinery
NASDAQ:XFOR,XFOR,Health Technology,NASDAQ,Biotechnology
AMEX:GAU,GAU,Non-Energy Minerals,AMEX,Precious Metals
NYSE:STVN,STVN,Health Technology,NYSE,Medical Specialties
NYSE:DFH,DFH,Consumer Durables,NYSE,Homebuilding
NASDAQ:TOWN,TOWN,Finance,NASDAQ,Regional Banks
NASDAQ:SENEA,SENEA,Consumer Non-Durables,NASDAQ,Food: Specialty/Candy
NYSE:GBX,GBX,Producer Manufacturing,NYSE,Trucks/Construction/Farm Machinery
NASDAQ:ALM,ALM,Non-Energy Minerals,NASDAQ,Other Metals/Minerals
NASDAQ:COGT,COGT,Health Technology,NASDAQ,Biotechnology
AMEX:PRK,PRK,Finance,AMEX,Major Banks
NASDAQ:EXPI,EXPI,Finance,NASDAQ,Real Estate Development
NASDAQ:HLIT,HLIT,Electronic Technology,NASDAQ,Telecommunications Equipment
NASDAQ:DOGZ,DOGZ,Consumer Non-Durables,NASDAQ,Consumer Sundries
NYSE:PRLB,PRLB,Process Industries,NYSE,Chemicals: Specialty
NASDAQ:CHCO,CHCO,Finance,NASDAQ,Major Banks
AMEX:TGEN,TGEN,Producer Manufacturing,AMEX,Electrical Products
NASDAQ:OCSL,OCSL,Miscellaneous,NASDAQ,Investment Trusts/Mutual Funds
NASDAQ:ACT,ACT,Finance,NASDAQ,Multi-Line Insurance
NASDAQ:MNTS,MNTS,Electronic Technology,NASDAQ,Aerospace & Defense
NASDAQ:MGEE,MGEE,Utilities,NASDAQ,Electric Utilities
NYSE:MTX,MTX,Process Industries,NYSE,Chemicals: Specialty
NASDAQ:ECPG,ECPG,Finance,NASDAQ,Finance/Rental/Leasing
NYSE:NPKI,NPKI,Producer Manufacturing,NYSE,Building Products
NASDAQ:HCSG,HCSG,Commercial Services,NASDAQ,Miscellaneous Commercial Services
NASDAQ:GBDC,GBDC,Finance,NASDAQ,Investment Managers
NYSE:EQBK,EQBK,Finance,NYSE,Regional Banks
NYSE:SPNT,SPNT,Finance,NYSE,Property/Casualty Insurance
NASDAQ:SCSC,SCSC,Distribution Services,NASDAQ,Electronics Distributors
NASDAQ:CMPX,CMPX,Health Technology,NASDAQ,Pharmaceuticals: Major
NASDAQ:GDRX,GDRX,Technology Services,NASDAQ,Internet Software/Services
NYSE:SOBO,SOBO,Industrial Services,NYSE,Oil & Gas Pipelines
NASDAQ:WAFD,WAFD,Finance,NASDAQ,Major Banks
NASDAQ:CEVA,CEVA,Electronic Technology,NASDAQ,Semiconductors
NASDAQ:BINI,BINI,Technology Services,NASDAQ,Internet Software/Services
NASDAQ:PLPC,PLPC,Producer Manufacturing,NASDAQ,Building Products
NYSE:COPL,COPL,Finance,NYSE,Financial Conglomerates
NASDAQ:FWRD,FWRD,Transportation,NASDAQ,Trucking
NYSE:EE,EE,Utilities,NYSE,Gas Distributors
NYSE:ATEN,ATEN,Technology Services,NYSE,Information Technology Services
NASDAQ:CGON,CGON,Health Technology,NASDAQ,Biotechnology
NASDAQ:PEBO,PEBO,Finance,NASDAQ,Regional Banks
NYSE:NOMD,NOMD,Consumer Non-Durables,NYSE,Food: Specialty/Candy
NASDAQ:AQST,AQST,Health Technology,NASDAQ,Pharmaceuticals: Major
NASDAQ:MNKD,MNKD,Health Technology,NASDAQ,Pharmaceuticals: Major
NASDAQ:PBYI,PBYI,Health Technology,NASDAQ,Pharmaceuticals: Major
NASDAQ:LIND,LIND,Consumer Services,NASDAQ,Hotels/Resorts/Cruise lines
NASDAQ:ANNX,ANNX,Health Technology,NASDAQ,Pharmaceuticals: Major
NYSE:AB,AB,Finance,NYSE,Investment Managers
NASDAQ:CERT,CERT,Technology Services,NASDAQ,Packaged Software
NYSE:PRSU,PRSU,Consumer Services,NYSE,Movies/Entertainment
NASDAQ:IIIV,IIIV,Technology Services,NASDAQ,Packaged Software
NASDAQ:ETON,ETON,Health Technology,NASDAQ,Pharmaceuticals: Major
NASDAQ:SFIX,SFIX,Retail Trade,NASDAQ,Apparel/Footwear Retail
NASDAQ:EFTY,EFTY,Finance,NASDAQ,Financial Conglomerates
NASDAQ:ALMU,ALMU,Commercial Services,NASDAQ,Miscellaneous Commercial Services
NYSE:KN,KN,Electronic Technology,NYSE,Electronic Components
AMEX:TGB,TGB,Non-Energy Minerals,AMEX,Other Metals/Minerals
NYSE:KFRC,KFRC,Commercial Services,NYSE,Personnel Services
NASDAQ:BRR,BRR,Finance,NASDAQ,Financial Conglomerates
NASDAQ:TRS,TRS,Process Industries,NASDAQ,Containers/Packaging
NYSE:ARDT,ARDT,Health Services,NYSE,Hospital/Nursing Management
NASDAQ:GIBO,GIBO,Technology Services,NASDAQ,Internet Software/Services
NASDAQ:SHOT,SHOT,Health Technology,NASDAQ,Pharmaceuticals: Other
NYSE:TR,TR,Consumer Non-Durables,NYSE,Food: Specialty/Candy
NYSE:NBHC,NBHC,Finance,NYSE,Regional Banks
NYSE:MATV,MATV,Process Industries,NYSE,Chemicals: Specialty
NYSE:VTS,VTS,Energy Minerals,NYSE,Oil & Gas Production
NASDAQ:ENLV,ENLV,Health Technology,NASDAQ,Biotechnology
NYSE:LOB,LOB,Finance,NYSE,Regional Banks
NYSE:ETD,ETD,Consumer Durables,NYSE,Home Furnishings
NYSE:NABL,NABL,Technology Services,NYSE,Packaged Software
NASDAQ:SLDB,SLDB,Health Technology,NASDAQ,Biotechnology
AMEX:VNTG,VNTG,Transportation,AMEX,Marine Shipping
NYSE:TAC,TAC,Utilities,NYSE,Electric Utilities
NASDAQ:FSUN,FSUN,Finance,NASDAQ,Major Banks
NYSE:EFXT,EFXT,Producer Manufacturing,NYSE,Industrial Machinery
NASDAQ:SPCB,SPCB,Electronic Technology,NASDAQ,Computer Communications
NASDAQ:IMKTA,IMKTA,Retail Trade,NASDAQ,Food Retail
NYSE:HMN,HMN,Finance,NYSE,Property/Casualty Insurance
NYSE:WOW,WOW,Communications,NYSE,Major Telecommunications
NASDAQ:COLL,COLL,Health Technology,NASDAQ,Pharmaceuticals: Major
NASDAQ:AREC,AREC,Energy Minerals,NASDAQ,Coal
NASDAQ:SSYS,SSYS,Electronic Technology,NASDAQ,Computer Peripherals
NASDAQ:FNKO,FNKO,Consumer Durables,NASDAQ,Recreational Products
NASDAQ:ORGN,ORGN,Process Industries,NASDAQ,Chemicals: Specialty
NYSE:AMTB,AMTB,Finance,NYSE,Major Banks
NYSE:DOLE,DOLE,Distribution Services,NYSE,Food Distributors
NYSE:ASC,ASC,Transportation,NYSE,Marine Shipping
NYSE:CYD,CYD,Producer Manufacturing,NYSE,Auto Parts: OEM
NASDAQ:PLSE,PLSE,Health Technology,NASDAQ,Medical Specialties
NYSE:HOUS,HOUS,Finance,NYSE,Real Estate Development
NASDAQ:TRVI,TRVI,Health Technology,NASDAQ,Biotechnology
NYSE:BOW,BOW,Finance,NYSE,Multi-Line Insurance
NYSE:KRP,KRP,Miscellaneous,NYSE,Investment Trusts/Mutual Funds
NYSE:STC,STC,Finance,NYSE,Specialty Insurance
NASDAQ:SVRA,SVRA,Health Technology,NASDAQ,Pharmaceuticals: Major
NYSE:SSTK,SSTK,Technology Services,NYSE,Internet Software/Services
NYSE:BRC,BRC,Producer Manufacturing,NYSE,Miscellaneous Manufacturing
AMEX:IE,IE,Non-Energy Minerals,AMEX,Other Metals/Minerals
NASDAQ:HTLD,HTLD,Transportation,NASDAQ,Trucking
NASDAQ:CLNE,CLNE,Utilities,NASDAQ,Gas Distributors
NASDAQ:HUBG,HUBG,Transportation,NASDAQ,Air Freight/Couriers
NYSE:WLY,WLY,Consumer Services,NYSE,Publishing: Books/Magazines
NYSE:DLX,DLX,Commercial Services,NYSE,Commercial Printing/Forms
NASDAQ:UDMY,UDMY,Technology Services,NASDAQ,Packaged Software
NASDAQ:COHU,COHU,Electronic Technology,NASDAQ,Semiconductors
NASDAQ:SORA,SORA,Distribution Services,NASDAQ,Wholesale Distributors
NASDAQ:STIM,STIM,Health Technology,NASDAQ,Medical Specialties
NASDAQ:KALU,KALU,Non-Energy Minerals,NASDAQ,Aluminum
NASDAQ:IMNM,IMNM,Health Technology,NASDAQ,Biotechnology
NASDAQ:DGXX,DGXX,Technology Services,NASDAQ,Data Processing Services
NYSE:FDP,FDP,Process Industries,NYSE,Agricultural Commodities/Milling
NASDAQ:MLAB,MLAB,Health Technology,NASDAQ,Medical Specialties
NASDAQ:MENS,MENS,Health Technology,NASDAQ,Pharmaceuticals: Major
NASDAQ:TFIN,TFIN,Finance,NASDAQ,Savings Banks
NASDAQ:AMLX,AMLX,Health Technology,NASDAQ,Pharmaceuticals: Major
AMEX:EXOD,EXOD,Technology Services,AMEX,Packaged Software
NASDAQ:ZIMV,ZIMV,Health Technology,NASDAQ,Medical Specialties
NYSE:AMBQ,AMBQ,Electronic Technology,NYSE,Semiconductors
NASDAQ:KINS,KINS,Finance,NASDAQ,Insurance Brokers/Services
NYSE:HIPO,HIPO,Finance,NYSE,Property/Casualty Insurance
NASDAQ:MYGN,MYGN,Health Technology,NASDAQ,Medical Specialties
NYSE:GBTG,GBTG,Consumer Services,NYSE,Other Consumer Services
NYSE:CAL,CAL,Retail Trade,NYSE,Apparel/Footwear Retail
NYSE:PUMP,PUMP,Industrial Services,NYSE,Oilfield Services/Equipment
NASDAQ:NBTB,NBTB,Finance,NASDAQ,Major Banks
NASDAQ:QNST,QNST,Commercial Services,NASDAQ,Advertising/Marketing Services
NYSE:SXC,SXC,Non-Energy Minerals,NYSE,Steel
NYSE:WEAV,WEAV,Technology Services,NYSE,Packaged Software
NASDAQ:METCB,METCB,Energy Minerals,NASDAQ,Coal
NASDAQ:WABC,WABC,Finance,NASDAQ,Regional Banks
NASDAQ:ALVO,ALVO,Health Technology,NASDAQ,Biotechnology
NYSE:EIG,EIG,Finance,NYSE,Property/Casualty Insurance
NASDAQ:BWMN,BWMN,Industrial Services,NASDAQ,Engineering & Construction
NASDAQ:PROK,PROK,Health Technology,NASDAQ,Biotechnology
NASDAQ:ONMD,ONMD,Technology Services,NASDAQ,Packaged Software
NYSE:CCRD,CCRD,Technology Services,NYSE,Packaged Software
NYSE:DEC,DEC,Energy Minerals,NYSE,Integrated Oil
NASDAQ:OMEX,OMEX,Process Industries,NASDAQ,Agricultural Commodities/Milling
NASDAQ:ESQ,ESQ,Finance,NASDAQ,Major Banks
NASDAQ:MNRO,MNRO,Retail Trade,NASDAQ,Specialty Stores
NYSE:AMPY,AMPY,Energy Minerals,NYSE,Integrated Oil
NASDAQ:SWIM,SWIM,Producer Manufacturing,NASDAQ,Miscellaneous Manufacturing
NASDAQ:DRVN,DRVN,Consumer Services,NASDAQ,Other Consumer Services
NASDAQ:SNCY,SNCY,Transportation,NASDAQ,Airlines
NASDAQ:KROS,KROS,Health Technology,NASDAQ,Pharmaceuticals: Major
NASDAQ:KARO,KARO,Technology Services,NASDAQ,Packaged Software
NYSE:GCI,GCI,Consumer Services,NYSE,Publishing: Newspapers
NASDAQ:REGCP,REGCP,Finance,NASDAQ,Real Estate Investment Trusts
NYSE:CHPT,CHPT,Retail Trade,NYSE,Specialty Stores
NASDAQ:ELVN,ELVN,Health Technology,NASDAQ,Biotechnology
NYSE:SMP,SMP,Consumer Durables,NYSE,Automotive Aftermarket
NYSE:NAT,NAT,Transportation,NYSE,Marine Shipping
NASDAQ:CTBI,CTBI,Finance,NASDAQ,Regional Banks
NASDAQ:FIZZ,FIZZ,Consumer Non-Durables,NASDAQ,Beverages: Non-Alcoholic
NASDAQ:CADL,CADL,Health Technology,NASDAQ,Biotechnology
NASDAQ:ABL,ABL,Finance,NASDAQ,Investment Managers
NASDAQ:LIMN,LIMN,Health Technology,NASDAQ,Pharmaceuticals: Major
NASDAQ:PAX,PAX,Finance,NASDAQ,Investment Managers
NYSE:WTTR,WTTR,Utilities,NYSE,Water Utilities
NASDAQ:SYTA,SYTA,Electronic Technology,NASDAQ,Telecommunications Equipment
NASDAQ:EPSM,EPSM,Distribution Services,NASDAQ,Food Distributors
NYSE:WS,WS,Non-Energy Minerals,NYSE,Steel
AMEX:REI,REI,Energy Minerals,AMEX,Integrated Oil
NYSE:INGM,INGM,Technology Services,NYSE,Information Technology Services
NYSE:GEL,GEL,Process Industries,NYSE,Chemicals: Specialty
NYSE:CMRE,CMRE,Transportation,NYSE,Marine Shipping
NYSE:IDT,IDT,Communications,NYSE,Major Telecommunications
NYSE:SES,SES,Producer Manufacturing,NYSE,Electrical Products
NYSE:RES,RES,Industrial Services,NYSE,Oilfield Services/Equipment
NASDAQ:NNOX,NNOX,Health Technology,NASDAQ,Medical Specialties
NASDAQ:EWTX,EWTX,Health Technology,NASDAQ,Biotechnology
NASDAQ:ZENA,ZENA,Technology Services,NASDAQ,Information Technology Services
NASDAQ:CDXS,CDXS,Process Industries,NASDAQ,Chemicals: Specialty
NASDAQ:VUZI,VUZI,Electronic Technology,NASDAQ,Electronic Equipment/Instruments
NYSE:HLX,HLX,Industrial Services,NYSE,Oilfield Services/Equipment
NASDAQ:POET,POET,Electronic Technology,NASDAQ,Semiconductors
NASDAQ:DOMO,DOMO,Technology Services,NASDAQ,Packaged Software
NASDAQ:UROY,UROY,Non-Energy Minerals,NASDAQ,Other Metals/Minerals
NYSE:BLND,BLND,Technology Services,NYSE,Information Technology Services
NYSE:KW,KW,Finance,NYSE,Real Estate Development
NASDAQ:ANAB,ANAB,Health Technology,NASDAQ,Biotechnology
NASDAQ:SBGI,SBGI,Consumer Services,NASDAQ,Broadcasting
NASDAQ:CVAC,CVAC,Health Technology,NASDAQ,Biotechnology
NASDAQ:VERI,VERI,Commercial Services,NASDAQ,Advertising/Marketing Services
NASDAQ:HCKT,HCKT,Commercial Services,NASDAQ,Miscellaneous Commercial Services
NYSE:BSM,BSM,Miscellaneous,NYSE,Investment Trusts/Mutual Funds
NASDAQ:GSM,GSM,Non-Energy Minerals,NASDAQ,Other Metals/Minerals
NASDAQ:AMRK,AMRK,Finance,NASDAQ,Investment Banks/Brokers
NASDAQ:NRIX,NRIX,Health Technology,NASDAQ,Biotechnology
NASDAQ:RLAY,RLAY,Health Technology,NASDAQ,Biotechnology
NYSE:BV,BV,Commercial Services,NYSE,Miscellaneous Commercial Services
NYSE:BFLY,BFLY,Health Technology,NYSE,Medical Specialties
NASDAQ:LLYVA,LLYVA,Technology Services,NASDAQ,Internet Software/Services
NYSE:NUS,NUS,Consumer Non-Durables,NYSE,Household/Personal Care
NASDAQ:AVBP,AVBP,Health Technology,NASDAQ,Pharmaceuticals: Major
NYSE:FTK,FTK,Industrial Services,NYSE,Oilfield Services/Equipment
NASDAQ:SION,SION,Health Technology,NASDAQ,Biotechnology
NYSE:NTB,NTB,Finance,NYSE,Regional Banks
NASDAQ:CLMT,CLMT,Energy Minerals,NASDAQ,Oil Refining/Marketing
AMEX:TOVX,TOVX,Health Technology,AMEX,Pharmaceuticals: Major
NASDAQ:BTM,BTM,Finance,NASDAQ,Investment Banks/Brokers
NYSE:TXO,TXO,Energy Minerals,NYSE,Integrated Oil
NYSE:GSL,GSL,Transportation,NYSE,Marine Shipping
NASDAQ:CCNE,CCNE,Finance,NASDAQ,Regional Banks
NASDAQ:AVO,AVO,Process Industries,NASDAQ,Agricultural Commodities/Milling
NASDAQ:ORIC,ORIC,Health Technology,NASDAQ,Pharmaceuticals: Major
NYSE:MANU,MANU,Consumer Services,NYSE,Movies/Entertainment
NASDAQ:AHCO,AHCO,Finance,NASDAQ,Finance/Rental/Leasing
NYSE:CDRE,CDRE,Electronic Technology,NYSE,Aerospace & Defense
NYSE:TSLX,TSLX,Miscellaneous,NYSE,Investment Trusts/Mutual Funds
NASDAQ:FISI,FISI,Finance,NASDAQ,Regional Banks
NYSE:UIS,UIS,Technology Services,NYSE,Information Technology Services
NASDAQ:PFBC,PFBC,Finance,NASDAQ,Regional Banks
NYSE:BHE,BHE,Electronic Technology,NYSE,Electronic Production Equipment
NASDAQ:MBUU,MBUU,Consumer Durables,NASDAQ,Recreational Products
NYSE:PACS,PACS,Health Services,NYSE,Hospital/Nursing Management
NASDAQ:NSSC,NSSC,Commercial Services,NASDAQ,Miscellaneous Commercial Services
NASDAQ:IAS,IAS,Technology Services,NASDAQ,Packaged Software
NASDAQ:SWBI,SWBI,Electronic Technology,NASDAQ,Aerospace & Defense
NYSE:JELD,JELD,Non-Energy Minerals,NYSE,Forest Products
NYSE:BGS,BGS,Consumer Non-Durables,NYSE,Food: Major Diversified
NASDAQ:CNVS,CNVS,Consumer Services,NASDAQ,Movies/Entertainment
NYSE:THR,THR,Producer Manufacturing,NYSE,Electrical Products
NASDAQ:TALK,TALK,Health Services,NASDAQ,Medical/Nursing Services
NYSE:CYH,CYH,Health Services,NYSE,Hospital/Nursing Management
NASDAQ:CRSR,CRSR,Technology Services,NASDAQ,Packaged Software
NYSE:WMK,WMK,Retail Trade,NYSE,Food Retail
NASDAQ:BBSI,BBSI,Commercial Services,NASDAQ,Personnel Services
NYSE:MCB,MCB,Finance,NYSE,Regional Banks
NYSE:LXU,LXU,Process Industries,NYSE,Chemicals: Agricultural
NASDAQ:THRY,THRY,Technology Services,NASDAQ,Packaged Software
NASDAQ:GLDD,GLDD,Industrial Services,NASDAQ,Engineering & Construction
NASDAQ:RILYG,RILYG,Finance,NASDAQ,Investment Banks/Brokers
NYSE:AMBC,AMBC,Finance,NYSE,Specialty Insurance
NYSE:ATS,ATS,Producer Manufacturing,NYSE,Industrial Machinery
NASDAQ:ALEC,ALEC,Health Technology,NASDAQ,Biotechnology
NASDAQ:STGW,STGW,Commercial Services,NASDAQ,Miscellaneous Commercial Services
NASDAQ:GLIBK,GLIBK,Technology Services,NASDAQ,Data Processing Services
NYSE:BY,BY,Finance,NYSE,Regional Banks
NASDAQ:DAKT,DAKT,Producer Manufacturing,NASDAQ,Miscellaneous Manufacturing
NASDAQ:CNOB,CNOB,Finance,NASDAQ,Regional Banks
NASDAQ:LILA,LILA,Communications,NASDAQ,Major Telecommunications
NASDAQ:REAX,REAX,Commercial Services,NASDAQ,Miscellaneous Commercial Services
NASDAQ:AIP,AIP,Electronic Technology,NASDAQ,Semiconductors
NASDAQ:SIBN,SIBN,Health Technology,NASDAQ,Medical Specialties
NASDAQ:ADUR,ADUR,Process Industries,NASDAQ,Chemicals: Specialty
NYSE:HZO,HZO,Retail Trade,NYSE,Specialty Stores
NASDAQ:QUIK,QUIK,Electronic Technology,NASDAQ,Semiconductors
NASDAQ:RGNX,RGNX,Health Technology,NASDAQ,Pharmaceuticals: Major
NASDAQ:OVID,OVID,Health Technology,NASDAQ,Pharmaceuticals: Major
NYSE:LAR,LAR,Non-Energy Minerals,NYSE,Other Metals/Minerals
NYSE:UTZ,UTZ,Consumer Non-Durables,NYSE,Food: Specialty/Candy
NASDAQ:CEPO,CEPO,Finance,NASDAQ,Financial Conglomerates
NASDAQ:FRME,FRME,Finance,NASDAQ,Major Banks
NASDAQ:OCFC,OCFC,Finance,NASDAQ,Savings Banks
NASDAQ:CLMB,CLMB,Distribution Services,NASDAQ,Electronics Distributors
NASDAQ:SAFT,SAFT,Finance,NASDAQ,Property/Casualty Insurance
NASDAQ:RCKT,RCKT,Health Technology,NASDAQ,Biotechnology
NYSE:YEXT,YEXT,Technology Services,NYSE,Data Processing Services
NASDAQ:SYRE,SYRE,Health Technology,NASDAQ,Pharmaceuticals: Major
NASDAQ:TIL,TIL,Health Technology,NASDAQ,Biotechnology
NASDAQ:CGBD,CGBD,Miscellaneous,NASDAQ,Investment Trusts/Mutual Funds
NASDAQ:KOPN,KOPN,Electronic Technology,NASDAQ,Semiconductors
NASDAQ:MGTX,MGTX,Health Technology,NASDAQ,Biotechnology
NASDAQ:WOOF,WOOF,Retail Trade,NASDAQ,Internet Retail
NASDAQ:SEPN,SEPN,Health Technology,NASDAQ,Pharmaceuticals: Major
NYSE:MLR,MLR,Consumer Durables,NYSE,Motor Vehicles
NASDAQ:FLGT,FLGT,Health Services,NASDAQ,Medical/Nursing Services
NYSE:CODI,CODI,Finance,NYSE,Investment Managers
NASDAQ:HSTM,HSTM,Technology Services,NASDAQ,Packaged Software
NYSE:TNC,TNC,Producer Manufacturing,NYSE,Industrial Machinery
NASDAQ:AIRE,AIRE,Technology Services,NASDAQ,Packaged Software
NASDAQ:GABC,GABC,Finance,NASDAQ,Regional Banks
NASDAQ:ALNT,ALNT,Producer Manufacturing,NASDAQ,Electrical Products
NASDAQ:EU,EU,Non-Energy Minerals,NASDAQ,Other Metals/Minerals
NYSE:AVBC,AVBC,Finance,NYSE,Savings Banks
NASDAQ:DMLP,DMLP,Miscellaneous,NASDAQ,Investment Trusts/Mutual Funds
NASDAQ:ALLT,ALLT,Electronic Technology,NASDAQ,Computer Communications
AMEX:GNS,GNS,Technology Services,AMEX,Packaged Software
NYSE:TBBB,TBBB,Retail Trade,NYSE,Food Retail
NASDAQ:EMPD,EMPD,Consumer Durables,NASDAQ,Motor Vehicles
NASDAQ:ZYME,ZYME,Health Technology,NASDAQ,Pharmaceuticals: Major
NYSE:OFG,OFG,Finance,NYSE,Major Banks
NASDAQ:NMFC,NMFC,Miscellaneous,NASDAQ,Investment Trusts/Mutual Funds
NASDAQ:PDFS,PDFS,Technology Services,NASDAQ,Information Technology Services
NASDAQ:SRCE,SRCE,Finance,NASDAQ,Regional Banks
NYSE:AGRO,AGRO,Process Industries,NYSE,Agricultural Commodities/Milling
NASDAQ:OSPN,OSPN,Technology Services,NASDAQ,Information Technology Services
NASDAQ:FEIM,FEIM,Electronic Technology,NASDAQ,Telecommunications Equipment
NASDAQ:CRVS,CRVS,Health Technology,NASDAQ,Pharmaceuticals: Major
NASDAQ:THRM,THRM,Producer Manufacturing,NASDAQ,Auto Parts: OEM
AMEX:NAK,NAK,Non-Energy Minerals,AMEX,Other Metals/Minerals
NASDAQ:INKT,INKT,Health Technology,NASDAQ,Biotechnology
NYSE:WNC,WNC,Producer Manufacturing,NYSE,Trucks/Construction/Farm Machinery
NASDAQ:NRDS,NRDS,Technology Services,NASDAQ,Packaged Software
NASDAQ:LKFN,LKFN,Finance,NASDAQ,Regional Banks
NYSE:FG,FG,Finance,NYSE,Multi-Line Insurance
NASDAQ:AMSF,AMSF,Finance,NASDAQ,Property/Casualty Insurance
NYSE:MAX,MAX,Technology Services,NYSE,Information Technology Services
NASDAQ:TH,TH,Consumer Services,NASDAQ,Hotels/Resorts/Cruise lines
NYSE:CLB,CLB,Energy Minerals,NYSE,Oil & Gas Production
NYSE:ZIP,ZIP,Technology Services,NYSE,Internet Software/Services
NASDAQ:QMCO,QMCO,Electronic Technology,NASDAQ,Computer Peripherals
NASDAQ:GDEN,GDEN,Consumer Services,NASDAQ,Movies/Entertainment
NYSE:KOP,KOP,Process Industries,NYSE,Chemicals: Specialty
AMEX:LODE,LODE,Process Industries,AMEX,Chemicals: Specialty
NYSE:STEL,STEL,Finance,NYSE,Major Banks
NYSE:LSPD,LSPD,Technology Services,NYSE,Packaged Software
NYSE:CPF,CPF,Finance,NYSE,Regional Banks
NYSE:REX,REX,Process Industries,NYSE,Chemicals: Specialty
NASDAQ:CLPT,CLPT,Health Technology,NASDAQ,Medical Specialties
NYSE:NOA,NOA,Non-Energy Minerals,NYSE,Other Metals/Minerals
NASDAQ:TMCI,TMCI,Health Technology,NASDAQ,Medical Specialties
NASDAQ:RDVT,RDVT,Technology Services,NASDAQ,Packaged Software
NYSE:MRC,MRC,Distribution Services,NYSE,Wholesale Distributors
NYSE:GSBD,GSBD,Miscellaneous,NYSE,Investment Trusts/Mutual Funds
NASDAQ:MATW,MATW,Producer Manufacturing,NASDAQ,Miscellaneous Manufacturing
NASDAQ:PSNL,PSNL,Health Services,NASDAQ,Medical/Nursing Services
NASDAQ:NEON,NEON,Electronic Technology,NASDAQ,Semiconductors
NASDAQ:QNTM,QNTM,Health Technology,NASDAQ,Biotechnology
NYSE:NPK,NPK,Electronic Technology,NYSE,Aerospace & Defense
NASDAQ:VIR,VIR,Health Technology,NASDAQ,Biotechnology
NYSE:ERO,ERO,Non-Energy Minerals,NYSE,Other Metals/Minerals
NYSE:INVX,INVX,Industrial Services,NYSE,Oilfield Services/Equipment
NYSE:TK,TK,Transportation,NYSE,Marine Shipping
NASDAQ:ATEX,ATEX,Communications,NASDAQ,Wireless Telecommunications
NYSE:NPB,NPB,Finance,NYSE,Regional Banks
NASDAQ:FDUS,FDUS,Miscellaneous,NASDAQ,Investment Trusts/Mutual Funds
NYSE:VET,VET,Energy Minerals,NYSE,Oil & Gas Production
NYSE:PLOW,PLOW,Producer Manufacturing,NYSE,Trucks/Construction/Farm Machinery
NASDAQ:GPAT,GPAT,Finance,NASDAQ,Financial Conglomerates
NASDAQ:HSII,HSII,Commercial Services,NASDAQ,Personnel Services
NASDAQ:XOS,XOS,Consumer Durables,NASDAQ,Motor Vehicles
NASDAQ:AOSL,AOSL,Electronic Technology,NASDAQ,Semiconductors
NASDAQ:XGN,XGN,Health Services,NASDAQ,Medical/Nursing Services
NASDAQ:CFFN,CFFN,Finance,NASDAQ,Savings Banks
NASDAQ:DCTH,DCTH,Health Technology,NASDAQ,Medical Specialties
NYSE:PX,PX,Finance,NYSE,Investment Managers
NASDAQ:EMBC,EMBC,Health Technology,NASDAQ,Medical Specialties
NASDAQ:LXRX,LXRX,Health Technology,NASDAQ,Pharmaceuticals: Major
NASDAQ:MOFG,MOFG,Finance,NASDAQ,Regional Banks
NASDAQ:MVIS,MVIS,Electronic Technology,NASDAQ,Semiconductors
NASDAQ:ADEA,ADEA,Technology Services,NASDAQ,Packaged Software
NYSE:VTOL,VTOL,Transportation,NYSE,Airlines
NASDAQ:AERT,AERT,Technology Services,NASDAQ,Information Technology Services
NASDAQ:BTOG,BTOG,Consumer Non-Durables,NASDAQ,Food: Meat/Fish/Dairy
NASDAQ:VCIG,VCIG,Commercial Services,NASDAQ,Miscellaneous Commercial Services
NASDAQ:DCOM,DCOM,Finance,NASDAQ,Regional Banks
NASDAQ:JBSS,JBSS,Consumer Non-Durables,NASDAQ,Food: Specialty/Candy
NASDAQ:FMBH,FMBH,Finance,NASDAQ,Regional Banks
AMEX:TMP,TMP,Finance,AMEX,Regional Banks
NASDAQ:TRST,TRST,Finance,NASDAQ,Savings Banks
NASDAQ:DHIL,DHIL,Finance,NASDAQ,Investment Managers
NASDAQ:TRNS,TRNS,Electronic Technology,NASDAQ,Electronic Equipment/Instruments
NASDAQ:ORRF,ORRF,Finance,NASDAQ,Regional Banks
NYSE:SKE,SKE,Non-Energy Minerals,NYSE,Precious Metals
NASDAQ:RPAY,RPAY,Commercial Services,NASDAQ,Miscellaneous Commercial Services
NASDAQ:CLFD,CLFD,Electronic Technology,NASDAQ,Telecommunications Equipment
NYSE:RYI,RYI,Non-Energy Minerals,NYSE,Steel
NASDAQ:AIRS,AIRS,Health Technology,NASDAQ,Medical Specialties
AMEX:MYO,MYO,Distribution Services,AMEX,Medical Distributors
NYSE:TEN,TEN,Transportation,NYSE,Marine Shipping
NASDAQ:MRTN,MRTN,Transportation,NASDAQ,Trucking
NASDAQ:CURI,CURI,Consumer Services,NASDAQ,Movies/Entertainment
NASDAQ:RCEL,RCEL,Health Technology,NASDAQ,Medical Specialties
NASDAQ:UFCS,UFCS,Finance,NASDAQ,Property/Casualty Insurance
NASDAQ:RUSHB,RUSHB,Retail Trade,NASDAQ,Specialty Stores
NYSE:ICL,ICL,Process Industries,NYSE,Chemicals: Agricultural
NASDAQ:TBLA,TBLA,Technology Services,NASDAQ,Internet Software/Services
NYSE:CPS,CPS,Producer Manufacturing,NYSE,Auto Parts: OEM
NYSE:SEG,SEG,Consumer Services,NYSE,Movies/Entertainment
NASDAQ:MLKN,MLKN,Producer Manufacturing,NASDAQ,Office Equipment/Supplies
NYSE:CTS,CTS,Electronic Technology,NYSE,Electronic Production Equipment
NYSE:IFS,IFS,Finance,NYSE,Regional Banks
NYSE:DAC,DAC,Transportation,NYSE,Marine Shipping
NASDAQ:CNXN,CNXN,Technology Services,NASDAQ,Information Technology Services
NASDAQ:ERII,ERII,Producer Manufacturing,NASDAQ,Industrial Machinery
NYSE:BOC,BOC,Commercial Services,NYSE,Advertising/Marketing Services
NYSE:RYAM,RYAM,Process Industries,NYSE,Chemicals: Specialty
NYSE:OEC,OEC,Process Industries,NYSE,Chemicals: Specialty
NASDAQ:KELYA,KELYA,Commercial Services,NASDAQ,Personnel Services
NASDAQ:HITI,HITI,Retail Trade,NASDAQ,Specialty Stores
NASDAQ:DNTH,DNTH,Health Technology,NASDAQ,Biotechnology
AMEX:AREN,AREN,Technology Services,AMEX,Internet Software/Services
NASDAQ:GSRT,GSRT,Finance,NASDAQ,Financial Conglomerates
NYSE:CLW,CLW,Process Industries,NYSE,Pulp & Paper
NASDAQ:UNCY,UNCY,Health Technology,NASDAQ,Biotechnology
NASDAQ:MGPI,MGPI,Process Industries,NASDAQ,Agricultural Commodities/Milling
NYSE:FLOC,FLOC,Industrial Services,NYSE,Oilfield Services/Equipment
NYSE:SMWB,SMWB,Technology Services,NYSE,Packaged Software
NASDAQ:CRDL,CRDL,Health Technology,NASDAQ,Biotechnology
NASDAQ:LXEO,LXEO,Health Technology,NASDAQ,Biotechnology
AMEX:CYBN,CYBN,Health Technology,AMEX,Pharmaceuticals: Major
NASDAQ:IBCP,IBCP,Finance,NASDAQ,Regional Banks
NASDAQ:MITK,MITK,Technology Services,NASDAQ,Information Technology Services
NASDAQ:IMMR,IMMR,Electronic Technology,NASDAQ,Computer Peripherals
NASDAQ:APEI,APEI,Consumer Services,NASDAQ,Other Consumer Services
NASDAQ:PROF,PROF,Health Technology,NASDAQ,Medical Specialties
NASDAQ:MSEX,MSEX,Utilities,NASDAQ,Water Utilities
NASDAQ:TWFG,TWFG,Finance,NASDAQ,Insurance Brokers/Services
NYSE:BLX,BLX,Finance,NYSE,Major Banks
NASDAQ:ADTN,ADTN,Electronic Technology,NASDAQ,Computer Peripherals
NASDAQ:HDSN,HDSN,Distribution Services,NASDAQ,Wholesale Distributors
NYSE:GHM,GHM,Producer Manufacturing,NYSE,Industrial Machinery
NASDAQ:CBLL,CBLL,Health Technology,NASDAQ,Medical Specialties
NASDAQ:FOSLL,FOSLL,Consumer Durables,NASDAQ,Other Consumer Specialties
NYSE:SCL,SCL,Process Industries,NYSE,Chemicals: Specialty
NASDAQ:OPRX,OPRX,Technology Services,NASDAQ,Packaged Software
NASDAQ:TPST,TPST,Health Technology,NASDAQ,Pharmaceuticals: Major
NYSE:IIIN,IIIN,Producer Manufacturing,NYSE,Metal Fabrication
AMEX:CTM,CTM,Process Industries,AMEX,Chemicals: Major Diversified
NASDAQ:HOLO,HOLO,Electronic Technology,NASDAQ,Semiconductors
NYSE:GPRK,GPRK,Energy Minerals,NYSE,Oil & Gas Production
NASDAQ:SCHL,SCHL,Consumer Services,NASDAQ,Publishing: Books/Magazines
NASDAQ:LE,LE,Retail Trade,NASDAQ,Apparel/Footwear Retail
NASDAQ:DGICA,DGICA,Finance,NASDAQ,Multi-Line Insurance
NASDAQ:SMXT,SMXT,Industrial Services,NASDAQ,Engineering & Construction
NASDAQ:ACRS,ACRS,Health Technology,NASDAQ,Pharmaceuticals: Major
NYSE:BCSF,BCSF,Finance,NYSE,Financial Conglomerates
NASDAQ:XPEL,XPEL,Consumer Durables,NASDAQ,Automotive Aftermarket
NASDAQ:CYRX,CYRX,Transportation,NASDAQ,Air Freight/Couriers
NYSE:NXDR,NXDR,Technology Services,NYSE,Internet Software/Services
AMEX:GROY,GROY,Non-Energy Minerals,AMEX,Other Metals/Minerals
NASDAQ:VFS,VFS,Consumer Durables,NASDAQ,Motor Vehicles
NASDAQ:STKL,STKL,Consumer Non-Durables,NASDAQ,Food: Specialty/Candy
NYSE:PSFE,PSFE,Commercial Services,NYSE,Miscellaneous Commercial Services
NASDAQ:ONEG,ONEG,Industrial Services,NASDAQ,Engineering & Construction
NYSE:SD,SD,Energy Minerals,NYSE,Oil & Gas Production
NYSE:STEM,STEM,Producer Manufacturing,NYSE,Electrical Products
NASDAQ:CETX,CETX,Electronic Technology,NASDAQ,Electronic Equipment/Instruments
NASDAQ:ALMS,ALMS,Health Technology,NASDAQ,Pharmaceuticals: Major
NASDAQ:ZNTL,ZNTL,Health Technology,NASDAQ,Biotechnology
NASDAQ:GLUE,GLUE,Health Technology,NASDAQ,Biotechnology
NASDAQ:DGII,DGII,Electronic Technology,NASDAQ,Telecommunications Equipment
NYSE:GRC,GRC,Producer Manufacturing,NYSE,Industrial Machinery
NASDAQ:STBA,STBA,Finance,NASDAQ,Regional Banks
NASDAQ:BMRA,BMRA,Health Technology,NASDAQ,Medical Specialties
NYSE:NGL,NGL,Industrial Services,NYSE,Oil & Gas Pipelines
NASDAQ:CWCO,CWCO,Utilities,NASDAQ,Water Utilities
NYSE:EVTL,EVTL,Electronic Technology,NYSE,Aerospace & Defense
NYSE:MTW,MTW,Producer Manufacturing,NYSE,Trucks/Construction/Farm Machinery
NASDAQ:LYTS,LYTS,Producer Manufacturing,NASDAQ,Building Products
NASDAQ:SONN,SONN,Health Technology,NASDAQ,Biotechnology
NASDAQ:DSP,DSP,Technology Services,NASDAQ,Packaged Software
NYSE:CSV,CSV,Consumer Services,NYSE,Other Consumer Services
NASDAQ:RDWR,RDWR,Electronic Technology,NASDAQ,Computer Communications
NASDAQ:IMRX,IMRX,Health Technology,NASDAQ,Pharmaceuticals: Major
NYSE:GNE,GNE,Utilities,NYSE,Electric Utilities
NASDAQ:FBIO,FBIO,Health Technology,NASDAQ,Pharmaceuticals: Major
NASDAQ:IHRT,IHRT,Consumer Services,NASDAQ,Broadcasting
AMEX:MCRP,MCRP,Producer Manufacturing,AMEX,Industrial Machinery
NASDAQ:IRBT,IRBT,Consumer Durables,NASDAQ,Electronics/Appliances
NASDAQ:DUOT,DUOT,Technology Services,NASDAQ,Packaged Software
NYSE:MSIF,MSIF,Miscellaneous,NYSE,Investment Trusts/Mutual Funds
NASDAQ:TECX,TECX,Commercial Services,NASDAQ,Miscellaneous Commercial Services
NYSE:BWLP,BWLP,Transportation,NYSE,Marine Shipping
NASDAQ:SPFI,SPFI,Finance,NASDAQ,Regional Banks
NYSE:GRNT,GRNT,Energy Minerals,NYSE,Oil & Gas Production
NASDAQ:PAL,PAL,Transportation,NASDAQ,Trucking
NASDAQ:HPK,HPK,Energy Minerals,NASDAQ,Oil & Gas Production
NYSE:SCM,SCM,Miscellaneous,NYSE,Investment Trusts/Mutual Funds
NASDAQ:RAPT,RAPT,Health Technology,NASDAQ,Pharmaceuticals: Major
NASDAQ:HAFC,HAFC,Finance,NASDAQ,Regional Banks
NASDAQ:YORW,YORW,Utilities,NASDAQ,Water Utilities
NYSE:OBK,OBK,Finance,NYSE,Regional Banks
NASDAQ:AEBI,AEBI,Consumer Durables,NASDAQ,Motor Vehicles
NASDAQ:HYPD,HYPD,Health Technology,NASDAQ,Pharmaceuticals: Major
NASDAQ:ABVE,ABVE,Consumer Non-Durables,NASDAQ,Food: Major Diversified
NASDAQ:GOSS,GOSS,Health Technology,NASDAQ,Pharmaceuticals: Major
NYSE:KRO,KRO,Process Industries,NYSE,Chemicals: Specialty
NASDAQ:CRCT,CRCT,Distribution Services,NASDAQ,Wholesale Distributors
NASDAQ:DCBO,DCBO,Technology Services,NASDAQ,Packaged Software
NASDAQ:LPSN,LPSN,Technology Services,NASDAQ,Packaged Software
NASDAQ:PAYS,PAYS,Commercial Services,NASDAQ,Miscellaneous Commercial Services
NASDAQ:SYBT,SYBT,Finance,NASDAQ,Regional Banks
NASDAQ:HFWA,HFWA,Finance,NASDAQ,Regional Banks
NASDAQ:SPOK,SPOK,Communications,NASDAQ,Wireless Telecommunications
NASDAQ:ESOA,ESOA,Industrial Services,NASDAQ,Engineering & Construction
NASDAQ:EMPG,EMPG,Distribution Services,NASDAQ,Medical Distributors
NASDAQ:NATH,NATH,Consumer Services,NASDAQ,Restaurants
NASDAQ:VMEO,VMEO,Technology Services,NASDAQ,Internet Software/Services
NASDAQ:CRAQ,CRAQ,Finance,NASDAQ,Financial Conglomerates
NASDAQ:MIMI,MIMI,Commercial Services,NASDAQ,Miscellaneous Commercial Services
NYSE:FOR,FOR,Finance,NYSE,Real Estate Development
NASDAQ:ASLE,ASLE,Distribution Services,NASDAQ,Wholesale Distributors
NASDAQ:FWONA,FWONA,Technology Services,NASDAQ,Internet Software/Services
NYSE:OPAD,OPAD,Technology Services,NYSE,Internet Software/Services
NASDAQ:CGEM,CGEM,Health Technology,NASDAQ,Pharmaceuticals: Major
NASDAQ:PRAA,PRAA,Commercial Services,NASDAQ,Miscellaneous Commercial Services
NYSE:PSBD,PSBD,Miscellaneous,NYSE,Investment Trusts/Mutual Funds
NASDAQ:NKTX,NKTX,Health Technology,NASDAQ,Biotechnology
NASDAQ:SIGA,SIGA,Health Technology,NASDAQ,Pharmaceuticals: Major
NASDAQ:RRGB,RRGB,Consumer Services,NASDAQ,Restaurants
NASDAQ:KRT,KRT,Process Industries,NASDAQ,Containers/Packaging
NASDAQ:GLIBA,GLIBA,Technology Services,NASDAQ,Data Processing Services
NASDAQ:APOG,APOG,Producer Manufacturing,NASDAQ,Building Products
NASDAQ:TASK,TASK,Commercial Services,NASDAQ,Miscellaneous Commercial Services
NASDAQ:OPRT,OPRT,Finance,NASDAQ,Finance/Rental/Leasing
AMEX:KAPA,KAPA,Health Technology,AMEX,Pharmaceuticals: Major
NASDAQ:ATXS,ATXS,Health Technology,NASDAQ,Pharmaceuticals: Major
NASDAQ:PRPL,PRPL,Consumer Durables,NASDAQ,Home Furnishings
NASDAQ:TAYD,TAYD,Producer Manufacturing,NASDAQ,Industrial Machinery
NASDAQ:PHVS,PHVS,Health Technology,NASDAQ,Pharmaceuticals: Major
NASDAQ:XNCR,XNCR,Health Technology,NASDAQ,Biotechnology
NASDAQ:SHEN,SHEN,Communications,NASDAQ,Major Telecommunications
NASDAQ:AMCX,AMCX,Consumer Services,NASDAQ,Cable/Satellite TV
NASDAQ:OXSQ,OXSQ,Miscellaneous,NASDAQ,Investment Trusts/Mutual Funds
NYSE:INR,INR,Energy Minerals,NYSE,Integrated Oil
NASDAQ:TMUSZ,TMUSZ,Communications,NASDAQ,Wireless Telecommunications
NYSE:ODC,ODC,Process Industries,NYSE,Chemicals: Agricultural
NASDAQ:SCVL,SCVL,Retail Trade,NASDAQ,Apparel/Footwear Retail
NASDAQ:STTK,STTK,Health Technology,NASDAQ,Biotechnology
NASDAQ:ASTL,ASTL,Producer Manufacturing,NASDAQ,Metal Fabrication
NASDAQ:CASS,CASS,Commercial Services,NASDAQ,Miscellaneous Commercial Services
NYSE:BW,BW,Electronic Technology,NYSE,Electronic Equipment/Instruments
NASDAQ:BHRB,BHRB,Finance,NASDAQ,Regional Banks
NASDAQ:ORGO,ORGO,Health Technology,NASDAQ,Medical Specialties
NYSE:SMC,SMC,Industrial Services,NYSE,Oil & Gas Pipelines
NASDAQ:ICU,ICU,Health Technology,NASDAQ,Medical Specialties
NYSE:BKV,BKV,Energy Minerals,NYSE,Integrated Oil
NASDAQ:KLTO,KLTO,Commercial Services,NASDAQ,Miscellaneous Commercial Services
NASDAQ:VREX,VREX,Health Technology,NASDAQ,Medical Specialties
NYSE:AMBP,AMBP,Process Industries,NYSE,Containers/Packaging
NASDAQ:BLZE,BLZE,Electronic Technology,NASDAQ,Computer Peripherals
NASDAQ:HIT,HIT,Technology Services,NASDAQ,Information Technology Services
NYSE:GIC,GIC,Retail Trade,NYSE,Internet Retail
NASDAQ:GILT,GILT,Electronic Technology,NASDAQ,Telecommunications Equipment
NASDAQ:OYSE,OYSE,Finance,NASDAQ,Financial Conglomerates
NASDAQ:TIPT,TIPT,Finance,NASDAQ,Specialty Insurance
NASDAQ:TCBK,TCBK,Finance,NASDAQ,Regional Banks
NASDAQ:FNWD,FNWD,Finance,NASDAQ,Savings Banks
NASDAQ:MCW,MCW,Consumer Services,NASDAQ,Other Consumer Services
NASDAQ:DRUG,DRUG,Health Technology,NASDAQ,Biotechnology
NASDAQ:SLP,SLP,Technology Services,NASDAQ,Packaged Software
NYSE:ACEL,ACEL,Consumer Services,NYSE,Movies/Entertainment
NASDAQ:ATMV,ATMV,Finance,NASDAQ,Financial Conglomerates
NYSE:MTUS,MTUS,Non-Energy Minerals,NYSE,Steel
NYSE:HLLY,HLLY,Producer Manufacturing,NYSE,Auto Parts: OEM
NASDAQ:MBIN,MBIN,Finance,NASDAQ,Regional Banks
AMEX:DC,DC,Non-Energy Minerals,AMEX,Precious Metals
NYSE:MH,MH,Commercial Services,NYSE,Miscellaneous Commercial Services
NASDAQ:TTGT,TTGT,Technology Services,NASDAQ,Data Processing Services
NASDAQ:TBCH,TBCH,Consumer Durables,NASDAQ,Electronics/Appliances
NYSE:CHGG,CHGG,Commercial Services,NYSE,Miscellaneous Commercial Services
NASDAQ:ALDX,ALDX,Health Technology,NASDAQ,Biotechnology
NYSE:RMAX,RMAX,Finance,NYSE,Real Estate Development
NYSE:UAN,UAN,Process Industries,NYSE,Chemicals: Agricultural
NYSE:MOV,MOV,Consumer Durables,NYSE,Other Consumer Specialties
NYSE:BBUC,BBUC,Industrial Services,NYSE,Engineering & Construction
NYSE:JILL,JILL,Retail Trade,NYSE,Apparel/Footwear Retail
NASDAQ:HRTX,HRTX,Health Technology,NASDAQ,Biotechnology
NASDAQ:AGEN,AGEN,Health Technology,NASDAQ,Biotechnology
NASDAQ:RMNI,RMNI,Technology Services,NASDAQ,Information Technology Services
NASDAQ:HCAT,HCAT,Technology Services,NASDAQ,Packaged Software
NASDAQ:NRIM,NRIM,Finance,NASDAQ,Regional Banks
NASDAQ:DAAQ,DAAQ,Finance,NASDAQ,Financial Conglomerates
NASDAQ:SPRO,SPRO,Health Technology,NASDAQ,Biotechnology
NASDAQ:OLMA,OLMA,Health Technology,NASDAQ,Pharmaceuticals: Major
NASDAQ:NGNE,NGNE,Health Technology,NASDAQ,Biotechnology
NYSE:EMA,EMA,Utilities,NYSE,Electric Utilities
AMEX:NHC,NHC,Health Services,AMEX,Hospital/Nursing Management
NASDAQ:PRTH,PRTH,Technology Services,NASDAQ,Packaged Software
AMEX:REPX,REPX,Energy Minerals,AMEX,Integrated Oil
NYSE:IPI,IPI,Non-Energy Minerals,NYSE,Other Metals/Minerals
NASDAQ:RZLT,RZLT,Health Technology,NASDAQ,Pharmaceuticals: Major
NYSE:DBI,DBI,Retail Trade,NYSE,Apparel/Footwear Retail
NASDAQ:IVP,IVP,Process Industries,NASDAQ,Agricultural Commodities/Milling
NASDAQ:CLYM,CLYM,Health Technology,NASDAQ,Biotechnology
NASDAQ:RHLD,RHLD,Commercial Services,NASDAQ,Miscellaneous Commercial Services
NYSE:FET,FET,Industrial Services,NYSE,Oilfield Services/Equipment
NASDAQ:KRNT,KRNT,Process Industries,NASDAQ,Chemicals: Specialty
NASDAQ:VABK,VABK,Finance,NASDAQ,Regional Banks
NASDAQ:TAOX,TAOX,Technology Services,NASDAQ,Packaged Software
NASDAQ:CCCC,CCCC,Health Technology,NASDAQ,Biotechnology
NASDAQ:ALCO,ALCO,Process Industries,NASDAQ,Agricultural Commodities/Milling
NYSE:VPG,VPG,Electronic Technology,NYSE,Electronic Components
NASDAQ:HOND,HOND,Finance,NASDAQ,Financial Conglomerates
NASDAQ:OMDA,OMDA,Technology Services,NASDAQ,Internet Software/Services
NYSE:DKL,DKL,Industrial Services,NYSE,Oil & Gas Pipelines
NYSE:SDHC,SDHC,Consumer Durables,NYSE,Homebuilding
NASDAQ:NBBK,NBBK,Finance,NASDAQ,Regional Banks
NYSE:UVE,UVE,Finance,NYSE,Property/Casualty Insurance
NASDAQ:IMTX,IMTX,Health Technology,NASDAQ,Biotechnology
NASDAQ:CVGW,CVGW,Process Industries,NASDAQ,Agricultural Commodities/Milling
NASDAQ:MPB,MPB,Finance,NASDAQ,Regional Banks
NASDAQ:PERI,PERI,Technology Services,NASDAQ,Internet Software/Services
NASDAQ:CRDF,CRDF,Health Technology,NASDAQ,Medical Specialties
NYSE:GRDN,GRDN,Retail Trade,NYSE,Drugstore Chains
NYSE:NVGS,NVGS,Transportation,NYSE,Marine Shipping
NASDAQ:CMRC,CMRC,Technology Services,NASDAQ,Packaged Software
NASDAQ:CTKB,CTKB,Health Technology,NASDAQ,Medical Specialties
NASDAQ:OP,OP,Transportation,NASDAQ,Marine Shipping
NASDAQ:CABA,CABA,Health Technology,NASDAQ,Biotechnology
NASDAQ:YYGH,YYGH,Commercial Services,NASDAQ,Miscellaneous Commercial Services
NASDAQ:BATRA,BATRA,Consumer Services,NASDAQ,Movies/Entertainment
NASDAQ:BDTX,BDTX,Health Technology,NASDAQ,Biotechnology
NASDAQ:TRML,TRML,Health Technology,NASDAQ,Biotechnology
NASDAQ:MDWD,MDWD,Health Technology,NASDAQ,Pharmaceuticals: Major
NASDAQ:FATE,FATE,Health Technology,NASDAQ,Biotechnology
NYSE:XPER,XPER,Technology Services,NYSE,Packaged Software
NASDAQ:SPWR,SPWR,Industrial Services,NASDAQ,Engineering & Construction
NASDAQ:VYGR,VYGR,Health Technology,NASDAQ,Biotechnology
NASDAQ:BLNK,BLNK,Consumer Services,NASDAQ,Other Consumer Services
NASDAQ:CRBU,CRBU,Health Technology,NASDAQ,Biotechnology
NASDAQ:ACOG,ACOG,Finance,NASDAQ,Financial Conglomerates
NYSE:LDI,LDI,Finance,NYSE,Finance/Rental/Leasing
NYSE:HTB,HTB,Finance,NYSE,Regional Banks
NASDAQ:CHSN,CHSN,Consumer Non-Durables,NASDAQ,Food: Specialty/Candy
NYSE:GLP,GLP,Distribution Services,NYSE,Wholesale Distributors
NASDAQ:TCPC,TCPC,Finance,NASDAQ,Financial Conglomerates
NASDAQ:UVSP,UVSP,Finance,NASDAQ,Regional Banks
NASDAQ:MLGO,MLGO,Technology Services,NASDAQ,Packaged Software
NASDAQ:KRRO,KRRO,Health Technology,NASDAQ,Pharmaceuticals: Major
NYSE:ASIX,ASIX,Process Industries,NYSE,Chemicals: Specialty
NASDAQ:OSS,OSS,Electronic Technology,NASDAQ,Computer Processing Hardware
NASDAQ:GLAD,GLAD,Miscellaneous,NASDAQ,Investment Trusts/Mutual Funds
NASDAQ:RGC,RGC,Health Technology,NASDAQ,Pharmaceuticals: Major
NASDAQ:FLWS,FLWS,Retail Trade,NASDAQ,Internet Retail
NASDAQ:GSBC,GSBC,Finance,NASDAQ,Regional Banks
NASDAQ:RWAY,RWAY,Finance,NASDAQ,Finance/Rental/Leasing
NASDAQ:ARAY,ARAY,Health Technology,NASDAQ,Medical Specialties
NYSE:MAGN,MAGN,Process Industries,NYSE,Textiles
NYSE:MMI,MMI,Finance,NYSE,Real Estate Development
NASDAQ:MBWM,MBWM,Finance,NASDAQ,Regional Banks
NASDAQ:OM,OM,Health Technology,NASDAQ,Medical Specialties
NASDAQ:IRMD,IRMD,Health Technology,NASDAQ,Medical Specialties
NASDAQ:PLRX,PLRX,Health Technology,NASDAQ,Biotechnology
NYSE:GES,GES,Consumer Non-Durables,NYSE,Apparel/Footwear
NYSE:MCS,MCS,Consumer Services,NYSE,Movies/Entertainment
NYSE:FOA,FOA,Finance,NYSE,Finance/Rental/Leasing
NYSE:PSQH,PSQH,Retail Trade,NYSE,Department Stores
NASDAQ:AMAL,AMAL,Finance,NASDAQ,Regional Banks
NASDAQ:XTIA,XTIA,Technology Services,NASDAQ,Information Technology Services
NASDAQ:SKIN,SKIN,Health Technology,NASDAQ,Medical Specialties
NASDAQ:FCBC,FCBC,Finance,NASDAQ,Regional Banks
NASDAQ:CRE,CRE,Commercial Services,NASDAQ,Commercial Printing/Forms
NASDAQ:INBX,INBX,Health Technology,NASDAQ,Biotechnology
NASDAQ:ABUS,ABUS,Health Technology,NASDAQ,Pharmaceuticals: Major
NASDAQ:AISP,AISP,Technology Services,NASDAQ,Packaged Software
NASDAQ:SLS,SLS,Health Technology,NASDAQ,Pharmaceuticals: Major
NASDAQ:CNDT,CNDT,Commercial Services,NASDAQ,Miscellaneous Commercial Services
NASDAQ:HURA,HURA,Health Technology,NASDAQ,Biotechnology
NYSE:EGY,EGY,Energy Minerals,NYSE,Integrated Oil
NYSE:MED,MED,Commercial Services,NYSE,Miscellaneous Commercial Services
NASDAQ:TFSL,TFSL,Finance,NASDAQ,Savings Banks
NYSE:EB,EB,Technology Services,NYSE,Packaged Software
NASDAQ:HIND,HIND,Health Technology,NASDAQ,Medical Specialties
NASDAQ:TYRA,TYRA,Health Technology,NASDAQ,Biotechnology
NASDAQ:NVNI,NVNI,Technology Services,NASDAQ,Packaged Software
NASDAQ:CRMT,CRMT,Retail Trade,NASDAQ,Specialty Stores
NYSE:TWI,TWI,Producer Manufacturing,NYSE,Auto Parts: OEM
NASDAQ:FFIC,FFIC,Finance,NASDAQ,Regional Banks
NASDAQ:CMCO,CMCO,Producer Manufacturing,NASDAQ,Trucks/Construction/Farm Machinery
NASDAQ:HTBK,HTBK,Finance,NASDAQ,Regional Banks
NYSE:NMM,NMM,Transportation,NYSE,Marine Shipping
NYSE:NGS,NGS,Producer Manufacturing,NYSE,Industrial Machinery
NYSE:CMBT,CMBT,Transportation,NYSE,Marine Shipping
NASDAQ:ECX,ECX,Technology Services,NASDAQ,Packaged Software
NASDAQ:ANGO,ANGO,Health Technology,NASDAQ,Medical Specialties
NASDAQ:GHRS,GHRS,Health Technology,NASDAQ,Pharmaceuticals: Major
NYSE:CVEO,CVEO,Consumer Services,NYSE,Hotels/Resorts/Cruise lines
NASDAQ:EVCM,EVCM,Technology Services,NASDAQ,Packaged Software
AMEX:INFU,INFU,Commercial Services,AMEX,Miscellaneous Commercial Services
NYSE:BNED,BNED,Retail Trade,NYSE,Specialty Stores
NASDAQ:OSBC,OSBC,Finance,NASDAQ,Major Banks
NASDAQ:VTYX,VTYX,Health Technology,NASDAQ,Biotechnology
NYSE:MYE,MYE,Producer Manufacturing,NYSE,Miscellaneous Manufacturing
NYSE:SLQT,SLQT,Finance,NYSE,Multi-Line Insurance
NASDAQ:ZBIO,ZBIO,Health Technology,NASDAQ,Biotechnology
NASDAQ:PPCB,PPCB,Health Technology,NASDAQ,Biotechnology
NYSE:CION,CION,Miscellaneous,NYSE,Investment Trusts/Mutual Funds
NASDAQ:CCSI,CCSI,Technology Services,NASDAQ,Packaged Software
NASDAQ:DOMH,DOMH,Finance,NASDAQ,Investment Banks/Brokers
NASDAQ:FGNX,FGNX,Finance,NASDAQ,Property/Casualty Insurance
NASDAQ:IQST,IQST,Communications,NASDAQ,Specialty Telecommunications
NASDAQ:ORKA,ORKA,Health Technology,NASDAQ,Pharmaceuticals: Major
NASDAQ:DHAI,DHAI,Health Technology,NASDAQ,Medical Specialties
NASDAQ:AUGO,AUGO,Non-Energy Minerals,NASDAQ,Precious Metals
NYSE:SMBK,SMBK,Finance,NYSE,Regional Banks
NASDAQ:NEWT,NEWT,Finance,NASDAQ,Finance/Rental/Leasing
NYSE:QUAD,QUAD,Commercial Services,NYSE,Commercial Printing/Forms
NYSE:EHAB,EHAB,Health Services,NYSE,Medical/Nursing Services
NYSE:PKE,PKE,Electronic Technology,NYSE,Aerospace & Defense
NASDAQ:CYN,CYN,Technology Services,NASDAQ,Packaged Software
NASDAQ:CLRB,CLRB,Health Technology,NASDAQ,Pharmaceuticals: Major
NASDAQ:ASMB,ASMB,Health Technology,NASDAQ,Pharmaceuticals: Major
NASDAQ:NRXP,NRXP,Health Technology,NASDAQ,Pharmaceuticals: Major
AMEX:SEB,SEB,Process Industries,AMEX,Agricultural Commodities/Milling
NASDAQ:RAIL,RAIL,Producer Manufacturing,NASDAQ,Trucks/Construction/Farm Machinery
NASDAQ:AMTX,AMTX,Process Industries,NASDAQ,Chemicals: Specialty
NYSE:UZE,UZE,Communications,NYSE,Wireless Telecommunications
NASDAQ:CCBG,CCBG,Finance,NASDAQ,Regional Banks
NASDAQ:IVF,IVF,Health Services,NASDAQ,Medical/Nursing Services
NYSE:GCO,GCO,Retail Trade,NYSE,Apparel/Footwear Retail
NASDAQ:ACNT,ACNT,Non-Energy Minerals,NASDAQ,Steel
NASDAQ:ITRN,ITRN,Communications,NASDAQ,Specialty Telecommunications
NYSE:ODV,ODV,Non-Energy Minerals,NYSE,Precious Metals
NASDAQ:MRVI,MRVI,Health Technology,NASDAQ,Biotechnology
AMEX:URG,URG,Non-Energy Minerals,AMEX,Other Metals/Minerals
NASDAQ:ECDA,ECDA,Producer Manufacturing,NASDAQ,Auto Parts: OEM
NASDAQ:CCAP,CCAP,Finance,NASDAQ,Investment Managers
NASDAQ:SLRC,SLRC,Miscellaneous,NASDAQ,Investment Trusts/Mutual Funds
NASDAQ:FULC,FULC,Health Technology,NASDAQ,Pharmaceuticals: Major
NASDAQ:PLCE,PLCE,Retail Trade,NASDAQ,Apparel/Footwear Retail
NASDAQ:REKR,REKR,Commercial Services,NASDAQ,Miscellaneous Commercial Services
NASDAQ:MCFT,MCFT,Consumer Durables,NASDAQ,Recreational Products
AMEX:SENS,SENS,Electronic Technology,AMEX,Electronic Components
NASDAQ:SMBC,SMBC,Finance,NASDAQ,Savings Banks
AMEX:HYLN,HYLN,Producer Manufacturing,AMEX,Auto Parts: OEM
NYSE:RSKD,RSKD,Technology Services,NYSE,Packaged Software
NASDAQ:NESR,NESR,Industrial Services,NASDAQ,Oilfield Services/Equipment
NYSE:PACK,PACK,Process Industries,NYSE,Containers/Packaging
NYSE:GETY,GETY,Technology Services,NYSE,Internet Software/Services
NASDAQ:THFF,THFF,Finance,NASDAQ,Major Banks
NASDAQ:VYNE,VYNE,Health Technology,NASDAQ,Pharmaceuticals: Major
NASDAQ:NWPX,NWPX,Non-Energy Minerals,NASDAQ,Construction Materials
NASDAQ:SPWH,SPWH,Retail Trade,NASDAQ,Specialty Stores
NASDAQ:CCCX,CCCX,Finance,NASDAQ,Financial Conglomerates
NASDAQ:VVOS,VVOS,Health Technology,NASDAQ,Medical Specialties
NASDAQ:KPRX,KPRX,Health Technology,NASDAQ,Pharmaceuticals: Major
NYSE:NRGV,NRGV,Producer Manufacturing,NYSE,Electrical Products
NASDAQ:VEEA,VEEA,Technology Services,NASDAQ,Packaged Software
NASDAQ:QSEA,QSEA,Finance,NASDAQ,Financial Conglomerates
NASDAQ:UNTY,UNTY,Finance,NASDAQ,Regional Banks
NASDAQ:GEOS,GEOS,Industrial Services,NASDAQ,Oilfield Services/Equipment
NYSE:TBI,TBI,Commercial Services,NYSE,Personnel Services
NYSE:OIS,OIS,Industrial Services,NYSE,Oilfield Services/Equipment
NYSE:ECO,ECO,Transportation,NYSE,Marine Shipping
NASDAQ:CRVO,CRVO,Commercial Services,NASDAQ,Miscellaneous Commercial Services
NYSE:USNA,USNA,Health Technology,NYSE,Pharmaceuticals: Other
NYSE:CTOS,CTOS,Finance,NYSE,Finance/Rental/Leasing
AMEX:CATX,CATX,Health Technology,AMEX,Medical Specialties
NASDAQ:WASH,WASH,Finance,NASDAQ,Regional Banks
NASDAQ:YHC,YHC,Commercial Services,NASDAQ,Advertising/Marketing Services
AMEX:USBC,USBC,Electronic Technology,AMEX,Electronic Equipment/Instruments
AMEX:CMCL,CMCL,Non-Energy Minerals,AMEX,Precious Metals
NASDAQ:ACIC,ACIC,Finance,NASDAQ,Property/Casualty Insurance
NASDAQ:PRPH,PRPH,Health Technology,NASDAQ,Pharmaceuticals: Other
NASDAQ:TBRG,TBRG,Health Services,NASDAQ,Managed Health Care
NYSE:ZGN,ZGN,Consumer Non-Durables,NYSE,Apparel/Footwear
NYSE:BBDC,BBDC,Miscellaneous,NYSE,Investment Trusts/Mutual Funds
NYSE:FFWM,FFWM,Finance,NYSE,Regional Banks
NASDAQ:HBNC,HBNC,Finance,NASDAQ,Regional Banks
NASDAQ:BCAX,BCAX,Health Technology,NASDAQ,Pharmaceuticals: Major
NASDAQ:JAKK,JAKK,Consumer Durables,NASDAQ,Recreational Products
NYSE:FPH,FPH,Finance,NYSE,Real Estate Development
NASDAQ:ELDN,ELDN,Health Technology,NASDAQ,Pharmaceuticals: Major
NYSE:CQP,CQP,Utilities,NYSE,Gas Distributors
NYSE:TIXT,TIXT,Technology Services,NYSE,Information Technology Services
NYSE:SBSI,SBSI,Finance,NYSE,Regional Banks
NYSE:MNR,MNR,Energy Minerals,NYSE,Integrated Oil
NASDAQ:ATLC,ATLC,Finance,NASDAQ,Finance/Rental/Leasing
NASDAQ:NVEC,NVEC,Electronic Technology,NASDAQ,Semiconductors
NASDAQ:ARKO,ARKO,Retail Trade,NASDAQ,Food Retail
NASDAQ:JEM,JEM,Distribution Services,NASDAQ,Wholesale Distributors
NASDAQ:ATLX,ATLX,Non-Energy Minerals,NASDAQ,Other Metals/Minerals
NASDAQ:PKOH,PKOH,Producer Manufacturing,NASDAQ,Metal Fabrication
NYSE:IHS,IHS,Industrial Services,NYSE,Engineering & Construction
NYSE:ORN,ORN,Industrial Services,NYSE,Engineering & Construction
NASDAQ:RBCAA,RBCAA,Finance,NASDAQ,Regional Banks
NASDAQ:IGIC,IGIC,Finance,NASDAQ,Financial Conglomerates
NYSE:BWSN,BWSN,Electronic Technology,NYSE,Electronic Equipment/Instruments
NASDAQ:CVRX,CVRX,Health Technology,NASDAQ,Medical Specialties
NASDAQ:BRY,BRY,Energy Minerals,NASDAQ,Oil & Gas Production
NASDAQ:WEST,WEST,Consumer Non-Durables,NASDAQ,Food: Specialty/Candy
NASDAQ:TCMD,TCMD,Health Technology,NASDAQ,Medical Specialties
NASDAQ:ACHV,ACHV,Health Technology,NASDAQ,Pharmaceuticals: Major
NYSE:UZF,UZF,Communications,NYSE,Wireless Telecommunications
NASDAQ:SIDU,SIDU,Electronic Technology,NASDAQ,Telecommunications Equipment
NASDAQ:CCRN,CCRN,Commercial Services,NASDAQ,Personnel Services
NASDAQ:BAND,BAND,Technology Services,NASDAQ,Packaged Software
NASDAQ:RAYA,RAYA,Producer Manufacturing,NASDAQ,Electrical Products
NASDAQ:MDXG,MDXG,Health Technology,NASDAQ,Medical Specialties
AMEX:VGZ,VGZ,Non-Energy Minerals,AMEX,Precious Metals
NASDAQ:RNXT,RNXT,Health Technology,NASDAQ,Pharmaceuticals: Major
AMEX:ELMD,ELMD,Health Technology,AMEX,Medical Specialties
NASDAQ:CHRS,CHRS,Health Technology,NASDAQ,Pharmaceuticals: Major
NASDAQ:JBIO,JBIO,Health Technology,NASDAQ,Biotechnology
NASDAQ:AUID,AUID,Electronic Technology,NASDAQ,Semiconductors
NASDAQ:COEP,COEP,Health Technology,NASDAQ,Biotechnology
NASDAQ:HYMC,HYMC,Non-Energy Minerals,NASDAQ,Precious Metals
NYSE:UZD,UZD,Communications,NYSE,Wireless Telecommunications
NASDAQ:BHFAM,BHFAM,Finance,NASDAQ,Life/Health Insurance
NASDAQ:NUKK,NUKK,Commercial Services,NASDAQ,Advertising/Marketing Services
NASDAQ:ARQ,ARQ,Process Industries,NASDAQ,Chemicals: Major Diversified
NASDAQ:DSGR,DSGR,Distribution Services,NASDAQ,Wholesale Distributors
NYSE:AHL,AHL,Finance,NYSE,Multi-Line Insurance
NASDAQ:MSBI,MSBI,Finance,NASDAQ,Regional Banks
NYSE:HY,HY,Producer Manufacturing,NYSE,Industrial Machinery
NASDAQ:QTRX,QTRX,Health Technology,NASDAQ,Medical Specialties
AMEX:SIF,SIF,Electronic Technology,AMEX,Aerospace & Defense
NASDAQ:MIST,MIST,Health Technology,NASDAQ,Pharmaceuticals: Major
NASDAQ:NYXH,NYXH,Health Technology,NASDAQ,Medical Specialties
NASDAQ:MIND,MIND,Industrial Services,NASDAQ,Oilfield Services/Equipment
NASDAQ:MAPS,MAPS,Technology Services,NASDAQ,Internet Software/Services
NASDAQ:GSIT,GSIT,Electronic Technology,NASDAQ,Semiconductors
AMEX:USAS,USAS,Non-Energy Minerals,AMEX,Other Metals/Minerals
NYSE:CAPL,CAPL,Distribution Services,NYSE,Wholesale Distributors
NASDAQ:INTS,INTS,Health Technology,NASDAQ,Biotechnology
NASDAQ:ATRA,ATRA,Health Technology,NASDAQ,Pharmaceuticals: Major
NYSE:ONIT,ONIT,Finance,NYSE,Finance/Rental/Leasing
NASDAQ:AFYA,AFYA,Consumer Services,NASDAQ,Other Consumer Services
NASDAQ:NPCE,NPCE,Health Technology,NASDAQ,Medical Specialties
NASDAQ:PBPB,PBPB,Consumer Services,NASDAQ,Restaurants
NASDAQ:SAVA,SAVA,Health Technology,NASDAQ,Biotechnology
NASDAQ:STRO,STRO,Health Technology,NASDAQ,Pharmaceuticals: Major
NASDAQ:SSP,SSP,Consumer Services,NASDAQ,Broadcasting
NASDAQ:BVS,BVS,Health Technology,NASDAQ,Medical Specialties
NYSE:EBF,EBF,Commercial Services,NYSE,Commercial Printing/Forms
NASDAQ:INV,INV,Miscellaneous,NASDAQ,Miscellaneous
NYSE:AEFC,AEFC,Finance,NYSE,Finance/Rental/Leasing
NASDAQ:BOOM,BOOM,Industrial Services,NASDAQ,Oilfield Services/Equipment
NASDAQ:IBEX,IBEX,Commercial Services,NASDAQ,Advertising/Marketing Services
NASDAQ:CRNT,CRNT,Electronic Technology,NASDAQ,Telecommunications Equipment
NYSE:GNTY,GNTY,Finance,NYSE,Regional Banks
NASDAQ:BHFAP,BHFAP,Finance,NASDAQ,Life/Health Insurance
NASDAQ:MTRX,MTRX,Industrial Services,NASDAQ,Engineering & Construction
NASDAQ:LITM,LITM,Process Industries,NASDAQ,Chemicals: Agricultural
NASDAQ:RAPP,RAPP,Health Technology,NASDAQ,Biotechnology
NASDAQ:RBBN,RBBN,Technology Services,NASDAQ,Packaged Software
NYSE:AIZN,AIZN,Finance,NYSE,Property/Casualty Insurance
NASDAQ:BMRC,BMRC,Finance,NASDAQ,Regional Banks
NASDAQ:INMB,INMB,Health Technology,NASDAQ,Biotechnology
NASDAQ:LNZA,LNZA,Industrial Services,NASDAQ,Engineering & Construction
NYSE:ADCT,ADCT,Health Technology,NYSE,Pharmaceuticals: Major
NYSE:TRC,TRC,Finance,NYSE,Real Estate Development
NASDAQ:OPK,OPK,Health Services,NASDAQ,Medical/Nursing Services
NYSE:TPVG,TPVG,Miscellaneous,NYSE,Investment Trusts/Mutual Funds
NASDAQ:HONE,HONE,Finance,NASDAQ,Regional Banks
NASDAQ:VMD,VMD,Health Services,NASDAQ,Hospital/Nursing Management
NASDAQ:CDZI,CDZI,Finance,NASDAQ,Real Estate Development
NASDAQ:LWLG,LWLG,Process Industries,NASDAQ,Chemicals: Specialty
NASDAQ:TITN,TITN,Distribution Services,NASDAQ,Wholesale Distributors
NASDAQ:XOMA,XOMA,Health Technology,NASDAQ,Pharmaceuticals: Major
NYSE:SB,SB,Transportation,NYSE,Marine Shipping
NYSE:ZVIA,ZVIA,Consumer Non-Durables,NYSE,Beverages: Non-Alcoholic
AMEX:CTGO,CTGO,Non-Energy Minerals,AMEX,Precious Metals
NYSE:PDS,PDS,Industrial Services,NYSE,Contract Drilling
NASDAQ:DERM,DERM,Health Technology,NASDAQ,Pharmaceuticals: Major
NASDAQ:LUNG,LUNG,Health Technology,NASDAQ,Medical Specialties
NASDAQ:ADV,ADV,Commercial Services,NASDAQ,Advertising/Marketing Services
NASDAQ:RCMT,RCMT,Commercial Services,NASDAQ,Personnel Services
NASDAQ:AVTX,AVTX,Health Technology,NASDAQ,Pharmaceuticals: Major
NASDAQ:TCBX,TCBX,Finance,NASDAQ,Savings Banks
NASDAQ:TMUSI,TMUSI,Communications,NASDAQ,Wireless Telecommunications
AMEX:CVM,CVM,Health Technology,AMEX,Biotechnology
NASDAQ:IMUX,IMUX,Health Technology,NASDAQ,Pharmaceuticals: Major
NASDAQ:LZMH,LZMH,Commercial Services,NASDAQ,Advertising/Marketing Services
NASDAQ:AVIR,AVIR,Health Technology,NASDAQ,Pharmaceuticals: Major
NYSE:SKLZ,SKLZ,Technology Services,NYSE,Data Processing Services
NASDAQ:BMR,BMR,Technology Services,NASDAQ,Packaged Software
NASDAQ:ZUMZ,ZUMZ,Retail Trade,NASDAQ,Apparel/Footwear Retail
NASDAQ:CENT,CENT,Consumer Non-Durables,NASDAQ,Consumer Sundries
NYSE:ACCO,ACCO,Producer Manufacturing,NYSE,Office Equipment/Supplies
NYSE:GWH,GWH,Producer Manufacturing,NYSE,Electrical Products
NASDAQ:MGRT,MGRT,Technology Services,NASDAQ,Information Technology Services
NASDAQ:DGNX,DGNX,Technology Services,NASDAQ,Packaged Software
NASDAQ:BNZI,BNZI,Technology Services,NASDAQ,Packaged Software
NYSE:HVT,HVT,Retail Trade,NYSE,Specialty Stores
NASDAQ:CZNC,CZNC,Finance,NASDAQ,Regional Banks
AMEX:OSTX,OSTX,Health Technology,AMEX,Biotechnology
NASDAQ:WEYS,WEYS,Consumer Non-Durables,NASDAQ,Apparel/Footwear
NASDAQ:OFAL,OFAL,Industrial Services,NASDAQ,Engineering & Construction
NASDAQ:NRC,NRC,Health Services,NASDAQ,Services to the Health Industry
AMEX:SOAR,SOAR,Transportation,AMEX,Airlines
NASDAQ:OCGN,OCGN,Health Technology,NASDAQ,Pharmaceuticals: Major
NYSE:EAF,EAF,Producer Manufacturing,NYSE,Electrical Products
NASDAQ:MFI,MFI,Technology Services,NASDAQ,Packaged Software
NASDAQ:DENN,DENN,Consumer Services,NASDAQ,Restaurants
NASDAQ:CEPT,CEPT,Finance,NASDAQ,Financial Conglomerates
NASDAQ:SGBX,SGBX,Producer Manufacturing,NASDAQ,Metal Fabrication
NASDAQ:HAIN,HAIN,Consumer Non-Durables,NASDAQ,Food: Major Diversified
NASDAQ:RXT,RXT,Technology Services,NASDAQ,Data Processing Services
NASDAQ:RILYT,RILYT,Finance,NASDAQ,Investment Banks/Brokers
NASDAQ:LCCC,LCCC,Finance,NASDAQ,Financial Conglomerates
NASDAQ:LAB,LAB,Health Technology,NASDAQ,Medical Specialties
NASDAQ:ASTI,ASTI,Electronic Technology,NASDAQ,Semiconductors
AMEX:PLX,PLX,Health Technology,AMEX,Pharmaceuticals: Major
NASDAQ:MXCT,MXCT,Health Technology,NASDAQ,Biotechnology
NASDAQ:MAZE,MAZE,Health Technology,NASDAQ,Pharmaceuticals: Major
NASDAQ:SKYE,SKYE,Health Technology,NASDAQ,Pharmaceuticals: Major
NASDAQ:BETR,BETR,Finance,NASDAQ,Finance/Rental/Leasing
NASDAQ:KRNY,KRNY,Finance,NASDAQ,Savings Banks
AMEX:DVS,DVS,Non-Energy Minerals,AMEX,Precious Metals
NASDAQ:NEOV,NEOV,Producer Manufacturing,NASDAQ,Electrical Products
NASDAQ:HUHU,HUHU,Technology Services,NASDAQ,Information Technology Services
NASDAQ:RMSG,RMSG,Technology Services,NASDAQ,Packaged Software
NASDAQ:GBIO,GBIO,Health Technology,NASDAQ,Pharmaceuticals: Major
NASDAQ:OZKAP,OZKAP,Finance,NASDAQ,Regional Banks
NASDAQ:ALRS,ALRS,Finance,NASDAQ,Major Banks
NASDAQ:EWCZ,EWCZ,Consumer Services,NASDAQ,Other Consumer Services
NASDAQ:BFST,BFST,Finance,NASDAQ,Regional Banks
AMEX:MPTI,MPTI,Electronic Technology,AMEX,Electronic Production Equipment
NASDAQ:HBCP,HBCP,Finance,NASDAQ,Regional Banks
NYSE:SRI,SRI,Producer Manufacturing,NYSE,Auto Parts: OEM
NASDAQ:USAU,USAU,Non-Energy Minerals,NASDAQ,Precious Metals
NASDAQ:BFIN,BFIN,Finance,NASDAQ,Regional Banks
NASDAQ:VWAV,VWAV,Finance,NASDAQ,Financial Conglomerates
NASDAQ:WIMI,WIMI,Technology Services,NASDAQ,Packaged Software
AMEX:GTE,GTE,Energy Minerals,AMEX,Integrated Oil
NYSE:AII,AII,Finance,NYSE,Property/Casualty Insurance
NASDAQ:SEAT,SEAT,Consumer Services,NASDAQ,Movies/Entertainment
NASDAQ:DARE,DARE,Health Technology,NASDAQ,Pharmaceuticals: Major
NASDAQ:NMRA,NMRA,Health Technology,NASDAQ,Pharmaceuticals: Major
NASDAQ:NERV,NERV,Health Technology,NASDAQ,Pharmaceuticals: Major
AMEX:ESP,ESP,Electronic Technology,AMEX,Electronic Components
NASDAQ:LOVE,LOVE,Consumer Durables,NASDAQ,Home Furnishings
NASDAQ:IZEA,IZEA,Commercial Services,NASDAQ,Advertising/Marketing Services
NYSE:OTF,OTF,Finance,NYSE,Investment Managers
NASDAQ:KSCP,KSCP,Producer Manufacturing,NASDAQ,Industrial Machinery
NASDAQ:MBAV,MBAV,Finance,NASDAQ,Financial Conglomerates
NASDAQ:LNSR,LNSR,Health Technology,NASDAQ,Medical Specialties
NASDAQ:OGI,OGI,Process Industries,NASDAQ,Agricultural Commodities/Milling
NASDAQ:BUSEP,BUSEP,Finance,NASDAQ,Regional Banks
NASDAQ:BHST,BHST,Process Industries,NASDAQ,Agricultural Commodities/Milling
NASDAQ:MASS,MASS,Health Technology,NASDAQ,Medical Specialties
NASDAQ:KYTX,KYTX,Health Technology,NASDAQ,Biotechnology
NYSE:SPH,SPH,Distribution Services,NYSE,Wholesale Distributors
NYSE:SI,SI,Health Technology,NYSE,Medical Specialties
NASDAQ:DTST,DTST,Technology Services,NASDAQ,Information Technology Services
NASDAQ:CAC,CAC,Finance,NASDAQ,Major Banks
NASDAQ:CXDO,CXDO,Technology Services,NASDAQ,Internet Software/Services
NASDAQ:AVNW,AVNW,Electronic Technology,NASDAQ,Telecommunications Equipment
NASDAQ:LFVN,LFVN,Health Technology,NASDAQ,Pharmaceuticals: Other
NYSE:TBB,TBB,Communications,NYSE,Wireless Telecommunications
NASDAQ:EPSN,EPSN,Energy Minerals,NASDAQ,Integrated Oil
NASDAQ:HBT,HBT,Finance,NASDAQ,Regional Banks
NASDAQ:IVVD,IVVD,Health Technology,NASDAQ,Biotechnology
NYSE:LXFR,LXFR,Non-Energy Minerals,NYSE,Other Metals/Minerals
NYSE:OPY,OPY,Finance,NYSE,Investment Banks/Brokers
NASDAQ:PGC,PGC,Finance,NASDAQ,Regional Banks
NASDAQ:BDMD,BDMD,Health Technology,NASDAQ,Medical Specialties
NASDAQ:BNRG,BNRG,Industrial Services,NASDAQ,Engineering & Construction
NASDAQ:BEEM,BEEM,Producer Manufacturing,NASDAQ,Electrical Products
NASDAQ:SNWV,SNWV,Health Technology,NASDAQ,Medical Specialties
NASDAQ:PYXS,PYXS,Health Technology,NASDAQ,Pharmaceuticals: Major
NASDAQ:SURG,SURG,Technology Services,NASDAQ,Packaged Software
NASDAQ:TMUSL,TMUSL,Communications,NASDAQ,Wireless Telecommunications
NASDAQ:AUDC,AUDC,Electronic Technology,NASDAQ,Telecommunications Equipment
NASDAQ:GLRE,GLRE,Finance,NASDAQ,Property/Casualty Insurance
NASDAQ:PPIH,PPIH,Producer Manufacturing,NASDAQ,Industrial Machinery
AMEX:MTA,MTA,Finance,AMEX,Financial Conglomerates
NASDAQ:ABVC,ABVC,Health Technology,NASDAQ,Pharmaceuticals: Major
NASDAQ:FLD,FLD,Technology Services,NASDAQ,Packaged Software
AMEX:OPTT,OPTT,Producer Manufacturing,AMEX,Electrical Products
AMEX:BURU,BURU,Electronic Technology,AMEX,Electronic Components
NYSE:LVWR,LVWR,Consumer Durables,NYSE,Recreational Products
NASDAQ:MB,MB,Consumer Services,NASDAQ,Restaurants
NASDAQ:PMTS,PMTS,Finance,NASDAQ,Finance/Rental/Leasing
NASDAQ:CBNK,CBNK,Finance,NASDAQ,Major Banks
NASDAQ:SOPA,SOPA,Technology Services,NASDAQ,Packaged Software
NASDAQ:MERC,MERC,Process Industries,NASDAQ,Pulp & Paper
NASDAQ:ATOM,ATOM,Commercial Services,NASDAQ,Miscellaneous Commercial Services
NYSE:KKRT,KKRT,Finance,NYSE,Investment Managers
NASDAQ:SSSS,SSSS,Miscellaneous,NASDAQ,Investment Trusts/Mutual Funds
NASDAQ:RICK,RICK,Consumer Services,NASDAQ,Restaurants
NASDAQ:SLE,SLE,Technology Services,NASDAQ,Internet Software/Services
NASDAQ:FCNCO,FCNCO,Finance,NASDAQ,Regional Banks
NYSE:RM,RM,Finance,NYSE,Finance/Rental/Leasing
NASDAQ:ZURA,ZURA,Health Technology,NASDAQ,Biotechnology
NASDAQ:LMFA,LMFA,Commercial Services,NASDAQ,Miscellaneous Commercial Services
NASDAQ:NFBK,NFBK,Finance,NASDAQ,Savings Banks
NASDAQ:LIVE,LIVE,Consumer Durables,NASDAQ,Home Furnishings
NASDAQ:NCMI,NCMI,Commercial Services,NASDAQ,Advertising/Marketing Services
NASDAQ:JRVR,JRVR,Finance,NASDAQ,Multi-Line Insurance
AMEX:PLG,PLG,Non-Energy Minerals,AMEX,Other Metals/Minerals
NASDAQ:BIOX,BIOX,Process Industries,NASDAQ,Chemicals: Agricultural
NYSE:FRGE,FRGE,Technology Services,NYSE,Data Processing Services
AMEX:STXS,STXS,Health Technology,AMEX,Medical Specialties
NYSE:FC,FC,Commercial Services,NYSE,Miscellaneous Commercial Services
NASDAQ:TLSA,TLSA,Health Technology,NASDAQ,Pharmaceuticals: Major
NASDAQ:FNWB,FNWB,Finance,NASDAQ,Savings Banks
NASDAQ:LHAI,LHAI,Technology Services,NASDAQ,Packaged Software
AMEX:WWR,WWR,Non-Energy Minerals,AMEX,Other Metals/Minerals
NASDAQ:NXTT,NXTT,Technology Services,NASDAQ,Packaged Software
NYSE:HGTY,HGTY,Finance,NYSE,Property/Casualty Insurance
NASDAQ:MRCC,MRCC,Miscellaneous,NASDAQ,Investment Trusts/Mutual Funds
NYSE:DOUG,DOUG,Finance,NYSE,Real Estate Development
NASDAQ:RCKY,RCKY,Consumer Non-Durables,NASDAQ,Apparel/Footwear
NASDAQ:LAKE,LAKE,Consumer Non-Durables,NASDAQ,Apparel/Footwear
NASDAQ:ARAI,ARAI,Technology Services,NASDAQ,Packaged Software
NASDAQ:ARBE,ARBE,Producer Manufacturing,NASDAQ,Electrical Products
NASDAQ:YMAT,YMAT,Producer Manufacturing,NASDAQ,Electrical Products
NASDAQ:CARE,CARE,Finance,NASDAQ,Regional Banks
NASDAQ:CDLX,CDLX,Technology Services,NASDAQ,Internet Software/Services
NASDAQ:CYCU,CYCU,Technology Services,NASDAQ,Information Technology Services
NASDAQ:GBFH,GBFH,Finance,NASDAQ,Regional Banks
NASDAQ:KIDS,KIDS,Health Technology,NASDAQ,Medical Specialties
NYSE:MEI,MEI,Electronic Technology,NYSE,Electronic Components
NASDAQ:AGH,AGH,Consumer Services,NASDAQ,Movies/Entertainment
NASDAQ:ASNS,ASNS,Electronic Technology,NASDAQ,Computer Communications
NASDAQ:LOCO,LOCO,Consumer Services,NASDAQ,Restaurants
NASDAQ:UHG,UHG,Consumer Durables,NASDAQ,Homebuilding
NASDAQ:NOEM,NOEM,Finance,NASDAQ,Financial Conglomerates
NASDAQ:ONEW,ONEW,Retail Trade,NASDAQ,Specialty Stores
NYSE:WTI,WTI,Energy Minerals,NYSE,Oil & Gas Production
NASDAQ:BRAG,BRAG,Technology Services,NASDAQ,Packaged Software
NASDAQ:SUUN,SUUN,Utilities,NASDAQ,Alternative Power Generation
NYSE:PRS,PRS,Finance,NYSE,Life/Health Insurance
NASDAQ:RGP,RGP,Commercial Services,NASDAQ,Miscellaneous Commercial Services
NYSE:AVD,AVD,Process Industries,NYSE,Chemicals: Agricultural
NASDAQ:CISO,CISO,Technology Services,NASDAQ,Information Technology Services
AMEX:LGCY,LGCY,Consumer Services,AMEX,Other Consumer Services
NASDAQ:ARTNA,ARTNA,Utilities,NASDAQ,Water Utilities
NASDAQ:GNSS,GNSS,Electronic Technology,NASDAQ,Computer Communications
NASDAQ:VERU,VERU,Health Technology,NASDAQ,Pharmaceuticals: Major
NYSE:MBI,MBI,Finance,NYSE,Specialty Insurance
NASDAQ:GASS,GASS,Transportation,NASDAQ,Marine Shipping
NASDAQ:INSE,INSE,Technology Services,NASDAQ,Packaged Software
NASDAQ:AGNCP,AGNCP,Finance,NASDAQ,Real Estate Investment Trusts
NASDAQ:JOUT,JOUT,Consumer Durables,NASDAQ,Recreational Products
NASDAQ:TSAT,TSAT,Communications,NASDAQ,Specialty Telecommunications
NASDAQ:MAMA,MAMA,Consumer Non-Durables,NASDAQ,Food: Meat/Fish/Dairy
NASDAQ:CLBK,CLBK,Finance,NASDAQ,Savings Banks
NASDAQ:GRWG,GRWG,Distribution Services,NASDAQ,Wholesale Distributors
NASDAQ:COFS,COFS,Finance,NASDAQ,Regional Banks
NYSE:VEL,VEL,Finance,NYSE,Finance/Rental/Leasing
NYSE:SOJF,SOJF,Utilities,NYSE,Electric Utilities
NASDAQ:KMTS,KMTS,Health Technology,NASDAQ,Medical Specialties
NYSE:JENA,JENA,Finance,NYSE,Financial Conglomerates
NASDAQ:GAIN,GAIN,Miscellaneous,NASDAQ,Investment Trusts/Mutual Funds
NASDAQ:PANL,PANL,Miscellaneous,NASDAQ,Miscellaneous
NASDAQ:BNTC,BNTC,Health Technology,NASDAQ,Biotechnology
NYSE:ALTG,ALTG,Distribution Services,NYSE,Wholesale Distributors
NASDAQ:PRZO,PRZO,Electronic Technology,NASDAQ,Electronic Equipment/Instruments
NASDAQ:FBIZ,FBIZ,Finance,NASDAQ,Regional Banks
AMEX:EMX,EMX,Non-Energy Minerals,AMEX,Precious Metals
NASDAQ:PLRZ,PLRZ,Health Technology,NASDAQ,Biotechnology
NASDAQ:MGNX,MGNX,Health Technology,NASDAQ,Pharmaceuticals: Major
NASDAQ:AARD,AARD,Health Technology,NASDAQ,Pharmaceuticals: Major
NASDAQ:IPWR,IPWR,Electronic Technology,NASDAQ,Semiconductors
NASDAQ:BTMD,BTMD,Health Services,NASDAQ,Hospital/Nursing Management
NASDAQ:SCNX,SCNX,Commercial Services,NASDAQ,Miscellaneous Commercial Services
NASDAQ:TGL,TGL,Commercial Services,NASDAQ,Miscellaneous Commercial Services
NASDAQ:BACQ,BACQ,Finance,NASDAQ,Financial Conglomerates
NASDAQ:LEGH,LEGH,Consumer Durables,NASDAQ,Homebuilding
NASDAQ:FORD,FORD,Consumer Durables,NASDAQ,Other Consumer Specialties
NASDAQ:BCAL,BCAL,Finance,NASDAQ,Regional Banks
NASDAQ:FCNCP,FCNCP,Finance,NASDAQ,Regional Banks
NASDAQ:MWYN,MWYN,Retail Trade,NASDAQ,Home Improvement Chains
NYSE:MX,MX,Electronic Technology,NYSE,Semiconductors
NYSE:HBB,HBB,Consumer Durables,NYSE,Electronics/Appliances
NASDAQ:TVGN,TVGN,Health Technology,NASDAQ,Biotechnology
NASDAQ:III,III,Commercial Services,NASDAQ,Miscellaneous Commercial Services
NASDAQ:ELVA,ELVA,Producer Manufacturing,NASDAQ,Electrical Products
NYSE:RNGR,RNGR,Industrial Services,NYSE,Oilfield Services/Equipment
NASDAQ:ERAS,ERAS,Health Technology,NASDAQ,Pharmaceuticals: Major
NASDAQ:PDEX,PDEX,Health Technology,NASDAQ,Medical Specialties
NYSE:SREA,SREA,Utilities,NYSE,Gas Distributors
NYSE:NOTE,NOTE,Technology Services,NYSE,Internet Software/Services
NASDAQ:NUWE,NUWE,Health Technology,NASDAQ,Medical Specialties
NASDAQ:PFIS,PFIS,Finance,NASDAQ,Regional Banks
NASDAQ:TELO,TELO,Health Technology,NASDAQ,Pharmaceuticals: Major
NASDAQ:ICCM,ICCM,Health Technology,NASDAQ,Medical Specialties
NASDAQ:VNDA,VNDA,Health Technology,NASDAQ,Pharmaceuticals: Major
NASDAQ:FMST,FMST,Non-Energy Minerals,NASDAQ,Other Metals/Minerals
NYSE:CRBD,CRBD,Finance,NYSE,Life/Health Insurance
NASDAQ:KALA,KALA,Health Technology,NASDAQ,Pharmaceuticals: Major
NASDAQ:RVYL,RVYL,Technology Services,NASDAQ,Packaged Software
AMEX:SGN,SGN,Technology Services,AMEX,Packaged Software
NASDAQ:RDCM,RDCM,Technology Services,NASDAQ,Packaged Software
NASDAQ:KITT,KITT,Producer Manufacturing,NASDAQ,Industrial Machinery
NYSE:VLN,VLN,Electronic Technology,NYSE,Semiconductors
NASDAQ:BHFAN,BHFAN,Finance,NASDAQ,Life/Health Insurance
NASDAQ:STAI,STAI,Finance,NASDAQ,Financial Conglomerates
NASDAQ:OLPX,OLPX,Consumer Non-Durables,NASDAQ,Household/Personal Care
AMEX:NFGC,NFGC,Non-Energy Minerals,AMEX,Precious Metals
NASDAQ:SMTI,SMTI,Health Technology,NASDAQ,Medical Specialties
NASDAQ:KPLT,KPLT,Commercial Services,NASDAQ,Miscellaneous Commercial Services
NASDAQ:GOVX,GOVX,Health Technology,NASDAQ,Biotechnology
NYSE:SOJD,SOJD,Utilities,NYSE,Electric Utilities
NASDAQ:CERS,CERS,Health Technology,NASDAQ,Medical Specialties
NASDAQ:MPAA,MPAA,Producer Manufacturing,NASDAQ,Auto Parts: OEM
NASDAQ:SCPH,SCPH,Health Technology,NASDAQ,Pharmaceuticals: Major
NYSE:SKYH,SKYH,Finance,NYSE,Real Estate Development
NASDAQ:ZEUS,ZEUS,Producer Manufacturing,NASDAQ,Metal Fabrication
AMEX:VNRX,VNRX,Health Technology,AMEX,Medical Specialties
NASDAQ:SWIN,SWIN,Finance,NASDAQ,Investment Banks/Brokers
NASDAQ:OMSE,OMSE,Industrial Services,NASDAQ,Oilfield Services/Equipment
NASDAQ:PACH,PACH,Finance,NASDAQ,Financial Conglomerates
NASDAQ:SUNE,SUNE,Industrial Services,NASDAQ,Engineering & Construction
NASDAQ:INGN,INGN,Health Technology,NASDAQ,Medical Specialties
NASDAQ:TWIN,TWIN,Producer Manufacturing,NASDAQ,Trucks/Construction/Farm Machinery
NASDAQ:RMR,RMR,Finance,NASDAQ,Financial Conglomerates
AMEX:PTHS,PTHS,Health Technology,AMEX,Pharmaceuticals: Major
AMEX:NSRX,NSRX,Health Technology,AMEX,Pharmaceuticals: Major
NASDAQ:MAXN,MAXN,Utilities,NASDAQ,Alternative Power Generation
NASDAQ:TRDA,TRDA,Health Technology,NASDAQ,Biotechnology
NASDAQ:BRLT,BRLT,Retail Trade,NASDAQ,Specialty Stores
NASDAQ:EGHT,EGHT,Technology Services,NASDAQ,Packaged Software
NASDAQ:CCLD,CCLD,Technology Services,NASDAQ,Packaged Software
NASDAQ:EXFY,EXFY,Technology Services,NASDAQ,Packaged Software
NASDAQ:SHBI,SHBI,Finance,NASDAQ,Regional Banks
NASDAQ:ONCY,ONCY,Health Technology,NASDAQ,Biotechnology
NYSE:OOMA,OOMA,Communications,NYSE,Major Telecommunications
NASDAQ:IRWD,IRWD,Health Technology,NASDAQ,Pharmaceuticals: Major
NASDAQ:CRBP,CRBP,Health Technology,NASDAQ,Pharmaceuticals: Major
NASDAQ:HUBC,HUBC,Commercial Services,NASDAQ,Miscellaneous Commercial Services
NASDAQ:TBHC,TBHC,Retail Trade,NASDAQ,Specialty Stores
AMEX:BHB,BHB,Finance,AMEX,Regional Banks
NASDAQ:BZFD,BZFD,Technology Services,NASDAQ,Internet Software/Services
NASDAQ:CAPS,CAPS,Distribution Services,NASDAQ,Wholesale Distributors
NASDAQ:CFFI,CFFI,Finance,NASDAQ,Regional Banks
NYSE:AOMD,AOMD,Finance,NYSE,Real Estate Investment Trusts
NASDAQ:HOVR,HOVR,Electronic Technology,NASDAQ,Aerospace & Defense
NASDAQ:VOXR,VOXR,Non-Energy Minerals,NASDAQ,Precious Metals
NASDAQ:FGMC,FGMC,Finance,NASDAQ,Financial Conglomerates
NASDAQ:ACNB,ACNB,Finance,NASDAQ,Regional Banks
NASDAQ:NPAC,NPAC,Finance,NASDAQ,Financial Conglomerates
NASDAQ:ITRM,ITRM,Health Technology,NASDAQ,Pharmaceuticals: Major
NASDAQ:FSTR,FSTR,Producer Manufacturing,NASDAQ,Trucks/Construction/Farm Machinery
NASDAQ:MCBS,MCBS,Finance,NASDAQ,Regional Banks
NASDAQ:INSG,INSG,Electronic Technology,NASDAQ,Telecommunications Equipment
NYSE:WLKP,WLKP,Process Industries,NYSE,Chemicals: Specialty
NASDAQ:SNGX,SNGX,Health Technology,NASDAQ,Pharmaceuticals: Major
NYSE:AAUC,AAUC,Non-Energy Minerals,NYSE,Precious Metals
NASDAQ:FSBC,FSBC,Finance,NASDAQ,Regional Banks
NASDAQ:AIRG,AIRG,Electronic Technology,NASDAQ,Semiconductors
NASDAQ:WKSP,WKSP,Producer Manufacturing,NASDAQ,Auto Parts: OEM
NASDAQ:RTAC,RTAC,Finance,NASDAQ,Financial Conglomerates
NYSE:MGRE,MGRE,Finance,NYSE,Investment Managers
NASDAQ:ATLCL,ATLCL,Finance,NASDAQ,Finance/Rental/Leasing
NASDAQ:LIEN,LIEN,Finance,NASDAQ,Financial Conglomerates
NASDAQ:FRPH,FRPH,Finance,NASDAQ,Real Estate Development
NASDAQ:MVBF,MVBF,Finance,NASDAQ,Regional Banks
NASDAQ:CIVB,CIVB,Finance,NASDAQ,Regional Banks
NYSE:CVLG,CVLG,Transportation,NYSE,Trucking
NASDAQ:DTIL,DTIL,Health Technology,NASDAQ,Biotechnology
NASDAQ:PRTS,PRTS,Retail Trade,NASDAQ,Specialty Stores
NASDAQ:ARTW,ARTW,Producer Manufacturing,NASDAQ,Trucks/Construction/Farm Machinery
NASDAQ:ATLCZ,ATLCZ,Finance,NASDAQ,Finance/Rental/Leasing
NASDAQ:PN,PN,Utilities,NASDAQ,Electric Utilities
NASDAQ:DLPN,DLPN,Commercial Services,NASDAQ,Advertising/Marketing Services
NASDAQ:FTCI,FTCI,Technology Services,NASDAQ,Packaged Software
NASDAQ:IBIO,IBIO,Health Technology,NASDAQ,Pharmaceuticals: Other
NASDAQ:GUTS,GUTS,Health Technology,NASDAQ,Biotechnology
NASDAQ:LPRO,LPRO,Technology Services,NASDAQ,Packaged Software
NYSE:BRCC,BRCC,Consumer Non-Durables,NYSE,Food: Specialty/Candy
NYSE:KMPB,KMPB,Finance,NYSE,Property/Casualty Insurance
NASDAQ:VIASP,VIASP,Utilities,NASDAQ,Electric Utilities
NASDAQ:SNFCA,SNFCA,Finance,NASDAQ,Finance/Rental/Leasing
AMEX:OBE,OBE,Energy Minerals,AMEX,Oil & Gas Production
NASDAQ:MCRB,MCRB,Health Technology,NASDAQ,Biotechnology
NASDAQ:DH,DH,Technology Services,NASDAQ,Packaged Software
NYSE:SMRT,SMRT,Electronic Technology,NYSE,Computer Communications
NYSE:MEC,MEC,Producer Manufacturing,NYSE,Industrial Machinery
NASDAQ:BSVN,BSVN,Finance,NASDAQ,Regional Banks
NASDAQ:DMAC,DMAC,Health Technology,NASDAQ,Biotechnology
NASDAQ:UTMD,UTMD,Health Technology,NASDAQ,Medical Specialties
NASDAQ:BHFAL,BHFAL,Finance,NASDAQ,Life/Health Insurance
NASDAQ:ATNI,ATNI,Communications,NASDAQ,Major Telecommunications
NYSE:NRDY,NRDY,Technology Services,NYSE,Packaged Software
NASDAQ:BSRR,BSRR,Finance,NASDAQ,Regional Banks
NASDAQ:COSM,COSM,Health Technology,NASDAQ,Pharmaceuticals: Major
NASDAQ:TEAD,TEAD,Technology Services,NASDAQ,Packaged Software
NYSE:PFH,PFH,Finance,NYSE,Life/Health Insurance
NASDAQ:EML,EML,Consumer Durables,NASDAQ,Tools & Hardware
NYSE:NRP,NRP,Energy Minerals,NYSE,Coal
NYSE:FF,FF,Process Industries,NYSE,Chemicals: Specialty
NASDAQ:FLL,FLL,Consumer Services,NASDAQ,Casinos/Gaming
NASDAQ:AIMD,AIMD,Health Technology,NASDAQ,Medical Specialties
NYSE:CBNA,CBNA,Finance,NYSE,Major Banks
NASDAQ:SDST,SDST,Process Industries,NASDAQ,Chemicals: Specialty
NYSE:DUKB,DUKB,Utilities,NYSE,Electric Utilities
NYSE:TSE,TSE,Process Industries,NYSE,Chemicals: Specialty
NASDAQ:SHIP,SHIP,Transportation,NASDAQ,Marine Shipping
NASDAQ:TTEC,TTEC,Technology Services,NASDAQ,Information Technology Services
NASDAQ:HYPR,HYPR,Health Technology,NASDAQ,Medical Specialties
NASDAQ:LPTH,LPTH,Electronic Technology,NASDAQ,Electronic Components
NASDAQ:BIOA,BIOA,Health Technology,NASDAQ,Biotechnology
NASDAQ:CASI,CASI,Health Technology,NASDAQ,Pharmaceuticals: Major
NASDAQ:BNGO,BNGO,Health Technology,NASDAQ,Biotechnology
NASDAQ:RILYZ,RILYZ,Finance,NASDAQ,Investment Banks/Brokers
NASDAQ:SSTI,SSTI,Technology Services,NASDAQ,Packaged Software
NYSE:LUCK,LUCK,Consumer Services,NYSE,Movies/Entertainment
NASDAQ:FMNB,FMNB,Finance,NASDAQ,Major Banks
NASDAQ:DHCNL,DHCNL,Finance,NASDAQ,Real Estate Investment Trusts
NASDAQ:NATR,NATR,Health Technology,NASDAQ,Pharmaceuticals: Other
NASDAQ:KG,KG,Finance,NASDAQ,Property/Casualty Insurance
NASDAQ:HBANP,HBANP,Finance,NASDAQ,Major Banks
NASDAQ:BHFAO,BHFAO,Finance,NASDAQ,Life/Health Insurance
NASDAQ:AEYE,AEYE,Technology Services,NASDAQ,Internet Software/Services
NYSE:CIA,CIA,Finance,NYSE,Life/Health Insurance
NASDAQ:TZOO,TZOO,Commercial Services,NASDAQ,Commercial Printing/Forms
NASDAQ:FVCB,FVCB,Finance,NASDAQ,Regional Banks
NASDAQ:AROW,AROW,Finance,NASDAQ,Major Banks
NASDAQ:PLBL,PLBL,Technology Services,NASDAQ,Packaged Software
NASDAQ:FERA,FERA,Finance,NASDAQ,Financial Conglomerates
NASDAQ:ENLT,ENLT,Utilities,NASDAQ,Alternative Power Generation
NASDAQ:INBK,INBK,Finance,NASDAQ,Regional Banks
NASDAQ:ACGLN,ACGLN,Finance,NASDAQ,Multi-Line Insurance
NASDAQ:FBIOP,FBIOP,Health Technology,NASDAQ,Pharmaceuticals: Major
NASDAQ:TARA,TARA,Health Technology,NASDAQ,Pharmaceuticals: Major
AMEX:MSN,MSN,Distribution Services,AMEX,Wholesale Distributors
NASDAQ:ANIK,ANIK,Health Technology,NASDAQ,Medical Specialties
NASDAQ:AURA,AURA,Health Technology,NASDAQ,Biotechnology
NYSE:CMSD,CMSD,Utilities,NYSE,Electric Utilities
NASDAQ:FSBW,FSBW,Finance,NASDAQ,Savings Banks
NASDAQ:CHSCL,CHSCL,Distribution Services,NASDAQ,Wholesale Distributors
NYSE:ASIC,ASIC,Finance,NYSE,Property/Casualty Insurance
AMEX:INDO,INDO,Energy Minerals,AMEX,Integrated Oil
NYSE:SHCO,SHCO,Commercial Services,NYSE,Miscellaneous Commercial Services
AMEX:WYY,WYY,Technology Services,AMEX,Data Processing Services
NASDAQ:FTEK,FTEK,Process Industries,NASDAQ,Chemicals: Major Diversified
NASDAQ:LWAY,LWAY,Consumer Non-Durables,NASDAQ,Food: Meat/Fish/Dairy
NASDAQ:RDNW,RDNW,Retail Trade,NASDAQ,Specialty Stores
NASDAQ:MFIN,MFIN,Finance,NASDAQ,Investment Managers
NASDAQ:VLGEA,VLGEA,Retail Trade,NASDAQ,Food Retail
NASDAQ:RWAYZ,RWAYZ,Finance,NASDAQ,Finance/Rental/Leasing
NASDAQ:MGRM,MGRM,Health Technology,NASDAQ,Medical Specialties
AMEX:PAPL,PAPL,Finance,AMEX,Finance/Rental/Leasing
NYSE:RZC,RZC,Finance,NYSE,Life/Health Insurance
NASDAQ:FMFC,FMFC,Consumer Non-Durables,NASDAQ,Consumer Sundries
NASDAQ:LESL,LESL,Retail Trade,NASDAQ,Specialty Stores
NYSE:RZB,RZB,Finance,NYSE,Life/Health Insurance
NYSE:EICC,EICC,Miscellaneous,NYSE,Investment Trusts/Mutual Funds
NASDAQ:MTEN,MTEN,Producer Manufacturing,NASDAQ,Industrial Machinery
NASDAQ:SMX,SMX,Technology Services,NASDAQ,Packaged Software
NASDAQ:NOTV,NOTV,Commercial Services,NASDAQ,Miscellaneous Commercial Services
NASDAQ:SLNH,SLNH,Electronic Technology,NASDAQ,Electronic Equipment/Instruments
NASDAQ:RYOJ,RYOJ,Commercial Services,NASDAQ,Miscellaneous Commercial Services
NASDAQ:SKYX,SKYX,Producer Manufacturing,NASDAQ,Electrical Products
NASDAQ:OSUR,OSUR,Health Technology,NASDAQ,Medical Specialties
NYSE:USAC,USAC,Industrial Services,NYSE,Oilfield Services/Equipment
AMEX:BRBS,BRBS,Finance,AMEX,Major Banks
NYSE:MG,MG,Industrial Services,NYSE,Engineering & Construction
AMEX:VENU,VENU,Consumer Services,AMEX,Movies/Entertainment
NASDAQ:BBOT,BBOT,Health Technology,NASDAQ,Biotechnology
NASDAQ:WALD,WALD,Consumer Non-Durables,NASDAQ,Household/Personal Care
NASDAQ:GSIW,GSIW,Finance,NASDAQ,Investment Banks/Brokers
NASDAQ:NLSP,NLSP,Health Technology,NASDAQ,Pharmaceuticals: Major
NASDAQ:FLGC,FLGC,Health Technology,NASDAQ,Pharmaceuticals: Other
NASDAQ:CTRN,CTRN,Retail Trade,NASDAQ,Apparel/Footwear Retail
NYSE:GCTS,GCTS,Electronic Technology,NYSE,Semiconductors
NASDAQ:BIRD,BIRD,Consumer Non-Durables,NASDAQ,Apparel/Footwear
NYSE:SBXD,SBXD,Finance,NYSE,Financial Conglomerates
NASDAQ:HBIO,HBIO,Health Technology,NASDAQ,Medical Specialties
NASDAQ:OPBK,OPBK,Finance,NASDAQ,Regional Banks
NASDAQ:BMEA,BMEA,Health Technology,NASDAQ,Pharmaceuticals: Major
NASDAQ:FRST,FRST,Finance,NASDAQ,Regional Banks
NASDAQ:CXAI,CXAI,Technology Services,NASDAQ,Packaged Software
NYSE:BARK,BARK,Process Industries,NYSE,Agricultural Commodities/Milling
NASDAQ:DUO,DUO,Technology Services,NASDAQ,Internet Software/Services
NASDAQ:OABI,OABI,Commercial Services,NASDAQ,Miscellaneous Commercial Services
AMEX:FSI,FSI,Process Industries,AMEX,Chemicals: Major Diversified
AMEX:EPM,EPM,Energy Minerals,AMEX,Oil & Gas Production
NASDAQ:ATOS,ATOS,Health Technology,NASDAQ,Pharmaceuticals: Major
NASDAQ:LGCL,LGCL,Commercial Services,NASDAQ,Personnel Services
AMEX:PHGE,PHGE,Health Technology,AMEX,Biotechnology
AMEX:CNL,CNL,Non-Energy Minerals,AMEX,Other Metals/Minerals
NASDAQ:SSII,SSII,Health Technology,NASDAQ,Medical Specialties
NASDAQ:GALT,GALT,Health Technology,NASDAQ,Biotechnology
NASDAQ:VBNK,VBNK,Finance,NASDAQ,Regional Banks
NYSE:CURV,CURV,Retail Trade,NYSE,Apparel/Footwear Retail
NASDAQ:AZ,AZ,Finance,NASDAQ,Financial Conglomerates
NASDAQ:IROH,IROH,Finance,NASDAQ,Financial Conglomerates
NASDAQ:BBCP,BBCP,Industrial Services,NASDAQ,Engineering & Construction
NASDAQ:BWFG,BWFG,Finance,NASDAQ,Regional Banks
NASDAQ:JSPR,JSPR,Health Technology,NASDAQ,Biotechnology
NASDAQ:MNPR,MNPR,Health Technology,NASDAQ,Biotechnology
NYSE:CMDB,CMDB,Transportation,NYSE,Marine Shipping
NYSE:ANVS,ANVS,Health Technology,NYSE,Pharmaceuticals: Major
NASDAQ:PHUN,PHUN,Technology Services,NASDAQ,Packaged Software
NASDAQ:POWW,POWW,Electronic Technology,NASDAQ,Aerospace & Defense
NASDAQ:LTRX,LTRX,Electronic Technology,NASDAQ,Computer Peripherals
NYSE:ONTF,ONTF,Technology Services,NYSE,Packaged Software
NASDAQ:SFST,SFST,Finance,NASDAQ,Regional Banks
NYSE:PMTW,PMTW,Finance,NYSE,Real Estate Investment Trusts
NASDAQ:IDN,IDN,Technology Services,NASDAQ,Packaged Software
NASDAQ:JFBR,JFBR,Consumer Durables,NASDAQ,Recreational Products
NASDAQ:LGVN,LGVN,Health Technology,NASDAQ,Biotechnology
NASDAQ:AXIN,AXIN,Finance,NASDAQ,Financial Conglomerates
NASDAQ:SNSE,SNSE,Health Technology,NASDAQ,Biotechnology
NASDAQ:FUNC,FUNC,Finance,NASDAQ,Regional Banks
NASDAQ:RILYN,RILYN,Finance,NASDAQ,Investment Banks/Brokers
NASDAQ:BTCT,BTCT,Technology Services,NASDAQ,Data Processing Services
AMEX:GLDG,GLDG,Non-Energy Minerals,AMEX,Precious Metals
NYSE:CINT,CINT,Technology Services,NYSE,Information Technology Services
NASDAQ:PASG,PASG,Health Technology,NASDAQ,Biotechnology
NASDAQ:MIRA,MIRA,Health Technology,NASDAQ,Pharmaceuticals: Other
AMEX:EONR,EONR,Energy Minerals,AMEX,Integrated Oil
NASDAQ:LANDM,LANDM,Finance,NASDAQ,Real Estate Investment Trusts
NYSE:AQNB,AQNB,Utilities,NYSE,Electric Utilities
NYSE:CMSC,CMSC,Utilities,NYSE,Electric Utilities
NYSE:SOJE,SOJE,Utilities,NYSE,Electric Utilities
NASDAQ:CFBK,CFBK,Finance,NASDAQ,Savings Banks
NASDAQ:BEAG,BEAG,Finance,NASDAQ,Financial Conglomerates
AMEX:WRN,WRN,Non-Energy Minerals,AMEX,Other Metals/Minerals
NASDAQ:MYFW,MYFW,Finance,NASDAQ,Investment Managers
AMEX:DDC,DDC,Technology Services,AMEX,Internet Software/Services
NASDAQ:CING,CING,Health Technology,NASDAQ,Pharmaceuticals: Major
NASDAQ:IPSC,IPSC,Health Technology,NASDAQ,Biotechnology
NASDAQ:PESI,PESI,Industrial Services,NASDAQ,Environmental Services
NASDAQ:DVLT,DVLT,Electronic Technology,NASDAQ,Electronic Production Equipment
NASDAQ:JDZG,JDZG,Commercial Services,NASDAQ,Miscellaneous Commercial Services
NASDAQ:PNBK,PNBK,Finance,NASDAQ,Regional Banks
NASDAQ:MBRX,MBRX,Health Technology,NASDAQ,Pharmaceuticals: Major
NASDAQ:GYRE,GYRE,Health Technology,NASDAQ,Pharmaceuticals: Major
NYSE:DTG,DTG,Utilities,NYSE,Electric Utilities
AMEX:THM,THM,Non-Energy Minerals,AMEX,Precious Metals
NASDAQ:CBUS,CBUS,Technology Services,NASDAQ,Information Technology Services
AMEX:HUSA,HUSA,Energy Minerals,AMEX,Oil & Gas Production
NASDAQ:GRAN,GRAN,Commercial Services,NASDAQ,Miscellaneous Commercial Services
NASDAQ:HOVNP,HOVNP,Consumer Durables,NASDAQ,Homebuilding
NASDAQ:CSAI,CSAI,Technology Services,NASDAQ,Packaged Software
NASDAQ:PMVP,PMVP,Health Technology,NASDAQ,Biotechnology
AMEX:VTAK,VTAK,Health Technology,AMEX,Medical Specialties
NYSE:CBAN,CBAN,Finance,NYSE,Regional Banks
NASDAQ:MOGO,MOGO,Finance,NASDAQ,Finance/Rental/Leasing
NASDAQ:CWBC,CWBC,Finance,NASDAQ,Regional Banks
NASDAQ:USEG,USEG,Energy Minerals,NASDAQ,Oil & Gas Production
NASDAQ:MAMK,MAMK,Process Industries,NASDAQ,Textiles
NASDAQ:ANPA,ANPA,Commercial Services,NASDAQ,Commercial Printing/Forms
NASDAQ:EHTH,EHTH,Finance,NASDAQ,Life/Health Insurance
NASDAQ:PEPG,PEPG,Health Technology,NASDAQ,Biotechnology
NASDAQ:BWEN,BWEN,Producer Manufacturing,NASDAQ,Electrical Products
NASDAQ:SLMBP,SLMBP,Finance,NASDAQ,Finance/Rental/Leasing
NASDAQ:GTBP,GTBP,Health Technology,NASDAQ,Pharmaceuticals: Major
NASDAQ:FMAO,FMAO,Finance,NASDAQ,Regional Banks
AMEX:ISOU,ISOU,Non-Energy Minerals,AMEX,Other Metals/Minerals
NYSE:APOS,APOS,Finance,NYSE,Investment Managers
NASDAQ:CGABL,CGABL,Finance,NASDAQ,Finance/Rental/Leasing
NASDAQ:PDSB,PDSB,Health Technology,NASDAQ,Pharmaceuticals: Major
NASDAQ:RNAC,RNAC,Health Technology,NASDAQ,Biotechnology
NASDAQ:PBM,PBM,Health Technology,NASDAQ,Pharmaceuticals: Major
NASDAQ:KOSS,KOSS,Consumer Durables,NASDAQ,Electronics/Appliances
AMEX:CLDI,CLDI,Health Technology,AMEX,Biotechnology
AMEX:AIRI,AIRI,Electronic Technology,AMEX,Aerospace & Defense
NASDAQ:WTFCN,WTFCN,Finance,NASDAQ,Regional Banks
NASDAQ:OXLCI,OXLCI,Miscellaneous,NASDAQ,Investment Trusts/Mutual Funds
NASDAQ:WNEB,WNEB,Finance,NASDAQ,Savings Banks
NASDAQ:GECC,GECC,Miscellaneous,NASDAQ,Investment Trusts/Mutual Funds
AMEX:GPUS,GPUS,Producer Manufacturing,AMEX,Electrical Products
NYSE:TG,TG,Non-Energy Minerals,NYSE,Aluminum
NASDAQ:MRBK,MRBK,Finance,NASDAQ,Regional Banks
NASDAQ:LUCD,LUCD,Health Technology,NASDAQ,Medical Specialties
NASDAQ:KWM,KWM,Finance,NASDAQ,Financial Conglomerates
NASDAQ:TNON,TNON,Health Services,NASDAQ,Medical/Nursing Services
NASDAQ:GAIA,GAIA,Commercial Services,NASDAQ,Miscellaneous Commercial Services
NASDAQ:IRD,IRD,Health Technology,NASDAQ,Pharmaceuticals: Major
NASDAQ:NWTG,NWTG,Consumer Durables,NASDAQ,Recreational Products
NASDAQ:SVCO,SVCO,Technology Services,NASDAQ,Packaged Software
NASDAQ:UMBFO,UMBFO,Finance,NASDAQ,Major Banks
NASDAQ:CBIO,CBIO,Health Technology,NASDAQ,Biotechnology
NYSE:COOK,COOK,Consumer Durables,NYSE,Electronics/Appliances
NASDAQ:EFSI,EFSI,Finance,NASDAQ,Regional Banks
NASDAQ:ULH,ULH,Transportation,NASDAQ,Trucking
NYSE:CAAP,CAAP,Transportation,NYSE,Other Transportation
NASDAQ:CGNT,CGNT,Technology Services,NASDAQ,Packaged Software
NASDAQ:BGL,BGL,Finance,NASDAQ,Financial Conglomerates
NASDAQ:GFAI,GFAI,Technology Services,NASDAQ,Information Technology Services
NASDAQ:BWB,BWB,Finance,NASDAQ,Regional Banks
NASDAQ:FRAF,FRAF,Finance,NASDAQ,Regional Banks
NASDAQ:WHF,WHF,Miscellaneous,NASDAQ,Investment Trusts/Mutual Funds
NYSE:MGR,MGR,Finance,NYSE,Investment Managers
NASDAQ:DSGN,DSGN,Health Technology,NASDAQ,Biotechnology
NASDAQ:MRSN,MRSN,Health Technology,NASDAQ,Biotechnology
NYSE:DSX,DSX,Transportation,NYSE,Marine Shipping
NASDAQ:EZGO,EZGO,Consumer Services,NASDAQ,Movies/Entertainment
NASDAQ:JYNT,JYNT,Health Services,NASDAQ,Medical/Nursing Services
NASDAQ:FENC,FENC,Health Technology,NASDAQ,Pharmaceuticals: Major
NASDAQ:KAVL,KAVL,Distribution Services,NASDAQ,Wholesale Distributors
NASDAQ:CURR,CURR,Finance,NASDAQ,Regional Banks
NASDAQ:GNLX,GNLX,Health Technology,NASDAQ,Pharmaceuticals: Major
NASDAQ:GNLN,GNLN,Distribution Services,NASDAQ,Wholesale Distributors
NASDAQ:ASUR,ASUR,Technology Services,NASDAQ,Packaged Software
AMEX:GENC,GENC,Producer Manufacturing,AMEX,Trucks/Construction/Farm Machinery
NYSE:GPJA,GPJA,Utilities,NYSE,Electric Utilities
NYSE:PRH,PRH,Finance,NYSE,Life/Health Insurance
NYSE:MFAN,MFAN,Finance,NYSE,Real Estate Investment Trusts
NASDAQ:WTBA,WTBA,Finance,NASDAQ,Regional Banks
NASDAQ:ISTR,ISTR,Finance,NASDAQ,Regional Banks
NYSE:AFGB,AFGB,Finance,NYSE,Property/Casualty Insurance
NASDAQ:CVKD,CVKD,Health Technology,NASDAQ,Biotechnology
NASDAQ:AIRJ,AIRJ,Producer Manufacturing,NASDAQ,Electrical Products
NASDAQ:OBIO,OBIO,Health Technology,NASDAQ,Medical Specialties
NASDAQ:RDZN,RDZN,Technology Services,NASDAQ,Packaged Software
NASDAQ:ZSPC,ZSPC,Technology Services,NASDAQ,Packaged Software
NASDAQ:SAFX,SAFX,Finance,NASDAQ,Financial Conglomerates
NASDAQ:NVNO,NVNO,Health Technology,NASDAQ,Medical Specialties
NYSE:OWLT,OWLT,Consumer Durables,NYSE,Electronics/Appliances
NASDAQ:MGX,MGX,Health Technology,NASDAQ,Pharmaceuticals: Major
AMEX:GORO,GORO,Non-Energy Minerals,AMEX,Precious Metals
NASDAQ:CSPI,CSPI,Technology Services,NASDAQ,Information Technology Services
NASDAQ:RBB,RBB,Finance,NASDAQ,Regional Banks
NASDAQ:LTRN,LTRN,Health Technology,NASDAQ,Pharmaceuticals: Major
NASDAQ:FBLA,FBLA,Finance,NASDAQ,Regional Banks
NASDAQ:RMBI,RMBI,Finance,NASDAQ,Major Banks
NASDAQ:NVVE,NVVE,Producer Manufacturing,NASDAQ,Electrical Products
NASDAQ:MDCX,MDCX,Health Technology,NASDAQ,Biotechnology
NASDAQ:FSHP,FSHP,Finance,NASDAQ,Financial Conglomerates
NYSE:KKRS,KKRS,Finance,NYSE,Finance/Rental/Leasing
AMEX:MMA,MMA,Consumer Services,AMEX,Other Consumer Services
NASDAQ:IBG,IBG,Consumer Non-Durables,NASDAQ,Beverages: Alcoholic
NYSE:FGSN,FGSN,Finance,NYSE,Multi-Line Insurance
NYSE:BNH,BNH,Finance,NYSE,Finance/Rental/Leasing
NASDAQ:KFII,KFII,Finance,NASDAQ,Financial Conglomerates
NASDAQ:PRPO,PRPO,Health Services,NASDAQ,Medical/Nursing Services
NASDAQ:IMPP,IMPP,Transportation,NASDAQ,Marine Shipping
NYSE:SOJC,SOJC,Utilities,NYSE,Electric Utilities
NASDAQ:KGEI,KGEI,Energy Minerals,NASDAQ,Oil & Gas Production
NASDAQ:TACO,TACO,Finance,NASDAQ,Financial Conglomerates
AMEX:INUV,INUV,Technology Services,AMEX,Packaged Software
NASDAQ:MSGY,MSGY,Industrial Services,NASDAQ,Engineering & Construction
NASDAQ:HSCS,HSCS,Health Technology,NASDAQ,Medical Specialties
NASDAQ:CHSCO,CHSCO,Distribution Services,NASDAQ,Wholesale Distributors
NASDAQ:BGLC,BGLC,Distribution Services,NASDAQ,Wholesale Distributors
NASDAQ:NAMM,NAMM,Non-Energy Minerals,NASDAQ,Precious Metals
NASDAQ:TLSI,TLSI,Health Technology,NASDAQ,Medical Specialties
NASDAQ:QVCGA,QVCGA,Consumer Services,NASDAQ,Broadcasting
NASDAQ:ACTG,ACTG,Commercial Services,NASDAQ,Miscellaneous Commercial Services
NASDAQ:FLXS,FLXS,Consumer Durables,NASDAQ,Home Furnishings
NYSE:EICB,EICB,Miscellaneous,NYSE,Investment Trusts/Mutual Funds
NYSE:RCD,RCD,Finance,NYSE,Real Estate Investment Trusts
NYSE:HSHP,HSHP,Transportation,NYSE,Marine Shipping
NASDAQ:GWRS,GWRS,Utilities,NASDAQ,Water Utilities
NASDAQ:NECB,NECB,Finance,NASDAQ,Major Banks
NASDAQ:ORMP,ORMP,Health Technology,NASDAQ,Pharmaceuticals: Major
NASDAQ:FCCO,FCCO,Finance,NASDAQ,Regional Banks
NYSE:LZM,LZM,Non-Energy Minerals,NYSE,Other Metals/Minerals
NASDAQ:UEIC,UEIC,Consumer Durables,NASDAQ,Electronics/Appliances
NASDAQ:TRUG,TRUG,Technology Services,NASDAQ,Packaged Software
NASDAQ:ABP,ABP,Finance,NASDAQ,Financial Conglomerates
NASDAQ:WAI,WAI,Commercial Services,NASDAQ,Miscellaneous Commercial Services
NASDAQ:CARL,CARL,Technology Services,NASDAQ,Information Technology Services
NASDAQ:GAUZ,GAUZ,Process Industries,NASDAQ,Industrial Specialties
NYSE:KEN,KEN,Utilities,NYSE,Electric Utilities
NASDAQ:CNSP,CNSP,Health Technology,NASDAQ,Pharmaceuticals: Major
NASDAQ:ACRV,ACRV,Health Technology,NASDAQ,Pharmaceuticals: Major
NASDAQ:FRBA,FRBA,Finance,NASDAQ,Regional Banks
NASDAQ:OBA,OBA,Finance,NASDAQ,Financial Conglomerates
NASDAQ:DAIC,DAIC,Miscellaneous,NASDAQ,Miscellaneous
NASDAQ:LVO,LVO,Commercial Services,NASDAQ,Commercial Printing/Forms
NASDAQ:ACGLO,ACGLO,Finance,NASDAQ,Multi-Line Insurance
NYSE:SGU,SGU,Energy Minerals,NYSE,Oil Refining/Marketing
NASDAQ:ALGS,ALGS,Health Technology,NASDAQ,Pharmaceuticals: Major
NASDAQ:LFCR,LFCR,Health Technology,NASDAQ,Pharmaceuticals: Major
NYSE:RWTO,RWTO,Finance,NYSE,Real Estate Investment Trusts
NYSE:BIPJ,BIPJ,Finance,NYSE,Financial Conglomerates
NASDAQ:ENGS,ENGS,Electronic Technology,NASDAQ,Semiconductors
NYSE:UNMA,UNMA,Finance,NYSE,Multi-Line Insurance
NYSE:UP,UP,Transportation,NYSE,Airlines
NASDAQ:AIFF,AIFF,Health Technology,NASDAQ,Medical Specialties
NASDAQ:DKI,DKI,Miscellaneous,NASDAQ,Miscellaneous
NASDAQ:ELTX,ELTX,Health Technology,NASDAQ,Biotechnology
NASDAQ:OPXS,OPXS,Electronic Technology,NASDAQ,Electronic Components
NASDAQ:HOWL,HOWL,Health Technology,NASDAQ,Pharmaceuticals: Major
NASDAQ:ADVM,ADVM,Health Technology,NASDAQ,Pharmaceuticals: Major
NASDAQ:LSBK,LSBK,Finance,NASDAQ,Savings Banks
NASDAQ:ISPC,ISPC,Commercial Services,NASDAQ,Miscellaneous Commercial Services
NASDAQ:SPPL,SPPL,Technology Services,NASDAQ,Packaged Software
NASDAQ:RBNE,RBNE,Transportation,NASDAQ,Marine Shipping
NASDAQ:WBUY,WBUY,Retail Trade,NASDAQ,Food Retail
NYSE:TSQ,TSQ,Consumer Services,NYSE,Broadcasting
NASDAQ:OPINL,OPINL,Finance,NASDAQ,Real Estate Investment Trusts
NASDAQ:OKUR,OKUR,Health Technology,NASDAQ,Pharmaceuticals: Major
NASDAQ:GVH,GVH,Transportation,NASDAQ,Air Freight/Couriers
NASDAQ:SGHT,SGHT,Health Technology,NASDAQ,Medical Specialties
NYSE:KFS,KFS,Finance,NYSE,Multi-Line Insurance
NASDAQ:RDI,RDI,Consumer Services,NASDAQ,Movies/Entertainment
NASDAQ:JZXN,JZXN,Retail Trade,NASDAQ,Specialty Stores
NASDAQ:AGNCO,AGNCO,Finance,NASDAQ,Real Estate Investment Trusts
NASDAQ:SLRX,SLRX,Health Technology,NASDAQ,Biotechnology
NASDAQ:BIAF,BIAF,Health Technology,NASDAQ,Medical Specialties
NASDAQ:NTHI,NTHI,Health Technology,NASDAQ,Biotechnology
NASDAQ:GV,GV,Consumer Services,NASDAQ,Other Consumer Services
NYSE:SPRU,SPRU,Utilities,NYSE,Electric Utilities
NASDAQ:APLT,APLT,Health Technology,NASDAQ,Pharmaceuticals: Major
NASDAQ:ENTA,ENTA,Health Technology,NASDAQ,Pharmaceuticals: Major
NASDAQ:RDAG,RDAG,Finance,NASDAQ,Financial Conglomerates
NASDAQ:SMID,SMID,Non-Energy Minerals,NASDAQ,Construction Materials
NASDAQ:ZOOZ,ZOOZ,Producer Manufacturing,NASDAQ,Electrical Products
NASDAQ:CHSCM,CHSCM,Distribution Services,NASDAQ,Wholesale Distributors
NASDAQ:JTAI,JTAI,Transportation,NASDAQ,Airlines
NASDAQ:NEUP,NEUP,Health Technology,NASDAQ,Pharmaceuticals: Major
NASDAQ:PXLW,PXLW,Electronic Technology,NASDAQ,Semiconductors
NASDAQ:FGL,FGL,Industrial Services,NASDAQ,Engineering & Construction
NASDAQ:TRUE,TRUE,Technology Services,NASDAQ,Internet Software/Services
NASDAQ:TKNO,TKNO,Health Technology,NASDAQ,Pharmaceuticals: Major
NASDAQ:PLBY,PLBY,Retail Trade,NASDAQ,Specialty Stores
NASDAQ:NEWTI,NEWTI,Finance,NASDAQ,Finance/Rental/Leasing
NASDAQ:DCGO,DCGO,Health Services,NASDAQ,Medical/Nursing Services
NYSE:SKIL,SKIL,Technology Services,NYSE,Packaged Software
NASDAQ:RGCO,RGCO,Utilities,NASDAQ,Gas Distributors
NYSE:COSO,COSO,Finance,NYSE,Regional Banks
NASDAQ:TYGO,TYGO,Electronic Technology,NASDAQ,Electronic Production Equipment
NASDAQ:ECOR,ECOR,Health Technology,NASDAQ,Medical Specialties
NASDAQ:KIDZ,KIDZ,Finance,NASDAQ,Financial Conglomerates
NASDAQ:SBFG,SBFG,Finance,NASDAQ,Regional Banks
NASDAQ:HBANL,HBANL,Finance,NASDAQ,Major Banks
NASDAQ:STRS,STRS,Finance,NASDAQ,Real Estate Development
NASDAQ:XAIR,XAIR,Health Technology,NASDAQ,Medical Specialties
NASDAQ:OPAL,OPAL,Process Industries,NASDAQ,Industrial Specialties
NYSE:DLNG,DLNG,Transportation,NYSE,Marine Shipping
NYSE:BWMX,BWMX,Retail Trade,NYSE,Specialty Stores
NASDAQ:BELFA,BELFA,Electronic Technology,NASDAQ,Electronic Components
NYSE:MITP,MITP,Finance,NYSE,Real Estate Investment Trusts
NYSE:KNOP,KNOP,Transportation,NYSE,Marine Shipping
NASDAQ:PLBC,PLBC,Finance,NASDAQ,Regional Banks
NASDAQ:MCHPP,MCHPP,Electronic Technology,NASDAQ,Semiconductors
NASDAQ:VRCA,VRCA,Health Technology,NASDAQ,Pharmaceuticals: Major
NASDAQ:LIXT,LIXT,Health Technology,NASDAQ,Biotechnology
NASDAQ:PLMK,PLMK,Finance,NASDAQ,Financial Conglomerates
NASDAQ:LANDO,LANDO,Finance,NASDAQ,Real Estate Investment Trusts
NASDAQ:AREB,AREB,Consumer Non-Durables,NASDAQ,Apparel/Footwear
NASDAQ:CERO,CERO,Health Technology,NASDAQ,Biotechnology
NASDAQ:KLXE,KLXE,Energy Minerals,NASDAQ,Oil & Gas Production
NASDAQ:BIVI,BIVI,Health Technology,NASDAQ,Biotechnology
NYSE:PMTV,PMTV,Finance,NYSE,Real Estate Investment Trusts
NASDAQ:AAME,AAME,Finance,NASDAQ,Multi-Line Insurance
NASDAQ:XBP,XBP,Technology Services,NASDAQ,Packaged Software
NASDAQ:PVBC,PVBC,Finance,NASDAQ,Savings Banks
AMEX:CIX,CIX,Producer Manufacturing,AMEX,Metal Fabrication
NASDAQ:TCX,TCX,Technology Services,NASDAQ,Data Processing Services
NASDAQ:TRNR,TRNR,Retail Trade,NASDAQ,Specialty Stores
NYSE:TRAK,TRAK,Technology Services,NYSE,Packaged Software
NASDAQ:BCML,BCML,Finance,NASDAQ,Regional Banks
NASDAQ:NUAI,NUAI,Finance,NASDAQ,Financial Conglomerates
NYSE:BWNB,BWNB,Electronic Technology,NYSE,Electronic Equipment/Instruments
NASDAQ:PCB,PCB,Finance,NASDAQ,Regional Banks
NASDAQ:NIXX,NIXX,Commercial Services,NASDAQ,Personnel Services
NASDAQ:NTRB,NTRB,Health Technology,NASDAQ,Medical Specialties
NASDAQ:CTNM,CTNM,Health Technology,NASDAQ,Biotechnology
NASDAQ:ALTO,ALTO,Process Industries,NASDAQ,Chemicals: Specialty
NASDAQ:AVR,AVR,Health Technology,NASDAQ,Medical Specialties
NASDAQ:YTRA,YTRA,Consumer Services,NASDAQ,Other Consumer Services
NASDAQ:FORR,FORR,Commercial Services,NASDAQ,Miscellaneous Commercial Services
NYSE:TWOD,TWOD,Finance,NYSE,Real Estate Investment Trusts
NASDAQ:RLYB,RLYB,Health Technology,NASDAQ,Biotechnology
AMEX:RLGT,RLGT,Transportation,AMEX,Air Freight/Couriers
NASDAQ:QIPT,QIPT,Health Services,NASDAQ,Services to the Health Industry
NASDAQ:RRBI,RRBI,Finance,NASDAQ,Regional Banks
NASDAQ:TSBK,TSBK,Finance,NASDAQ,Savings Banks
NASDAQ:RAAQ,RAAQ,Finance,NASDAQ,Financial Conglomerates
NASDAQ:SHIM,SHIM,Industrial Services,NASDAQ,Engineering & Construction
NASDAQ:RANI,RANI,Health Technology,NASDAQ,Biotechnology
NASDAQ:NNBR,NNBR,Producer Manufacturing,NASDAQ,Metal Fabrication
NASDAQ:PHIO,PHIO,Health Technology,NASDAQ,Biotechnology
NASDAQ:ASYS,ASYS,Producer Manufacturing,NASDAQ,Industrial Machinery
NASDAQ:HCAI,HCAI,Producer Manufacturing,NASDAQ,Industrial Machinery
NASDAQ:BCTX,BCTX,Health Technology,NASDAQ,Biotechnology
NASDAQ:CAMP,CAMP,Health Technology,NASDAQ,Biotechnology
NASDAQ:XXII,XXII,Health Technology,NASDAQ,Biotechnology
NASDAQ:MDXH,MDXH,Health Technology,NASDAQ,Medical Specialties
NASDAQ:GTEC,GTEC,Producer Manufacturing,NASDAQ,Industrial Machinery
NASDAQ:FHTX,FHTX,Health Technology,NASDAQ,Biotechnology
NASDAQ:ACXP,ACXP,Health Technology,NASDAQ,Pharmaceuticals: Major
NASDAQ:BLIN,BLIN,Technology Services,NASDAQ,Information Technology Services
NASDAQ:STI,STI,Finance,NASDAQ,Financial Conglomerates
NASDAQ:LOBO,LOBO,Consumer Durables,NASDAQ,Motor Vehicles
NASDAQ:ADSE,ADSE,Producer Manufacturing,NASDAQ,Electrical Products
NASDAQ:SGC,SGC,Consumer Non-Durables,NASDAQ,Apparel/Footwear
NASDAQ:FXNC,FXNC,Finance,NASDAQ,Regional Banks
NASDAQ:GNPX,GNPX,Health Technology,NASDAQ,Pharmaceuticals: Major
NASDAQ:AUUD,AUUD,Technology Services,NASDAQ,Packaged Software
NASDAQ:MKTW,MKTW,Technology Services,NASDAQ,Data Processing Services
NYSE:SAZ,SAZ,Miscellaneous,NYSE,Investment Trusts/Mutual Funds
NASDAQ:SRBK,SRBK,Finance,NASDAQ,Regional Banks
NASDAQ:ICCC,ICCC,Health Technology,NASDAQ,Biotechnology
NASDAQ:ADIL,ADIL,Health Technology,NASDAQ,Pharmaceuticals: Major
NASDAQ:PCSA,PCSA,Health Technology,NASDAQ,Pharmaceuticals: Major
NASDAQ:SDA,SDA,Consumer Services,NASDAQ,Other Consumer Services
NASDAQ:LYEL,LYEL,Health Technology,NASDAQ,Biotechnology
NASDAQ:LVTX,LVTX,Health Technology,NASDAQ,Biotechnology
NASDAQ:PTHL,PTHL,Health Technology,NASDAQ,Medical Specialties
NASDAQ:BJDX,BJDX,Health Technology,NASDAQ,Medical Specialties
NASDAQ:WTF,WTF,Finance,NASDAQ,Investment Banks/Brokers
NASDAQ:FITBI,FITBI,Finance,NASDAQ,Regional Banks
NASDAQ:AOUT,AOUT,Consumer Durables,NASDAQ,Recreational Products
NASDAQ:INAB,INAB,Health Technology,NASDAQ,Biotechnology
NASDAQ:FSFG,FSFG,Finance,NASDAQ,Regional Banks
NASDAQ:NEWTZ,NEWTZ,Finance,NASDAQ,Finance/Rental/Leasing
NASDAQ:FNLC,FNLC,Finance,NASDAQ,Major Banks
NASDAQ:GTI,GTI,Finance,NASDAQ,Financial Conglomerates
NASDAQ:NRSN,NRSN,Health Technology,NASDAQ,Pharmaceuticals: Major
NASDAQ:JAGX,JAGX,Health Technology,NASDAQ,Pharmaceuticals: Major
NASDAQ:NYAX,NYAX,Technology Services,NASDAQ,Packaged Software
NASDAQ:LGO,LGO,Non-Energy Minerals,NASDAQ,Other Metals/Minerals
NASDAQ:ABLLL,ABLLL,Finance,NASDAQ,Investment Managers
NYSE:ENO,ENO,Utilities,NYSE,Electric Utilities
NASDAQ:PYPD,PYPD,Health Technology,NASDAQ,Pharmaceuticals: Major
NASDAQ:PDLB,PDLB,Finance,NASDAQ,Savings Banks
NYSE:EQV,EQV,Finance,NYSE,Financial Conglomerates
NASDAQ:RGS,RGS,Consumer Services,NASDAQ,Other Consumer Services
NASDAQ:NEPH,NEPH,Health Technology,NASDAQ,Medical Specialties
NYSE:EAI,EAI,Utilities,NYSE,Electric Utilities
NASDAQ:NTWO,NTWO,Finance,NASDAQ,Financial Conglomerates
NYSE:AP,AP,Non-Energy Minerals,NYSE,Steel
NASDAQ:INTZ,INTZ,Technology Services,NASDAQ,Information Technology Services
NASDAQ:ARTL,ARTL,Health Technology,NASDAQ,Pharmaceuticals: Major
NASDAQ:RYET,RYET,Technology Services,NASDAQ,Packaged Software
NASDAQ:ACFN,ACFN,Electronic Technology,NASDAQ,Electronic Equipment/Instruments
NASDAQ:NDRA,NDRA,Health Technology,NASDAQ,Medical Specialties
NASDAQ:QVCGP,QVCGP,Consumer Services,NASDAQ,Broadcasting
NYSE:ATHS,ATHS,Finance,NYSE,Life/Health Insurance
NASDAQ:WSBF,WSBF,Finance,NASDAQ,Finance/Rental/Leasing
NASDAQ:RCT,RCT,Technology Services,NASDAQ,Packaged Software
NYSE:ECCU,ECCU,Miscellaneous,NYSE,Investment Trusts/Mutual Funds
NASDAQ:FACT,FACT,Finance,NASDAQ,Financial Conglomerates
NASDAQ:GLSI,GLSI,Health Technology,NASDAQ,Biotechnology
NASDAQ:SNCR,SNCR,Technology Services,NASDAQ,Internet Software/Services
AMEX:INTT,INTT,Electronic Technology,AMEX,Electronic Equipment/Instruments
NASDAQ:STHO,STHO,Finance,NASDAQ,Financial Conglomerates
NASDAQ:XLO,XLO,Health Technology,NASDAQ,Pharmaceuticals: Major
NASDAQ:SILO,SILO,Health Technology,NASDAQ,Pharmaceuticals: Major
NASDAQ:TROO,TROO,Finance,NASDAQ,Finance/Rental/Leasing
NASDAQ:TVRD,TVRD,Health Technology,NASDAQ,Biotechnology
NASDAQ:LCNB,LCNB,Finance,NASDAQ,Major Banks
NASDAQ:FITBP,FITBP,Finance,NASDAQ,Regional Banks
NASDAQ:SIEB,SIEB,Finance,NASDAQ,Investment Banks/Brokers
NASDAQ:ABOS,ABOS,Health Technology,NASDAQ,Pharmaceuticals: Major
NASDAQ:YYAI,YYAI,Process Industries,NASDAQ,Containers/Packaging
NASDAQ:CHMG,CHMG,Finance,NASDAQ,Regional Banks
AMEX:EGG,EGG,Commercial Services,AMEX,Miscellaneous Commercial Services
NASDAQ:MCHX,MCHX,Commercial Services,NASDAQ,Advertising/Marketing Services
NASDAQ:MYNZ,MYNZ,Health Technology,NASDAQ,Biotechnology
AMEX:SLND,SLND,Industrial Services,AMEX,Engineering & Construction
NASDAQ:GLADZ,GLADZ,Miscellaneous,NASDAQ,Investment Trusts/Mutual Funds
NASDAQ:NVCT,NVCT,Health Technology,NASDAQ,Pharmaceuticals: Major
NYSE:SMHI,SMHI,Transportation,NYSE,Other Transportation
NASDAQ:OBT,OBT,Finance,NASDAQ,Regional Banks
NASDAQ:ALTI,ALTI,Finance,NASDAQ,Investment Managers
NASDAQ:BVFL,BVFL,Finance,NASDAQ,Savings Banks
NASDAQ:RSVR,RSVR,Commercial Services,NASDAQ,Miscellaneous Commercial Services
NASDAQ:JUNS,JUNS,Health Technology,NASDAQ,Pharmaceuticals: Major
NASDAQ:MYSE,MYSE,Technology Services,NASDAQ,Packaged Software
NASDAQ:CTW,CTW,Technology Services,NASDAQ,Packaged Software
NASDAQ:PCYO,PCYO,Utilities,NASDAQ,Water Utilities
NASDAQ:STSS,STSS,Health Technology,NASDAQ,Medical Specialties
NASDAQ:BCBP,BCBP,Finance,NASDAQ,Regional Banks
NYSE:AMWL,AMWL,Technology Services,NYSE,Packaged Software
NYSE:MLP,MLP,Finance,NYSE,Real Estate Development
NYSE:VOC,VOC,Miscellaneous,NYSE,Investment Trusts/Mutual Funds
NYSE:NL,NL,Producer Manufacturing,NYSE,Metal Fabrication
NASDAQ:OFLX,OFLX,Producer Manufacturing,NASDAQ,Miscellaneous Manufacturing
NASDAQ:LMNR,LMNR,Process Industries,NASDAQ,Agricultural Commodities/Milling
NASDAQ:AZI,AZI,Retail Trade,NASDAQ,Specialty Stores
NASDAQ:SAMG,SAMG,Finance,NASDAQ,Investment Managers
NASDAQ:SAGT,SAGT,Technology Services,NASDAQ,Packaged Software
NASDAQ:PHH,PHH,Consumer Non-Durables,NASDAQ,Household/Personal Care
NASDAQ:ELUT,ELUT,Health Technology,NASDAQ,Biotechnology
NASDAQ:KRMD,KRMD,Health Technology,NASDAQ,Medical Specialties
NASDAQ:AGRI,AGRI,Commercial Services,NASDAQ,Miscellaneous Commercial Services
NASDAQ:EVTV,EVTV,Producer Manufacturing,NASDAQ,Auto Parts: OEM
NASDAQ:RVSN,RVSN,Transportation,NASDAQ,Other Transportation
NASDAQ:GDC,GDC,Technology Services,NASDAQ,Packaged Software
NASDAQ:SHPH,SHPH,Health Technology,NASDAQ,Pharmaceuticals: Major
NASDAQ:IMNN,IMNN,Health Technology,NASDAQ,Biotechnology
NASDAQ:HOTH,HOTH,Health Technology,NASDAQ,Pharmaceuticals: Major
NASDAQ:INM,INM,Health Technology,NASDAQ,Pharmaceuticals: Major
NASDAQ:NWFL,NWFL,Finance,NASDAQ,Regional Banks
NYSE:RBOT,RBOT,Health Technology,NYSE,Medical Specialties
NASDAQ:EDBL,EDBL,Process Industries,NASDAQ,Agricultural Commodities/Milling
NASDAQ:ONCO,ONCO,Health Technology,NASDAQ,Pharmaceuticals: Major
NASDAQ:KLRS,KLRS,Health Technology,NASDAQ,Biotechnology
NASDAQ:AMIX,AMIX,Health Technology,NASDAQ,Medical Specialties
NASDAQ:PTIX,PTIX,Health Technology,NASDAQ,Pharmaceuticals: Major
NASDAQ:TRAW,TRAW,Health Technology,NASDAQ,Biotechnology
NYSE:AFGC,AFGC,Finance,NYSE,Property/Casualty Insurance
NASDAQ:METCI,METCI,Energy Minerals,NASDAQ,Coal
NASDAQ:KLTR,KLTR,Technology Services,NASDAQ,Packaged Software
NASDAQ:CELZ,CELZ,Health Technology,NASDAQ,Medical Specialties
NASDAQ:AVBH,AVBH,Finance,NASDAQ,Regional Banks
NASDAQ:FTLF,FTLF,Health Technology,NASDAQ,Pharmaceuticals: Other
NASDAQ:GLMD,GLMD,Health Technology,NASDAQ,Pharmaceuticals: Major
NYSE:LAW,LAW,Technology Services,NYSE,Packaged Software
NASDAQ:LOKV,LOKV,Finance,NASDAQ,Financial Conglomerates
NASDAQ:OLB,OLB,Technology Services,NASDAQ,Internet Software/Services
NASDAQ:EBMT,EBMT,Finance,NASDAQ,Regional Banks
NASDAQ:UBXG,UBXG,Commercial Services,NASDAQ,Advertising/Marketing Services
NASDAQ:VIRC,VIRC,Producer Manufacturing,NASDAQ,Office Equipment/Supplies
NASDAQ:MDAI,MDAI,Health Technology,NASDAQ,Medical Specialties
NASDAQ:FDBC,FDBC,Finance,NASDAQ,Regional Banks
NASDAQ:UPLD,UPLD,Technology Services,NASDAQ,Information Technology Services
NASDAQ:OBLG,OBLG,Electronic Technology,NASDAQ,Computer Communications
NASDAQ:SLGL,SLGL,Health Technology,NASDAQ,Pharmaceuticals: Major
NASDAQ:RNAZ,RNAZ,Health Technology,NASDAQ,Biotechnology
NASDAQ:VTSI,VTSI,Technology Services,NASDAQ,Information Technology Services
NASDAQ:SRTS,SRTS,Health Technology,NASDAQ,Medical Specialties
NASDAQ:TCRX,TCRX,Health Technology,NASDAQ,Biotechnology
NASDAQ:CPIX,CPIX,Health Technology,NASDAQ,Pharmaceuticals: Major
NASDAQ:BAER,BAER,Transportation,NASDAQ,Airlines
NASDAQ:CAEP,CAEP,Finance,NASDAQ,Financial Conglomerates
NYSE:RWTN,RWTN,Finance,NYSE,Real Estate Investment Trusts
NASDAQ:ATER,ATER,Retail Trade,NASDAQ,Internet Retail
NASDAQ:NEWTH,NEWTH,Finance,NASDAQ,Finance/Rental/Leasing
NASDAQ:IMG,IMG,Consumer Non-Durables,NASDAQ,Food: Specialty/Candy
NASDAQ:MFH,MFH,Technology Services,NASDAQ,Information Technology Services
NASDAQ:CTXR,CTXR,Health Technology,NASDAQ,Medical Specialties
NASDAQ:QTTB,QTTB,Health Technology,NASDAQ,Biotechnology
NASDAQ:LANDP,LANDP,Finance,NASDAQ,Real Estate Investment Trusts
NASDAQ:PALI,PALI,Health Technology,NASDAQ,Pharmaceuticals: Major
NASDAQ:LVLU,LVLU,Retail Trade,NASDAQ,Internet Retail
NASDAQ:MNY,MNY,Technology Services,NASDAQ,Internet Software/Services
NASDAQ:AXTI,AXTI,Electronic Technology,NASDAQ,Electronic Production Equipment
NASDAQ:AGNCN,AGNCN,Finance,NASDAQ,Real Estate Investment Trusts
NASDAQ:PKBK,PKBK,Finance,NASDAQ,Regional Banks
NYSE:EVC,EVC,Consumer Services,NYSE,Broadcasting
NASDAQ:LASE,LASE,Electronic Technology,NASDAQ,Electronic Equipment/Instruments
NASDAQ:ANY,ANY,Technology Services,NASDAQ,Information Technology Services
NASDAQ:SWKHL,SWKHL,Finance,NASDAQ,Finance/Rental/Leasing
NASDAQ:IMMX,IMMX,Health Technology,NASDAQ,Pharmaceuticals: Major
NYSE:SNDA,SNDA,Health Services,NYSE,Medical/Nursing Services
NASDAQ:AIFU,AIFU,Finance,NASDAQ,Multi-Line Insurance
NASDAQ:FCAP,FCAP,Finance,NASDAQ,Savings Banks
NASDAQ:HTOO,HTOO,Process Industries,NASDAQ,Chemicals: Specialty
NYSE:NINE,NINE,Industrial Services,NYSE,Oilfield Services/Equipment
NYSE:MHNC,MHNC,Finance,NYSE,Life/Health Insurance
NASDAQ:STKS,STKS,Consumer Services,NASDAQ,Restaurants
NASDAQ:BOSC,BOSC,Electronic Technology,NASDAQ,Semiconductors
NASDAQ:CZFS,CZFS,Finance,NASDAQ,Regional Banks
NASDAQ:MOBX,MOBX,Electronic Technology,NASDAQ,Semiconductors
NYSE:GHI,GHI,Finance,NYSE,Finance/Rental/Leasing
NASDAQ:NDLS,NDLS,Consumer Services,NASDAQ,Restaurants
NASDAQ:BCDA,BCDA,Health Technology,NASDAQ,Biotechnology
NYSE:GJS,GJS,Finance,NYSE,Finance/Rental/Leasing
NASDAQ:GORV,GORV,Retail Trade,NASDAQ,Specialty Stores
NASDAQ:LUCY,LUCY,Retail Trade,NASDAQ,Internet Retail
NASDAQ:ENTO,ENTO,Health Technology,NASDAQ,Biotechnology
NASDAQ:NEXM,NEXM,Non-Energy Minerals,NASDAQ,Other Metals/Minerals
NASDAQ:CREV,CREV,Producer Manufacturing,NASDAQ,Auto Parts: OEM
NASDAQ:CGEN,CGEN,Health Technology,NASDAQ,Biotechnology
NASDAQ:RUBI,RUBI,Transportation,NASDAQ,Marine Shipping
NYSE:NC,NC,Energy Minerals,NYSE,Coal
NASDAQ:BPYPP,BPYPP,Finance,NASDAQ,Real Estate Investment Trusts
NASDAQ:EVOK,EVOK,Health Technology,NASDAQ,Pharmaceuticals: Major
NASDAQ:CWD,CWD,Finance,NASDAQ,Investment Managers
AMEX:MLSS,MLSS,Health Technology,AMEX,Medical Specialties
NASDAQ:FRD,FRD,Non-Energy Minerals,NASDAQ,Steel
NYSE:MFAO,MFAO,Finance,NYSE,Real Estate Investment Trusts
AMEX:SCCF,SCCF,Finance,AMEX,Real Estate Investment Trusts
NASDAQ:FAMI,FAMI,Process Industries,NASDAQ,Agricultural Commodities/Milling
NYSE:CIMN,CIMN,Finance,NYSE,Real Estate Investment Trusts
NASDAQ:DEVS,DEVS,Commercial Services,NASDAQ,Miscellaneous Commercial Services
AMEX:EVI,EVI,Distribution Services,AMEX,Wholesale Distributors
NASDAQ:CGBDL,CGBDL,Miscellaneous,NASDAQ,Investment Trusts/Mutual Funds
AMEX:AZTR,AZTR,Health Technology,AMEX,Pharmaceuticals: Major
NASDAQ:GANX,GANX,Health Technology,NASDAQ,Biotechnology
NASDAQ:GOCO,GOCO,Finance,NASDAQ,Insurance Brokers/Services
NASDAQ:MGIC,MGIC,Technology Services,NASDAQ,Packaged Software
NASDAQ:RFIL,RFIL,Electronic Technology,NASDAQ,Electronic Components
NYSE:RWTP,RWTP,Finance,NYSE,Real Estate Investment Trusts
NYSE:FGN,FGN,Finance,NYSE,Multi-Line Insurance
NASDAQ:SFBC,SFBC,Finance,NASDAQ,Regional Banks
NASDAQ:BEEP,BEEP,Finance,NASDAQ,Real Estate Development
NYSE:PERF,PERF,Technology Services,NYSE,Packaged Software
NASDAQ:ATLN,ATLN,Health Technology,NASDAQ,Pharmaceuticals: Major
NASDAQ:MNTK,MNTK,Process Industries,NASDAQ,Industrial Specialties
NASDAQ:WRAP,WRAP,Health Technology,NASDAQ,Medical Specialties
NASDAQ:BOF,BOF,Consumer Non-Durables,NASDAQ,Food: Specialty/Candy
NASDAQ:UGRO,UGRO,Distribution Services,NASDAQ,Wholesale Distributors
NASDAQ:SISI,SISI,Process Industries,NASDAQ,Agricultural Commodities/Milling
NYSE:TVC,TVC,Government,NYSE,General Government
NASDAQ:NXXT,NXXT,Technology Services,NASDAQ,Packaged Software
NASDAQ:MBIO,MBIO,Health Technology,NASDAQ,Pharmaceuticals: Major
NASDAQ:CGTL,CGTL,Distribution Services,NASDAQ,Wholesale Distributors
NYSE:DTB,DTB,Utilities,NYSE,Electric Utilities
NASDAQ:CHSCN,CHSCN,Distribution Services,NASDAQ,Wholesale Distributors
NASDAQ:CHPG,CHPG,Finance,NASDAQ,Financial Conglomerates
NASDAQ:FINW,FINW,Finance,NASDAQ,Regional Banks
NASDAQ:AACB,AACB,Finance,NASDAQ,Financial Conglomerates
NASDAQ:ZBAI,ZBAI,Finance,NASDAQ,Investment Managers
NASDAQ:BMGL,BMGL,Health Services,NASDAQ,Medical/Nursing Services
AMEX:NNVC,NNVC,Health Technology,AMEX,Pharmaceuticals: Major
NASDAQ:HFFG,HFFG,Distribution Services,NASDAQ,Food Distributors
NYSE:BALY,BALY,Consumer Services,NYSE,Casinos/Gaming
AMEX:TRX,TRX,Non-Energy Minerals,AMEX,Precious Metals
NASDAQ:JMSB,JMSB,Finance,NASDAQ,Regional Banks
NASDAQ:AIRTP,AIRTP,Transportation,NASDAQ,Air Freight/Couriers
NASDAQ:CHSCP,CHSCP,Distribution Services,NASDAQ,Wholesale Distributors
NASDAQ:ANTA,ANTA,Finance,NASDAQ,Finance/Rental/Leasing
NASDAQ:POAI,POAI,Health Technology,NASDAQ,Medical Specialties
NYSE:NMG,NMG,Non-Energy Minerals,NYSE,Other Metals/Minerals
NASDAQ:ACTU,ACTU,Health Technology,NASDAQ,Pharmaceuticals: Major
AMEX:NBY,NBY,Health Technology,AMEX,Pharmaceuticals: Major
NASDAQ:BOLT,BOLT,Health Technology,NASDAQ,Pharmaceuticals: Major
NASDAQ:ADVB,ADVB,Health Technology,NASDAQ,Biotechnology
NYSE:MGRB,MGRB,Finance,NYSE,Investment Managers
AMEX:CMT,CMT,Producer Manufacturing,AMEX,Industrial Machinery
NYSE:TBN,TBN,Energy Minerals,NYSE,Integrated Oil
AMEX:MAIA,MAIA,Health Technology,AMEX,Biotechnology
NASDAQ:SBC,SBC,Commercial Services,NASDAQ,Miscellaneous Commercial Services
NASDAQ:KNDI,KNDI,Consumer Durables,NASDAQ,Motor Vehicles
NYSE:TLYS,TLYS,Retail Trade,NYSE,Apparel/Footwear Retail
NASDAQ:RITR,RITR,Finance,NASDAQ,Real Estate Investment Trusts
NASDAQ:SDOT,SDOT,Consumer Services,NASDAQ,Restaurants
NASDAQ:NTRSO,NTRSO,Finance,NASDAQ,Investment Managers
NASDAQ:BDSX,BDSX,Health Services,NASDAQ,Medical/Nursing Services
NASDAQ:GAINI,GAINI,Miscellaneous,NASDAQ,Investment Trusts/Mutual Funds
NYSE:BEPH,BEPH,Finance,NYSE,Real Estate Development
NASDAQ:GIG,GIG,Finance,NASDAQ,Financial Conglomerates
NASDAQ:DSWL,DSWL,Producer Manufacturing,NASDAQ,Industrial Machinery
NYSE:MPX,MPX,Consumer Durables,NYSE,Recreational Products
NASDAQ:CPHC,CPHC,Consumer Services,NASDAQ,Movies/Entertainment
NYSE:CIMO,CIMO,Finance,NYSE,Real Estate Investment Trusts
NASDAQ:VRME,VRME,Technology Services,NASDAQ,Packaged Software
NASDAQ:SEER,SEER,Health Technology,NASDAQ,Biotechnology
NASDAQ:BSET,BSET,Consumer Durables,NASDAQ,Home Furnishings
NASDAQ:VINP,VINP,Finance,NASDAQ,Investment Managers
NYSE:ALUR,ALUR,Health Technology,NYSE,Medical Specialties
NASDAQ:ENTX,ENTX,Health Technology,NASDAQ,Pharmaceuticals: Major
NASDAQ:PMN,PMN,Health Technology,NASDAQ,Biotechnology
NASDAQ:NHTC,NHTC,Consumer Non-Durables,NASDAQ,Household/Personal Care
NASDAQ:ZJYL,ZJYL,Health Technology,NASDAQ,Medical Specialties
NASDAQ:NHPAP,NHPAP,Finance,NASDAQ,Real Estate Investment Trusts
NASDAQ:TECTP,TECTP,Finance,NASDAQ,Investment Managers
NASDAQ:XCUR,XCUR,Health Technology,NASDAQ,Biotechnology
NASDAQ:FTRK,FTRK,Consumer Services,NASDAQ,Media Conglomerates
NYSE:CMSA,CMSA,Utilities,NYSE,Electric Utilities
NASDAQ:RPID,RPID,Producer Manufacturing,NASDAQ,Industrial Machinery
NASDAQ:SND,SND,Non-Energy Minerals,NASDAQ,Construction Materials
NASDAQ:CNTX,CNTX,Health Technology,NASDAQ,Pharmaceuticals: Major
NASDAQ:SNES,SNES,Process Industries,NASDAQ,Chemicals: Agricultural
NASDAQ:NCPL,NCPL,Commercial Services,NASDAQ,Miscellaneous Commercial Services
NASDAQ:ENSC,ENSC,Health Technology,NASDAQ,Biotechnology
AMEX:GRO,GRO,Non-Energy Minerals,AMEX,Other Metals/Minerals
NASDAQ:MATH,MATH,Transportation,NASDAQ,Air Freight/Couriers
NASDAQ:FLUX,FLUX,Producer Manufacturing,NASDAQ,Electrical Products
NASDAQ:HROWL,HROWL,Health Technology,NASDAQ,Pharmaceuticals: Major
NASDAQ:GOODN,GOODN,Finance,NASDAQ,Real Estate Investment Trusts
NASDAQ:QNCX,QNCX,Health Technology,NASDAQ,Biotechnology
NASDAQ:SOPH,SOPH,Technology Services,NASDAQ,Packaged Software
NASDAQ:NKSH,NKSH,Finance,NASDAQ,Major Banks
NASDAQ:GLXG,GLXG,Commercial Services,NASDAQ,Miscellaneous Commercial Services
NYSE:VHC,VHC,Technology Services,NYSE,Packaged Software
NASDAQ:ALLR,ALLR,Health Technology,NASDAQ,Pharmaceuticals: Major
NASDAQ:TAVI,TAVI,Finance,NASDAQ,Financial Conglomerates
NASDAQ:ATHR,ATHR,Technology Services,NASDAQ,Internet Software/Services
NYSE:SAT,SAT,Miscellaneous,NYSE,Investment Trusts/Mutual Funds
NASDAQ:TPGXL,TPGXL,Finance,NASDAQ,Investment Managers
NASDAQ:ATXG,ATXG,Producer Manufacturing,NASDAQ,Metal Fabrication
NASDAQ:CENN,CENN,Consumer Durables,NASDAQ,Motor Vehicles
NASDAQ:WXM,WXM,Producer Manufacturing,NASDAQ,Industrial Machinery
NASDAQ:NCSM,NCSM,Industrial Services,NASDAQ,Oilfield Services/Equipment
NASDAQ:PRQR,PRQR,Health Technology,NASDAQ,Pharmaceuticals: Major
AMEX:FLYX,FLYX,Transportation,AMEX,Airlines
NASDAQ:HOFT,HOFT,Consumer Durables,NASDAQ,Home Furnishings
NASDAQ:FITBO,FITBO,Finance,NASDAQ,Regional Banks
NYSE:SST,SST,Technology Services,NYSE,Packaged Software
NASDAQ:FBLG,FBLG,Health Technology,NASDAQ,Biotechnology
NASDAQ:TRINZ,TRINZ,Miscellaneous,NASDAQ,Investment Trusts/Mutual Funds
NASDAQ:LARK,LARK,Finance,NASDAQ,Major Banks
NASDAQ:CLSD,CLSD,Health Technology,NASDAQ,Pharmaceuticals: Major
NYSE:TGE,TGE,Finance,NYSE,Financial Conglomerates
NASDAQ:RMTI,RMTI,Health Technology,NASDAQ,Medical Specialties
AMEX:YCBD,YCBD,Health Technology,AMEX,Pharmaceuticals: Other
NASDAQ:ACET,ACET,Health Technology,NASDAQ,Pharmaceuticals: Major
NYSE:ELC,ELC,Utilities,NYSE,Electric Utilities
NASDAQ:LNKB,LNKB,Finance,NASDAQ,Regional Banks
NASDAQ:ALXO,ALXO,Health Technology,NASDAQ,Biotechnology
NASDAQ:KMDA,KMDA,Health Technology,NASDAQ,Biotechnology
NASDAQ:TCBIO,TCBIO,Finance,NASDAQ,Major Banks
NASDAQ:JL,JL,Distribution Services,NASDAQ,Wholesale Distributors
NYSE:BNT,BNT,Finance,NYSE,Multi-Line Insurance
AMEX:ACU,ACU,Distribution Services,AMEX,Wholesale Distributors
NASDAQ:MGRX,MGRX,Health Technology,NASDAQ,Pharmaceuticals: Major
NASDAQ:CPSH,CPSH,Producer Manufacturing,NASDAQ,Metal Fabrication
NASDAQ:RWAYL,RWAYL,Finance,NASDAQ,Finance/Rental/Leasing
NASDAQ:BLFY,BLFY,Finance,NASDAQ,Savings Banks
NASDAQ:AEHL,AEHL,Producer Manufacturing,NASDAQ,Building Products
NASDAQ:BPYPN,BPYPN,Finance,NASDAQ,Real Estate Investment Trusts
NASDAQ:COYA,COYA,Health Technology,NASDAQ,Biotechnology
NASDAQ:SOHOB,SOHOB,Finance,NASDAQ,Real Estate Investment Trusts
NASDAQ:IFRX,IFRX,Health Technology,NASDAQ,Biotechnology
NASDAQ:WLDS,WLDS,Electronic Technology,NASDAQ,Electronic Equipment/Instruments
NASDAQ:MYSZ,MYSZ,Technology Services,NASDAQ,Internet Software/Services
NASDAQ:FTAIN,FTAIN,Electronic Technology,NASDAQ,Aerospace & Defense
NASDAQ:ESCA,ESCA,Consumer Durables,NASDAQ,Recreational Products
NASDAQ:ONBPP,ONBPP,Finance,NASDAQ,Major Banks
NYSE:AFGE,AFGE,Finance,NYSE,Property/Casualty Insurance
NASDAQ:BPRN,BPRN,Finance,NASDAQ,Regional Banks
NASDAQ:ACIU,ACIU,Health Technology,NASDAQ,Pharmaceuticals: Major
NASDAQ:GREE,GREE,Technology Services,NASDAQ,Packaged Software
NYSE:BIPI,BIPI,Commercial Services,NYSE,Miscellaneous Commercial Services
NASDAQ:CDIO,CDIO,Health Technology,NASDAQ,Medical Specialties
NASDAQ:LRHC,LRHC,Finance,NASDAQ,Real Estate Development
AMEX:CCEL,CCEL,Transportation,AMEX,Other Transportation
NASDAQ:MRKR,MRKR,Health Technology,NASDAQ,Biotechnology
NYSE:ANRO,ANRO,Health Technology,NYSE,Biotechnology
NASDAQ:LICN,LICN,Commercial Services,NASDAQ,Miscellaneous Commercial Services
NASDAQ:APDN,APDN,Health Technology,NASDAQ,Biotechnology
NASDAQ:ATII,ATII,Finance,NASDAQ,Financial Conglomerates
NASDAQ:CZWI,CZWI,Finance,NASDAQ,Regional Banks
NASDAQ:LINK,LINK,Electronic Technology,NASDAQ,Semiconductors
NASDAQ:PBFS,PBFS,Finance,NASDAQ,Regional Banks
NASDAQ:ATLO,ATLO,Finance,NASDAQ,Regional Banks
NASDAQ:CLAR,CLAR,Consumer Durables,NASDAQ,Recreational Products
NASDAQ:VLYPN,VLYPN,Finance,NASDAQ,Major Banks
NASDAQ:NEWTG,NEWTG,Finance,NASDAQ,Finance/Rental/Leasing
NASDAQ:RLMD,RLMD,Health Technology,NASDAQ,Pharmaceuticals: Major
NYSE:AUNA,AUNA,Health Services,NYSE,Medical/Nursing Services
NASDAQ:OVLY,OVLY,Finance,NASDAQ,Regional Banks
NYSE:IPB,IPB,Finance,NYSE,Finance/Rental/Leasing
NASDAQ:DRCT,DRCT,Commercial Services,NASDAQ,Advertising/Marketing Services
NASDAQ:PNFPP,PNFPP,Finance,NASDAQ,Regional Banks
NASDAQ:APVO,APVO,Health Technology,NASDAQ,Biotechnology
NASDAQ:MTEX,MTEX,Health Technology,NASDAQ,Pharmaceuticals: Other
NASDAQ:GWAV,GWAV,Commercial Services,NASDAQ,Miscellaneous Commercial Services
NASDAQ:YAAS,YAAS,Technology Services,NASDAQ,Packaged Software
AMEX:AIM,AIM,Health Technology,AMEX,Pharmaceuticals: Major
AMEX:IGC,IGC,Health Technology,AMEX,Biotechnology
NASDAQ:SWKH,SWKH,Finance,NASDAQ,Finance/Rental/Leasing
NASDAQ:AMOD,AMOD,Technology Services,NASDAQ,Packaged Software
NYSE:DHX,DHX,Commercial Services,NYSE,Personnel Services
NASDAQ:GCL,GCL,Finance,NASDAQ,Financial Conglomerates
NASDAQ:SINT,SINT,Health Technology,NASDAQ,Medical Specialties
NASDAQ:USGO,USGO,Non-Energy Minerals,NASDAQ,Precious Metals
NASDAQ:KZR,KZR,Health Technology,NASDAQ,Biotechnology
AMEX:ATNM,ATNM,Health Technology,AMEX,Pharmaceuticals: Major
NYSE:TPTA,TPTA,Finance,NYSE,Real Estate Investment Trusts
NASDAQ:BCAB,BCAB,Health Technology,NASDAQ,Biotechnology
NASDAQ:BIYA,BIYA,Commercial Services,NASDAQ,Personnel Services
NASDAQ:NITO,NITO,Consumer Non-Durables,NASDAQ,Household/Personal Care
NASDAQ:BGFV,BGFV,Retail Trade,NASDAQ,Specialty Stores
NASDAQ:ARTV,ARTV,Health Technology,NASDAQ,Biotechnology
NYSE:SAJ,SAJ,Miscellaneous,NYSE,Investment Trusts/Mutual Funds
NASDAQ:HWBK,HWBK,Finance,NASDAQ,Regional Banks
NASDAQ:VIVK,VIVK,Process Industries,NASDAQ,Chemicals: Specialty
NASDAQ:SWAG,SWAG,Commercial Services,NASDAQ,Advertising/Marketing Services
NASDAQ:SKBL,SKBL,Industrial Services,NASDAQ,Engineering & Construction
NASDAQ:USCB,USCB,Finance,NASDAQ,Regional Banks
NASDAQ:DTCK,DTCK,Distribution Services,NASDAQ,Food Distributors
NASDAQ:BLMZ,BLMZ,Commercial Services,NASDAQ,Miscellaneous Commercial Services
NASDAQ:ADTX,ADTX,Health Technology,NASDAQ,Biotechnology
NASDAQ:ULBI,ULBI,Producer Manufacturing,NASDAQ,Electrical Products
NASDAQ:GCBC,GCBC,Finance,NASDAQ,Savings Banks
NASDAQ:CREG,CREG,Utilities,NASDAQ,Electric Utilities
NASDAQ:RVSB,RVSB,Finance,NASDAQ,Savings Banks
NASDAQ:XHLD,XHLD,Commercial Services,NASDAQ,Miscellaneous Commercial Services
NASDAQ:IINN,IINN,Health Technology,NASDAQ,Medical Specialties
NASDAQ:FEMY,FEMY,Electronic Technology,NASDAQ,Electronic Equipment/Instruments
NASDAQ:RILYP,RILYP,Finance,NASDAQ,Investment Banks/Brokers
NYSE:BGSF,BGSF,Commercial Services,NYSE,Personnel Services
NASDAQ:FPAY,FPAY,Finance,NASDAQ,Finance/Rental/Leasing
NASDAQ:BTBD,BTBD,Consumer Services,NASDAQ,Restaurants
NASDAQ:IKT,IKT,Health Technology,NASDAQ,Pharmaceuticals: Major
NASDAQ:GMHS,GMHS,Finance,NASDAQ,Financial Conglomerates
NASDAQ:MTC,MTC,Technology Services,NASDAQ,Information Technology Services
NASDAQ:FTHM,FTHM,Technology Services,NASDAQ,Packaged Software
AMEX:LPA,LPA,Finance,AMEX,Real Estate Development
NYSE:NRUC,NRUC,Finance,NYSE,Finance/Rental/Leasing
NASDAQ:MJID,MJID,Distribution Services,NASDAQ,Wholesale Distributors
NASDAQ:GRCE,GRCE,Health Technology,NASDAQ,Pharmaceuticals: Major
NASDAQ:METCZ,METCZ,Energy Minerals,NASDAQ,Coal
NASDAQ:OFS,OFS,Miscellaneous,NASDAQ,Investment Trusts/Mutual Funds
NYSE:BODI,BODI,Consumer Services,NYSE,Other Consumer Services
NASDAQ:SNTI,SNTI,Health Technology,NASDAQ,Biotechnology
NYSE:EICA,EICA,Miscellaneous,NYSE,Investment Trusts/Mutual Funds
NASDAQ:ERNA,ERNA,Health Technology,NASDAQ,Pharmaceuticals: Major
NYSE:MITN,MITN,Finance,NYSE,Real Estate Investment Trusts
NASDAQ:JSM,JSM,Finance,NASDAQ,Finance/Rental/Leasing
NASDAQ:YSXT,YSXT,Finance,NASDAQ,Property/Casualty Insurance
NASDAQ:NXGL,NXGL,Process Industries,NASDAQ,Chemicals: Specialty
NASDAQ:OXSQG,OXSQG,Miscellaneous,NASDAQ,Investment Trusts/Mutual Funds
NYSE:AFGD,AFGD,Finance,NYSE,Property/Casualty Insurance
NASDAQ:RELL,RELL,Electronic Technology,NASDAQ,Electronic Production Equipment
NASDAQ:XRTX,XRTX,Health Technology,NASDAQ,Pharmaceuticals: Major
NASDAQ:RSSS,RSSS,Commercial Services,NASDAQ,Miscellaneous Commercial Services
NASDAQ:ALZN,ALZN,Health Technology,NASDAQ,Pharmaceuticals: Major
NASDAQ:FBRX,FBRX,Health Technology,NASDAQ,Biotechnology
AMEX:LEGT,LEGT,Finance,AMEX,Financial Conglomerates
NASDAQ:ONBPO,ONBPO,Finance,NASDAQ,Major Banks
NASDAQ:SEGG,SEGG,Consumer Services,NASDAQ,Movies/Entertainment
NASDAQ:TPCS,TPCS,Producer Manufacturing,NASDAQ,Industrial Machinery
NASDAQ:DCOMP,DCOMP,Finance,NASDAQ,Regional Banks
NASDAQ:ELBM,ELBM,Producer Manufacturing,NASDAQ,Electrical Products
NASDAQ:MKDW,MKDW,Producer Manufacturing,NASDAQ,Auto Parts: OEM
NASDAQ:WORX,WORX,Technology Services,NASDAQ,Packaged Software
AMEX:TOON,TOON,Consumer Services,AMEX,Movies/Entertainment
NASDAQ:MURA,MURA,Health Technology,NASDAQ,Biotechnology
NYSE:BEPI,BEPI,Finance,NYSE,Real Estate Development
NASDAQ:HSDT,HSDT,Health Technology,NASDAQ,Medical Specialties
NASDAQ:FNGR,FNGR,Technology Services,NASDAQ,Packaged Software
NASDAQ:REVB,REVB,Health Technology,NASDAQ,Biotechnology
NASDAQ:KEQU,KEQU,Health Technology,NASDAQ,Medical Specialties
AMEX:BGI,BGI,Retail Trade,AMEX,Specialty Stores
AMEX:LUD,LUD,Non-Energy Minerals,AMEX,Steel
NASDAQ:BAFN,BAFN,Finance,NASDAQ,Regional Banks
NASDAQ:DYAI,DYAI,Health Services,NASDAQ,Medical/Nursing Services
NASDAQ:VRA,VRA,Consumer Non-Durables,NASDAQ,Apparel/Footwear
NYSE:SPME,SPME,Miscellaneous,NYSE,Investment Trusts/Mutual Funds
NASDAQ:TTSH,TTSH,Retail Trade,NASDAQ,Home Improvement Chains
NYSE:WHG,WHG,Finance,NYSE,Investment Managers
NASDAQ:HMR,HMR,Industrial Services,NASDAQ,Oil & Gas Pipelines
NYSE:SFB,SFB,Finance,NYSE,Investment Managers
NASDAQ:ANEB,ANEB,Health Technology,NASDAQ,Pharmaceuticals: Major
NASDAQ:ANIX,ANIX,Health Technology,NASDAQ,Biotechnology
NASDAQ:AGNCM,AGNCM,Finance,NASDAQ,Real Estate Investment Trusts
NASDAQ:PFSA,PFSA,Electronic Technology,NASDAQ,Semiconductors
NASDAQ:AGNCL,AGNCL,Finance,NASDAQ,Real Estate Investment Trusts
NASDAQ:IVDA,IVDA,Electronic Technology,NASDAQ,Telecommunications Equipment
NASDAQ:SOWG,SOWG,Consumer Non-Durables,NASDAQ,Food: Specialty/Candy
NASDAQ:CRIS,CRIS,Health Technology,NASDAQ,Biotechnology
NYSE:BNJ,BNJ,Finance,NYSE,Finance/Rental/Leasing
NASDAQ:SPAI,SPAI,Electronic Technology,NASDAQ,Aerospace & Defense
NASDAQ:KMRK,KMRK,Commercial Services,NASDAQ,Miscellaneous Commercial Services
NASDAQ:EGAN,EGAN,Technology Services,NASDAQ,Internet Software/Services
NASDAQ:NSPR,NSPR,Health Technology,NASDAQ,Medical Specialties
NASDAQ:MNSB,MNSB,Finance,NASDAQ,Regional Banks
NASDAQ:GMGI,GMGI,Technology Services,NASDAQ,Packaged Software
NASDAQ:VBIX,VBIX,Electronic Technology,NASDAQ,Computer Peripherals
NYSE:VHI,VHI,Process Industries,NYSE,Chemicals: Specialty
AMEX:CVU,CVU,Electronic Technology,AMEX,Aerospace & Defense
NASDAQ:BFRG,BFRG,Technology Services,NASDAQ,Packaged Software
NASDAQ:CAPN,CAPN,Finance,NASDAQ,Financial Conglomerates
NASDAQ:CMTL,CMTL,Electronic Technology,NASDAQ,Telecommunications Equipment
NASDAQ:EUDA,EUDA,Health Services,NASDAQ,Medical/Nursing Services
NASDAQ:BPYPM,BPYPM,Finance,NASDAQ,Real Estate Development
NASDAQ:WTO,WTO,Electronic Technology,NASDAQ,Telecommunications Equipment
NASDAQ:SONM,SONM,Electronic Technology,NASDAQ,Telecommunications Equipment
NASDAQ:DHCNI,DHCNI,Finance,NASDAQ,Real Estate Investment Trusts
AMEX:LSF,LSF,Consumer Non-Durables,AMEX,Food: Specialty/Candy
NASDAQ:DFSC,DFSC,Commercial Services,NASDAQ,Miscellaneous Commercial Services
NASDAQ:MBCN,MBCN,Finance,NASDAQ,Regional Banks
NASDAQ:FGEN,FGEN,Health Technology,NASDAQ,Pharmaceuticals: Major
NASDAQ:VEEE,VEEE,Consumer Durables,NASDAQ,Recreational Products
NASDAQ:WHWK,WHWK,Health Technology,NASDAQ,Biotechnology
NASDAQ:CREX,CREX,Commercial Services,NASDAQ,Advertising/Marketing Services
NASDAQ:TRINI,TRINI,Miscellaneous,NASDAQ,Investment Trusts/Mutual Funds
AMEX:NEWP,NEWP,Non-Energy Minerals,AMEX,Precious Metals
AMEX:ITP,ITP,Process Industries,AMEX,Containers/Packaging
AMEX:EP,EP,Energy Minerals,AMEX,Oil & Gas Production
NASDAQ:BBLG,BBLG,Health Technology,NASDAQ,Medical Specialties
NASDAQ:SGD,SGD,Finance,NASDAQ,Real Estate Development
NASDAQ:REBN,REBN,Consumer Services,NASDAQ,Restaurants
NASDAQ:CCIX,CCIX,Finance,NASDAQ,Financial Conglomerates
AMEX:COHN,COHN,Finance,AMEX,Investment Banks/Brokers
NASDAQ:UNB,UNB,Finance,NASDAQ,Regional Banks
NASDAQ:CODA,CODA,Electronic Technology,NASDAQ,Aerospace & Defense
NASDAQ:MBBC,MBBC,Finance,NASDAQ,Regional Banks
NASDAQ:TLPH,TLPH,Health Technology,NASDAQ,Pharmaceuticals: Major
NASDAQ:PRFX,PRFX,Health Technology,NASDAQ,Pharmaceuticals: Major
NASDAQ:MRAM,MRAM,Electronic Technology,NASDAQ,Semiconductors
NASDAQ:DIBS,DIBS,Retail Trade,NASDAQ,Internet Retail
NASDAQ:DXLG,DXLG,Retail Trade,NASDAQ,Apparel/Footwear Retail
NYSE:ECCF,ECCF,Miscellaneous,NYSE,Investment Trusts/Mutual Funds
NASDAQ:LFWD,LFWD,Health Technology,NASDAQ,Medical Specialties
AMEX:BDL,BDL,Consumer Services,AMEX,Restaurants
NASDAQ:PFX,PFX,Miscellaneous,NASDAQ,Investment Trusts/Mutual Funds
NASDAQ:RENB,RENB,Health Technology,NASDAQ,Biotechnology
NASDAQ:WATT,WATT,Electronic Technology,NASDAQ,Semiconductors
NASDAQ:NAOV,NAOV,Health Technology,NASDAQ,Medical Specialties
NASDAQ:HNVR,HNVR,Finance,NASDAQ,Regional Banks
NASDAQ:CDT,CDT,Health Technology,NASDAQ,Pharmaceuticals: Major
NASDAQ:LSTA,LSTA,Health Technology,NASDAQ,Pharmaceuticals: Major
NASDAQ:EPWK,EPWK,Technology Services,NASDAQ,Packaged Software
NASDAQ:INBS,INBS,Health Services,NASDAQ,Medical/Nursing Services
NASDAQ:DTI,DTI,Finance,NASDAQ,Finance/Rental/Leasing
NASDAQ:HCWB,HCWB,Health Technology,NASDAQ,Biotechnology
NASDAQ:GCTK,GCTK,Health Technology,NASDAQ,Medical Specialties
NYSE:DTW,DTW,Utilities,NYSE,Electric Utilities
NASDAQ:SQFT,SQFT,Finance,NASDAQ,Real Estate Investment Trusts
NYSE:GJH,GJH,Finance,NYSE,Finance/Rental/Leasing
NASDAQ:GAINL,GAINL,Miscellaneous,NASDAQ,Investment Trusts/Mutual Funds
NYSE:BEPJ,BEPJ,Finance,NYSE,Real Estate Development
NASDAQ:COLA,COLA,Finance,NASDAQ,Financial Conglomerates
NASDAQ:NAUT,NAUT,Health Technology,NASDAQ,Biotechnology
NYSE:ENJ,ENJ,Utilities,NYSE,Electric Utilities
NASDAQ:MSBIP,MSBIP,Finance,NASDAQ,Regional Banks
NASDAQ:WSBCP,WSBCP,Finance,NASDAQ,Regional Banks
NASDAQ:PETS,PETS,Retail Trade,NASDAQ,Specialty Stores
NASDAQ:WENN,WENN,Finance,NASDAQ,Financial Conglomerates
NASDAQ:HCHL,HCHL,Consumer Services,NASDAQ,Restaurants
NYSE:AOMN,AOMN,Finance,NYSE,Real Estate Investment Trusts
NASDAQ:ASBP,ASBP,Health Technology,NASDAQ,Pharmaceuticals: Other
NASDAQ:PMEC,PMEC,Commercial Services,NASDAQ,Miscellaneous Commercial Services
NASDAQ:RILYL,RILYL,Finance,NASDAQ,Investment Banks/Brokers
NASDAQ:IDAI,IDAI,Technology Services,NASDAQ,Packaged Software
NASDAQ:HBANM,HBANM,Finance,NASDAQ,Major Banks
NASDAQ:EPIX,EPIX,Health Technology,NASDAQ,Pharmaceuticals: Major
NASDAQ:GEGGL,GEGGL,Finance,NASDAQ,Investment Managers
NYSE:SAY,SAY,Miscellaneous,NYSE,Investment Trusts/Mutual Funds
NASDAQ:JXG,JXG,Consumer Non-Durables,NASDAQ,Apparel/Footwear
NASDAQ:CBFV,CBFV,Finance,NASDAQ,Regional Banks
NASDAQ:AIRT,AIRT,Transportation,NASDAQ,Air Freight/Couriers
NYSE:GHLD,GHLD,Finance,NYSE,Finance/Rental/Leasing
NASDAQ:NTWK,NTWK,Technology Services,NASDAQ,Information Technology Services
NASDAQ:CSWCZ,CSWCZ,Finance,NASDAQ,Investment Managers
NASDAQ:ECBK,ECBK,Finance,NASDAQ,Regional Banks
NASDAQ:TOYO,TOYO,Electronic Technology,NASDAQ,Semiconductors
NASDAQ:HWCPZ,HWCPZ,Finance,NASDAQ,Regional Banks
NASDAQ:ELAB,ELAB,Health Technology,NASDAQ,Biotechnology
NASDAQ:LEXX,LEXX,Health Technology,NASDAQ,Pharmaceuticals: Major
NASDAQ:ILAG,ILAG,Consumer Durables,NASDAQ,Tools & Hardware
NASDAQ:EBON,EBON,Electronic Technology,NASDAQ,Computer Processing Hardware
NASDAQ:WCT,WCT,Technology Services,NASDAQ,Packaged Software
NASDAQ:CLIK,CLIK,Commercial Services,NASDAQ,Personnel Services
NASDAQ:XELB,XELB,Consumer Non-Durables,NASDAQ,Apparel/Footwear
NASDAQ:WAFDP,WAFDP,Finance,NASDAQ,Major Banks
NASDAQ:SABS,SABS,Health Technology,NASDAQ,Biotechnology
NASDAQ:ASRT,ASRT,Health Technology,NASDAQ,Pharmaceuticals: Major
NYSE:DDT,DDT,Finance,NYSE,Finance/Rental/Leasing
NASDAQ:SNT,SNT,Electronic Technology,NASDAQ,Aerospace & Defense
NASDAQ:PBBK,PBBK,Finance,NASDAQ,Savings Banks
NASDAQ:TBH,TBH,Technology Services,NASDAQ,Internet Software/Services
NASDAQ:ENGN,ENGN,Health Technology,NASDAQ,Biotechnology
NASDAQ:WGRX,WGRX,Distribution Services,NASDAQ,Medical Distributors
NASDAQ:BSBK,BSBK,Finance,NASDAQ,Savings Banks
AMEX:ELA,ELA,Retail Trade,AMEX,Specialty Stores
NASDAQ:FRGT,FRGT,Finance,NASDAQ,Financial Conglomerates
NASDAQ:TUSK,TUSK,Industrial Services,NASDAQ,Oilfield Services/Equipment
NASDAQ:MBINM,MBINM,Finance,NASDAQ,Regional Banks
NYSE:EMP,EMP,Utilities,NYSE,Electric Utilities
NASDAQ:XTKG,XTKG,Technology Services,NASDAQ,Packaged Software
NASDAQ:DGLY,DGLY,Commercial Services,NASDAQ,Miscellaneous Commercial Services
NASDAQ:QLGN,QLGN,Health Technology,NASDAQ,Pharmaceuticals: Other
NASDAQ:DRTS,DRTS,Health Technology,NASDAQ,Medical Specialties
NASDAQ:FONR,FONR,Commercial Services,NASDAQ,Miscellaneous Commercial Services
NASDAQ:BRID,BRID,Consumer Non-Durables,NASDAQ,Food: Specialty/Candy
NASDAQ:SSSSL,SSSSL,Miscellaneous,NASDAQ,Investment Trusts/Mutual Funds
NASDAQ:SCYX,SCYX,Health Technology,NASDAQ,Pharmaceuticals: Major
NASDAQ:HURC,HURC,Producer Manufacturing,NASDAQ,Industrial Machinery
AMEX:HCWC,HCWC,Retail Trade,AMEX,Food Retail
NASDAQ:NXPL,NXPL,Non-Energy Minerals,NASDAQ,Precious Metals
AMEX:NRXS,NRXS,Health Technology,AMEX,Medical Specialties
NASDAQ:BEAT,BEAT,Health Technology,NASDAQ,Medical Specialties
NASDAQ:LHSW,LHSW,Electronic Technology,NASDAQ,Computer Processing Hardware
NASDAQ:CNTY,CNTY,Consumer Services,NASDAQ,Casinos/Gaming
NASDAQ:SCWO,SCWO,Industrial Services,NASDAQ,Environmental Services
NASDAQ:INTG,INTG,Consumer Services,NASDAQ,Hotels/Resorts/Cruise lines
NASDAQ:TLIH,TLIH,Distribution Services,NASDAQ,Wholesale Distributors
NYSE:CLCO,CLCO,Industrial Services,NYSE,Oil & Gas Pipelines
NASDAQ:CYCN,CYCN,Health Technology,NASDAQ,Pharmaceuticals: Major
NASDAQ:CCEC,CCEC,Transportation,NASDAQ,Marine Shipping
NASDAQ:SIMA,SIMA,Finance,NASDAQ,Financial Conglomerates
AMEX:SER,SER,Commercial Services,AMEX,Miscellaneous Commercial Services
NASDAQ:ALCY,ALCY,Finance,NASDAQ,Financial Conglomerates
NASDAQ:SERA,SERA,Health Services,NASDAQ,Medical/Nursing Services
NYSE:SPMA,SPMA,Miscellaneous,NYSE,Investment Trusts/Mutual Funds
NASDAQ:NMFCZ,NMFCZ,Miscellaneous,NASDAQ,Investment Trusts/Mutual Funds
AMEX:TMDE,TMDE,Distribution Services,AMEX,Wholesale Distributors
NASDAQ:SLSN,SLSN,Consumer Non-Durables,NASDAQ,Household/Personal Care
NYSE:GROV,GROV,Consumer Non-Durables,NYSE,Household/Personal Care
NASDAQ:MSPR,MSPR,Finance,NASDAQ,Insurance Brokers/Services
NASDAQ:BSAA,BSAA,Finance,NASDAQ,Financial Conglomerates
AMEX:TMQ,TMQ,Non-Energy Minerals,AMEX,Other Metals/Minerals
AMEX:BATL,BATL,Energy Minerals,AMEX,Oil & Gas Production
NASDAQ:ALF,ALF,Finance,NASDAQ,Financial Conglomerates
NASDAQ:CRGO,CRGO,Technology Services,NASDAQ,Internet Software/Services
AMEX:TPET,TPET,Energy Minerals,AMEX,Integrated Oil
NASDAQ:CNFRZ,CNFRZ,Finance,NASDAQ,Property/Casualty Insurance
NASDAQ:ASPS,ASPS,Finance,NASDAQ,Finance/Rental/Leasing
AMEX:AMBI,AMBI,Industrial Services,AMEX,Environmental Services
NASDAQ:NTIC,NTIC,Process Industries,NASDAQ,Industrial Specialties
NASDAQ:RIME,RIME,Consumer Services,NASDAQ,Movies/Entertainment
NASDAQ:CUE,CUE,Health Technology,NASDAQ,Biotechnology
NASDAQ:AQMS,AQMS,Non-Energy Minerals,NASDAQ,Other Metals/Minerals
NYSE:CCIA,CCIA,Miscellaneous,NYSE,Investment Trusts/Mutual Funds
NASDAQ:UBFO,UBFO,Finance,NASDAQ,Regional Banks
NASDAQ:GGR,GGR,Consumer Durables,NASDAQ,Motor Vehicles
AMEX:APT,APT,Process Industries,AMEX,Industrial Specialties
NASDAQ:CARM,CARM,Health Technology,NASDAQ,Biotechnology
NASDAQ:CCG,CCG,Technology Services,NASDAQ,Packaged Software
NASDAQ:TORO,TORO,Transportation,NASDAQ,Marine Shipping
NASDAQ:MAMO,MAMO,Finance,NASDAQ,Real Estate Development
NASDAQ:SMSI,SMSI,Technology Services,NASDAQ,Packaged Software
NASDAQ:OVBC,OVBC,Finance,NASDAQ,Regional Banks
NASDAQ:GECCO,GECCO,Finance,NASDAQ,Financial Conglomerates
NASDAQ:NTRP,NTRP,Technology Services,NASDAQ,Packaged Software
NASDAQ:CUB,CUB,Consumer Services,NASDAQ,Publishing: Newspapers
NASDAQ:ZYXI,ZYXI,Health Technology,NASDAQ,Medical Specialties
NASDAQ:VRAR,VRAR,Technology Services,NASDAQ,Packaged Software
NASDAQ:CTOR,CTOR,Health Technology,NASDAQ,Pharmaceuticals: Major
NYSE:GBLI,GBLI,Finance,NYSE,Property/Casualty Insurance
NASDAQ:JVA,JVA,Consumer Non-Durables,NASDAQ,Food: Specialty/Candy
NASDAQ:RENT,RENT,Retail Trade,NASDAQ,Internet Retail
NASDAQ:COCP,COCP,Health Technology,NASDAQ,Pharmaceuticals: Major
NASDAQ:GECCI,GECCI,Miscellaneous,NASDAQ,Investment Trusts/Mutual Funds
NASDAQ:EJH,EJH,Consumer Services,NASDAQ,Other Consumer Services
NASDAQ:TVA,TVA,Finance,NASDAQ,Financial Conglomerates
NASDAQ:WPRT,WPRT,Producer Manufacturing,NASDAQ,Trucks/Construction/Farm Machinery
NASDAQ:TELA,TELA,Health Technology,NASDAQ,Medical Specialties
NASDAQ:SMTK,SMTK,Electronic Technology,NASDAQ,Semiconductors
NASDAQ:CFSB,CFSB,Finance,NASDAQ,Savings Banks
NYSE:LANV,LANV,Consumer Non-Durables,NYSE,Apparel/Footwear
NASDAQ:FTFT,FTFT,Finance,NASDAQ,Finance/Rental/Leasing
NASDAQ:SFHG,SFHG,Distribution Services,NASDAQ,Wholesale Distributors
NASDAQ:CALC,CALC,Health Technology,NASDAQ,Biotechnology
NASDAQ:CBAT,CBAT,Producer Manufacturing,NASDAQ,Electrical Products
NASDAQ:NODK,NODK,Finance,NASDAQ,Multi-Line Insurance
NASDAQ:ISBA,ISBA,Finance,NASDAQ,Regional Banks
NASDAQ:SHFS,SHFS,Finance,NASDAQ,Financial Conglomerates
NASDAQ:AENT,AENT,Distribution Services,NASDAQ,Electronics Distributors
NASDAQ:VANI,VANI,Health Technology,NASDAQ,Medical Specialties
NASDAQ:MSW,MSW,Industrial Services,NASDAQ,Engineering & Construction
NASDAQ:ILLR,ILLR,Technology Services,NASDAQ,Packaged Software
NASDAQ:BGM,BGM,Health Technology,NASDAQ,Pharmaceuticals: Major
NASDAQ:POLA,POLA,Electronic Technology,NASDAQ,Electronic Equipment/Instruments
NASDAQ:DWSN,DWSN,Technology Services,NASDAQ,Data Processing Services
NYSE:VATE,VATE,Industrial Services,NYSE,Engineering & Construction
NASDAQ:TENX,TENX,Health Technology,NASDAQ,Pharmaceuticals: Major
NASDAQ:BLUW,BLUW,Finance,NASDAQ,Financial Conglomerates
NASDAQ:PIII,PIII,Commercial Services,NASDAQ,Miscellaneous Commercial Services
NASDAQ:MNDR,MNDR,Health Services,NASDAQ,Medical/Nursing Services
NASDAQ:NTCL,NTCL,Technology Services,NASDAQ,Packaged Software
AMEX:MRT,MRT,Finance,AMEX,Finance/Rental/Leasing
NASDAQ:ANSC,ANSC,Finance,NASDAQ,Financial Conglomerates
NASDAQ:OCCIO,OCCIO,Miscellaneous,NASDAQ,Investment Trusts/Mutual Funds
NASDAQ:WFF,WFF,Process Industries,NASDAQ,Textiles
NASDAQ:CHCI,CHCI,Consumer Durables,NASDAQ,Homebuilding
NASDAQ:ATGL,ATGL,Technology Services,NASDAQ,Packaged Software
NASDAQ:CAAS,CAAS,Producer Manufacturing,NASDAQ,Auto Parts: OEM
AMEX:ELLO,ELLO,Utilities,AMEX,Electric Utilities
NASDAQ:MYPS,MYPS,Technology Services,NASDAQ,Packaged Software
NASDAQ:APM,APM,Health Technology,NASDAQ,Pharmaceuticals: Major
NASDAQ:MBINN,MBINN,Finance,NASDAQ,Regional Banks
NASDAQ:VALU,VALU,Consumer Services,NASDAQ,Publishing: Books/Magazines
NASDAQ:OXLCG,OXLCG,Miscellaneous,NASDAQ,Investment Trusts/Mutual Funds
AMEX:GRAF,GRAF,Finance,AMEX,Financial Conglomerates
NASDAQ:FARM,FARM,Consumer Non-Durables,NASDAQ,Food: Specialty/Candy
NASDAQ:SNYR,SNYR,Health Technology,NASDAQ,Pharmaceuticals: Other
NASDAQ:RMCO,RMCO,Finance,NASDAQ,Financial Conglomerates
NASDAQ:BKYI,BKYI,Technology Services,NASDAQ,Information Technology Services
AMEX:PZG,PZG,Non-Energy Minerals,AMEX,Precious Metals
NASDAQ:PEBK,PEBK,Finance,NASDAQ,Regional Banks
NASDAQ:CMBM,CMBM,Communications,NASDAQ,Specialty Telecommunications
NYSE:EEX,EEX,Commercial Services,NYSE,Miscellaneous Commercial Services
AMEX:NCL,NCL,Technology Services,AMEX,Packaged Software
NASDAQ:GSUN,GSUN,Commercial Services,NASDAQ,Miscellaneous Commercial Services
AMEX:AMZE,AMZE,Consumer Non-Durables,AMEX,Beverages: Alcoholic
NASDAQ:INVE,INVE,Electronic Technology,NASDAQ,Semiconductors
NASDAQ:HAO,HAO,Commercial Services,NASDAQ,Advertising/Marketing Services
NASDAQ:EHLD,EHLD,Transportation,NASDAQ,Marine Shipping
AMEX:OGEN,OGEN,Health Technology,AMEX,Pharmaceuticals: Major
NASDAQ:PROV,PROV,Finance,NASDAQ,Savings Banks
NASDAQ:MESA,MESA,Transportation,NASDAQ,Airlines
NASDAQ:PSHG,PSHG,Transportation,NASDAQ,Marine Shipping
NASDAQ:CCNEP,CCNEP,Finance,NASDAQ,Regional Banks
NASDAQ:CNCK,CNCK,Finance,NASDAQ,Investment Banks/Brokers
NASDAQ:VERO,VERO,Health Technology,NASDAQ,Medical Specialties
NASDAQ:CAPT,CAPT,Producer Manufacturing,NASDAQ,Miscellaneous Manufacturing
NASDAQ:BFRI,BFRI,Health Technology,NASDAQ,Pharmaceuticals: Major
NASDAQ:PLUR,PLUR,Health Technology,NASDAQ,Biotechnology
NASDAQ:UPC,UPC,Health Technology,NASDAQ,Pharmaceuticals: Major
NASDAQ:GELS,GELS,Health Technology,NASDAQ,Pharmaceuticals: Major
NASDAQ:RCON,RCON,Distribution Services,NASDAQ,Electronics Distributors
NASDAQ:APYX,APYX,Health Technology,NASDAQ,Medical Specialties
NASDAQ:JFB,JFB,Industrial Services,NASDAQ,Engineering & Construction
NASDAQ:ALBT,ALBT,Health Technology,NASDAQ,Biotechnology
NASDAQ:ORKT,ORKT,Technology Services,NASDAQ,Packaged Software
NASDAQ:CJET,CJET,Consumer Durables,NASDAQ,Motor Vehicles
NYSE:PMTU,PMTU,Finance,NYSE,Real Estate Investment Trusts
NASDAQ:GRI,GRI,Health Technology,NASDAQ,Biotechnology
NASDAQ:ZYBT,ZYBT,Health Technology,NASDAQ,Biotechnology
NASDAQ:APLM,APLM,Finance,NASDAQ,Financial Conglomerates
NASDAQ:COCH,COCH,Health Technology,NASDAQ,Medical Specialties
NASDAQ:FCUV,FCUV,Commercial Services,NASDAQ,Advertising/Marketing Services
NASDAQ:NIVF,NIVF,Health Services,NASDAQ,Medical/Nursing Services
NASDAQ:NMTC,NMTC,Health Technology,NASDAQ,Medical Specialties
NASDAQ:KELYB,KELYB,Commercial Services,NASDAQ,Personnel Services
NYSE:ECCX,ECCX,Miscellaneous,NYSE,Investment Trusts/Mutual Funds
NASDAQ:PRLD,PRLD,Health Technology,NASDAQ,Biotechnology
NASDAQ:INBKZ,INBKZ,Finance,NASDAQ,Regional Banks
NYSE:JACS,JACS,Finance,NYSE,Financial Conglomerates
NASDAQ:CJMB,CJMB,Transportation,NASDAQ,Air Freight/Couriers
NASDAQ:AKAN,AKAN,Process Industries,NASDAQ,Agricultural Commodities/Milling
NASDAQ:HTCR,HTCR,Technology Services,NASDAQ,Information Technology Services
NASDAQ:AEMD,AEMD,Health Technology,NASDAQ,Medical Specialties
NASDAQ:PULM,PULM,Health Technology,NASDAQ,Pharmaceuticals: Major
NASDAQ:SILC,SILC,Electronic Technology,NASDAQ,Computer Communications
NASDAQ:LOOP,LOOP,Process Industries,NASDAQ,Chemicals: Specialty
NYSE:MGRD,MGRD,Finance,NYSE,Investment Managers
NYSE:RCC,RCC,Finance,NYSE,Real Estate Investment Trusts
NASDAQ:JWEL,JWEL,Distribution Services,NASDAQ,Medical Distributors
NYSE:PDPA,PDPA,Miscellaneous,NYSE,Investment Trusts/Mutual Funds
NASDAQ:KVHI,KVHI,Electronic Technology,NASDAQ,Telecommunications Equipment
NASDAQ:FUSB,FUSB,Finance,NASDAQ,Regional Banks
NASDAQ:AUBN,AUBN,Finance,NASDAQ,Regional Banks
NASDAQ:IZM,IZM,Retail Trade,NASDAQ,Internet Retail
NASDAQ:ANNA,ANNA,Finance,NASDAQ,Financial Conglomerates
NYSE:TCI,TCI,Finance,NYSE,Real Estate Development
NYSE:TVE,TVE,Government,NYSE,General Government
NASDAQ:VACH,VACH,Finance,NASDAQ,Financial Conglomerates
NASDAQ:NETD,NETD,Finance,NASDAQ,Financial Conglomerates
NYSE:ECCW,ECCW,Miscellaneous,NYSE,Investment Trusts/Mutual Funds
NASDAQ:UBCP,UBCP,Finance,NASDAQ,Regional Banks
NASDAQ:TDIC,TDIC,Commercial Services,NASDAQ,Miscellaneous Commercial Services
NASDAQ:GTEN,GTEN,Finance,NASDAQ,Financial Conglomerates
NASDAQ:CLRO,CLRO,Consumer Durables,NASDAQ,Electronics/Appliances
NASDAQ:STAK,STAK,Industrial Services,NASDAQ,Oilfield Services/Equipment
NASDAQ:ZJK,ZJK,Producer Manufacturing,NASDAQ,Metal Fabrication
NASDAQ:TTNP,TTNP,Health Technology,NASDAQ,Pharmaceuticals: Major
NASDAQ:EVGN,EVGN,Health Technology,NASDAQ,Biotechnology
AMEX:SBEV,SBEV,Health Services,AMEX,Medical/Nursing Services
NASDAQ:FLNT,FLNT,Technology Services,NASDAQ,Data Processing Services
NASDAQ:NVFY,NVFY,Consumer Durables,NASDAQ,Home Furnishings
AMEX:FURY,FURY,Non-Energy Minerals,AMEX,Precious Metals
NASDAQ:CV,CV,Health Technology,NASDAQ,Medical Specialties
NASDAQ:SLXN,SLXN,Health Technology,NASDAQ,Pharmaceuticals: Major
NASDAQ:LYRA,LYRA,Health Technology,NASDAQ,Pharmaceuticals: Major
NASDAQ:MNDO,MNDO,Technology Services,NASDAQ,Packaged Software
NASDAQ:EDHL,EDHL,Commercial Services,NASDAQ,Advertising/Marketing Services
NASDAQ:TBMC,TBMC,Finance,NASDAQ,Financial Conglomerates
AMEX:AEON,AEON,Health Technology,AMEX,Pharmaceuticals: Major
NASDAQ:SKK,SKK,Industrial Services,NASDAQ,Engineering & Construction
NASDAQ:IBAC,IBAC,Finance,NASDAQ,Financial Conglomerates
NASDAQ:EKSO,EKSO,Health Technology,NASDAQ,Medical Specialties
NASDAQ:CRWS,CRWS,Consumer Durables,NASDAQ,Home Furnishings
NASDAQ:RDIB,RDIB,Consumer Services,NASDAQ,Movies/Entertainment
NASDAQ:SKYQ,SKYQ,Energy Minerals,NASDAQ,Integrated Oil
NASDAQ:CIGL,CIGL,Commercial Services,NASDAQ,Miscellaneous Commercial Services
AMEX:IBO,IBO,Electronic Technology,AMEX,Electronic Equipment/Instruments
NASDAQ:APWC,APWC,Electronic Technology,NASDAQ,Telecommunications Equipment
NASDAQ:OXBR,OXBR,Finance,NASDAQ,Specialty Insurance
NASDAQ:CVGI,CVGI,Producer Manufacturing,NASDAQ,Trucks/Construction/Farm Machinery
NASDAQ:PMAX,PMAX,Communications,NASDAQ,Specialty Telecommunications
NASDAQ:ZEO,ZEO,Utilities,NASDAQ,Electric Utilities
NYSE:HTFC,HTFC,Miscellaneous,NYSE,Investment Trusts/Mutual Funds
NASDAQ:ARBKL,ARBKL,Technology Services,NASDAQ,Data Processing Services
NASDAQ:TIRX,TIRX,Finance,NASDAQ,Insurance Brokers/Services
NASDAQ:HVII,HVII,Finance,NASDAQ,Financial Conglomerates
NASDAQ:IMCC,IMCC,Process Industries,NASDAQ,Agricultural Commodities/Milling
NASDAQ:QRHC,QRHC,Industrial Services,NASDAQ,Environmental Services
NASDAQ:AYTU,AYTU,Health Technology,NASDAQ,Pharmaceuticals: Major
NASDAQ:MCTR,MCTR,Electronic Technology,NASDAQ,Electronic Equipment/Instruments
NASDAQ:ANGH,ANGH,Finance,NASDAQ,Financial Conglomerates
NASDAQ:OXSQH,OXSQH,Miscellaneous,NASDAQ,Investment Trusts/Mutual Funds
NASDAQ:FGI,FGI,Producer Manufacturing,NASDAQ,Building Products
NASDAQ:VRM,VRM,Retail Trade,NASDAQ,Specialty Stores
NASDAQ:USIO,USIO,Finance,NASDAQ,Finance/Rental/Leasing
NASDAQ:CDTG,CDTG,Producer Manufacturing,NASDAQ,Industrial Machinery
NASDAQ:VSTA,VSTA,Technology Services,NASDAQ,Packaged Software
NASDAQ:JYD,JYD,Transportation,NASDAQ,Air Freight/Couriers
NASDAQ:RILYK,RILYK,Finance,NASDAQ,Investment Banks/Brokers
NASDAQ:ANTX,ANTX,Health Technology,NASDAQ,Pharmaceuticals: Major
NASDAQ:LEE,LEE,Consumer Services,NASDAQ,Publishing: Newspapers
NASDAQ:SLNG,SLNG,Energy Minerals,NASDAQ,Oil & Gas Production
NASDAQ:GDHG,GDHG,Industrial Services,NASDAQ,Engineering & Construction
AMEX:UUU,UUU,Electronic Technology,AMEX,Computer Communications
NASDAQ:BNAI,BNAI,Technology Services,NASDAQ,Packaged Software
NASDAQ:PRSO,PRSO,Electronic Technology,NASDAQ,Semiconductors
NASDAQ:RPTX,RPTX,Health Technology,NASDAQ,Pharmaceuticals: Major
NASDAQ:RMCF,RMCF,Consumer Non-Durables,NASDAQ,Food: Specialty/Candy
NASDAQ:CSTE,CSTE,Non-Energy Minerals,NASDAQ,Other Metals/Minerals
NASDAQ:BOLD,BOLD,Health Technology,NASDAQ,Biotechnology
NASDAQ:CLNN,CLNN,Health Technology,NASDAQ,Pharmaceuticals: Major
NASDAQ:AGMH,AGMH,Technology Services,NASDAQ,Packaged Software
NASDAQ:CLIR,CLIR,Producer Manufacturing,NASDAQ,Industrial Machinery
NYSE:GJT,GJT,Finance,NYSE,Finance/Rental/Leasing
NASDAQ:FAT,FAT,Consumer Services,NASDAQ,Restaurants
AMEX:ZONE,ZONE,Distribution Services,AMEX,Wholesale Distributors
NYSE:KORE,KORE,Technology Services,NYSE,Information Technology Services
NASDAQ:INNV,INNV,Technology Services,NASDAQ,Packaged Software
NASDAQ:GP,GP,Consumer Durables,NASDAQ,Motor Vehicles
NASDAQ:CHR,CHR,Technology Services,NASDAQ,Internet Software/Services
NASDAQ:PTLE,PTLE,Transportation,NASDAQ,Other Transportation
NASDAQ:ATLCP,ATLCP,Finance,NASDAQ,Finance/Rental/Leasing
NASDAQ:LDWY,LDWY,Commercial Services,NASDAQ,Advertising/Marketing Services
NASDAQ:HBNB,HBNB,Consumer Services,NASDAQ,Hotels/Resorts/Cruise lines
AMEX:BQ,BQ,Retail Trade,AMEX,Internet Retail
NYSE:BBU,BBU,Commercial Services,NYSE,Miscellaneous Commercial Services
NASDAQ:KXIN,KXIN,Retail Trade,NASDAQ,Specialty Stores
NASDAQ:CNOBP,CNOBP,Finance,NASDAQ,Regional Banks
NASDAQ:INDP,INDP,Health Technology,NASDAQ,Pharmaceuticals: Major
NASDAQ:KVAC,KVAC,Finance,NASDAQ,Financial Conglomerates
NASDAQ:NXL,NXL,Health Technology,NASDAQ,Medical Specialties
NASDAQ:TWNP,TWNP,Miscellaneous,NASDAQ,Miscellaneous
NYSE:BIPH,BIPH,Finance,NYSE,Financial Conglomerates
NASDAQ:JLHL,JLHL,Commercial Services,NASDAQ,Miscellaneous Commercial Services
NASDAQ:SQFTP,SQFTP,Finance,NASDAQ,Real Estate Investment Trusts
NASDAQ:GURE,GURE,Process Industries,NASDAQ,Chemicals: Specialty
NASDAQ:OXLCP,OXLCP,Miscellaneous,NASDAQ,Investment Trusts/Mutual Funds
NASDAQ:GIFI,GIFI,Producer Manufacturing,NASDAQ,Metal Fabrication
NASDAQ:OCC,OCC,Electronic Technology,NASDAQ,Telecommunications Equipment
NASDAQ:CHNR,CHNR,Distribution Services,NASDAQ,Wholesale Distributors
NASDAQ:CPSS,CPSS,Finance,NASDAQ,Finance/Rental/Leasing
NASDAQ:AWRE,AWRE,Technology Services,NASDAQ,Packaged Software
NASDAQ:FRMEP,FRMEP,Finance,NASDAQ,Major Banks
NASDAQ:PAVM,PAVM,Health Technology,NASDAQ,Medical Specialties
NYSE:HYAC,HYAC,Finance,NYSE,Financial Conglomerates
NASDAQ:AFRI,AFRI,Process Industries,NASDAQ,Agricultural Commodities/Milling
NASDAQ:GLE,GLE,Technology Services,NASDAQ,Packaged Software
NASDAQ:HUDI,HUDI,Non-Energy Minerals,NASDAQ,Steel
AMEX:ACCS,ACCS,Technology Services,AMEX,Packaged Software
NASDAQ:EDSA,EDSA,Health Technology,NASDAQ,Pharmaceuticals: Major
NASDAQ:IOTR,IOTR,Technology Services,NASDAQ,Information Technology Services
NASDAQ:DRIO,DRIO,Health Technology,NASDAQ,Medical Specialties
NASDAQ:BON,BON,Health Technology,NASDAQ,Biotechnology
NASDAQ:PODC,PODC,Technology Services,NASDAQ,Internet Software/Services
NASDAQ:CPOP,CPOP,Commercial Services,NASDAQ,Advertising/Marketing Services
NASDAQ:GIFT,GIFT,Technology Services,NASDAQ,Data Processing Services
NASDAQ:GENK,GENK,Consumer Services,NASDAQ,Restaurants
AMEX:RVP,RVP,Health Technology,AMEX,Medical Specialties
NASDAQ:DTSQ,DTSQ,Finance,NASDAQ,Financial Conglomerates
AMEX:SLSR,SLSR,Non-Energy Minerals,AMEX,Other Metals/Minerals
NYSE:NEXA,NEXA,Non-Energy Minerals,NYSE,Other Metals/Minerals
NASDAQ:GOODO,GOODO,Finance,NASDAQ,Real Estate Investment Trusts
NASDAQ:CISS,CISS,Transportation,NASDAQ,Marine Shipping
NASDAQ:SXTP,SXTP,Health Technology,NASDAQ,Biotechnology
NASDAQ:NCEW,NCEW,Transportation,NASDAQ,Airlines
NASDAQ:ZTEK,ZTEK,Non-Energy Minerals,NASDAQ,Other Metals/Minerals
NASDAQ:HNNA,HNNA,Finance,NASDAQ,Investment Managers
NASDAQ:AACI,AACI,Finance,NASDAQ,Financial Conglomerates
NASDAQ:HTCO,HTCO,Transportation,NASDAQ,Marine Shipping
NASDAQ:PTNM,PTNM,Consumer Non-Durables,NASDAQ,Household/Personal Care
NASDAQ:CVV,CVV,Electronic Technology,NASDAQ,Electronic Production Equipment
NASDAQ:CTRM,CTRM,Transportation,NASDAQ,Marine Shipping
NASDAQ:SXTC,SXTC,Health Technology,NASDAQ,Pharmaceuticals: Major
NASDAQ:DLTH,DLTH,Retail Trade,NASDAQ,Internet Retail
NASDAQ:OCG,OCG,Retail Trade,NASDAQ,Specialty Stores
NYSE:WBX,WBX,Electronic Technology,NYSE,Electronic Equipment/Instruments
NASDAQ:SUGP,SUGP,Commercial Services,NASDAQ,Miscellaneous Commercial Services
NASDAQ:DWTX,DWTX,Health Technology,NASDAQ,Pharmaceuticals: Major
NASDAQ:MSGM,MSGM,Technology Services,NASDAQ,Packaged Software
AMEX:SCCG,SCCG,Finance,AMEX,Real Estate Investment Trusts
NYSE:HCXY,HCXY,Finance,NYSE,Investment Managers
NASDAQ:INLF,INLF,Producer Manufacturing,NASDAQ,Industrial Machinery
NASDAQ:LEDS,LEDS,Electronic Technology,NASDAQ,Semiconductors
NASDAQ:LCFY,LCFY,Technology Services,NASDAQ,Packaged Software
NASDAQ:IRIX,IRIX,Health Technology,NASDAQ,Medical Specialties
NASDAQ:ENVB,ENVB,Health Technology,NASDAQ,Pharmaceuticals: Other
NASDAQ:NXTC,NXTC,Health Technology,NASDAQ,Pharmaceuticals: Major
NASDAQ:ZDAI,ZDAI,Transportation,NASDAQ,Trucking
AMEX:PED,PED,Industrial Services,AMEX,Oilfield Services/Equipment
NASDAQ:MASK,MASK,Technology Services,NASDAQ,Information Technology Services
AMEX:ZDGE,ZDGE,Technology Services,AMEX,Packaged Software
NASDAQ:SVII,SVII,Finance,NASDAQ,Financial Conglomerates
NASDAQ:GREEL,GREEL,Technology Services,NASDAQ,Packaged Software
NYSE:CUBB,CUBB,Finance,NYSE,Regional Banks
NASDAQ:WETO,WETO,Transportation,NASDAQ,Other Transportation
NASDAQ:IMA,IMA,Health Technology,NASDAQ,Biotechnology
NASDAQ:CGCT,CGCT,Finance,NASDAQ,Financial Conglomerates
NASDAQ:MSAI,MSAI,Electronic Technology,NASDAQ,Computer Communications
NASDAQ:ICON,ICON,Transportation,NASDAQ,Marine Shipping
NASDAQ:ESGL,ESGL,Industrial Services,NASDAQ,Environmental Services
NASDAQ:CTSO,CTSO,Health Technology,NASDAQ,Medical Specialties
AMEX:DIT,DIT,Distribution Services,AMEX,Wholesale Distributors
NASDAQ:DRMA,DRMA,Health Technology,NASDAQ,Pharmaceuticals: Major
NASDAQ:TDAC,TDAC,Finance,NASDAQ,Financial Conglomerates
NASDAQ:XBIT,XBIT,Health Technology,NASDAQ,Biotechnology
NASDAQ:ABLV,ABLV,Retail Trade,NASDAQ,Specialty Stores
NASDAQ:ODYS,ODYS,Consumer Durables,NASDAQ,Electronics/Appliances
NASDAQ:AMST,AMST,Technology Services,NASDAQ,Packaged Software
NASDAQ:PFAI,PFAI,Producer Manufacturing,NASDAQ,Trucks/Construction/Farm Machinery
NASDAQ:YIBO,YIBO,Consumer Durables,NASDAQ,Electronics/Appliances
NASDAQ:TNMG,TNMG,Technology Services,NASDAQ,Internet Software/Services
AMEX:DMYY,DMYY,Finance,AMEX,Financial Conglomerates
NASDAQ:BHAT,BHAT,Consumer Durables,NASDAQ,Recreational Products
NYSE:NEUE,NEUE,Health Services,NYSE,Managed Health Care
NASDAQ:DRDB,DRDB,Finance,NASDAQ,Financial Conglomerates
NASDAQ:AEI,AEI,Finance,NASDAQ,Real Estate Development
AMEX:NEN,NEN,Finance,AMEX,Real Estate Development
AMEX:SYNX,SYNX,Electronic Technology,AMEX,Computer Communications
NASDAQ:SEED,SEED,Process Industries,NASDAQ,Agricultural Commodities/Milling
NASDAQ:CLGN,CLGN,Health Technology,NASDAQ,Medical Specialties
NASDAQ:VS,VS,Technology Services,NASDAQ,Packaged Software
NASDAQ:CELU,CELU,Commercial Services,NASDAQ,Miscellaneous Commercial Services
NASDAQ:EFSCP,EFSCP,Finance,NASDAQ,Regional Banks
NASDAQ:ACON,ACON,Technology Services,NASDAQ,Packaged Software
NASDAQ:GDEV,GDEV,Technology Services,NASDAQ,Packaged Software
NASDAQ:KCHV,KCHV,Finance,NASDAQ,Financial Conglomerates
NASDAQ:DCOMG,DCOMG,Finance,NASDAQ,Regional Banks
NASDAQ:INTJ,INTJ,Commercial Services,NASDAQ,Miscellaneous Commercial Services
NASDAQ:GXAI,GXAI,Technology Services,NASDAQ,Packaged Software
NYSE:EIIA,EIIA,Miscellaneous,NYSE,Investment Trusts/Mutual Funds
NASDAQ:LPAA,LPAA,Finance,NASDAQ,Financial Conglomerates
NASDAQ:BLIV,BLIV,Technology Services,NASDAQ,Information Technology Services
NYSE:UFI,UFI,Process Industries,NYSE,Textiles
NASDAQ:LSAK,LSAK,Technology Services,NASDAQ,Packaged Software
AMEX:LGPS,LGPS,Finance,AMEX,Real Estate Development
NASDAQ:MRNO,MRNO,Consumer Services,NASDAQ,Hotels/Resorts/Cruise lines
NASDAQ:GITS,GITS,Technology Services,NASDAQ,Packaged Software
NASDAQ:SPRC,SPRC,Health Technology,NASDAQ,Pharmaceuticals: Major
NASDAQ:HGBL,HGBL,Finance,NASDAQ,Investment Banks/Brokers
NASDAQ:UONE,UONE,Consumer Services,NASDAQ,Movies/Entertainment
NYSE:CICB,CICB,Miscellaneous,NYSE,Investment Trusts/Mutual Funds
NASDAQ:OCCIN,OCCIN,Miscellaneous,NASDAQ,Investment Trusts/Mutual Funds
NASDAQ:HQI,HQI,Commercial Services,NASDAQ,Personnel Services
NASDAQ:CETY,CETY,Producer Manufacturing,NASDAQ,Building Products
NASDAQ:ISPR,ISPR,Producer Manufacturing,NASDAQ,Industrial Conglomerates
NASDAQ:FOXX,FOXX,Distribution Services,NASDAQ,Electronics Distributors
NYSE:LOCL,LOCL,Finance,NYSE,Financial Conglomerates
NASDAQ:BRTX,BRTX,Health Technology,NASDAQ,Medical Specialties
NASDAQ:DLHC,DLHC,Commercial Services,NASDAQ,Personnel Services
NASDAQ:GLBS,GLBS,Transportation,NASDAQ,Marine Shipping
NASDAQ:FTAIM,FTAIM,Electronic Technology,NASDAQ,Aerospace & Defense
NASDAQ:DAIO,DAIO,Producer Manufacturing,NASDAQ,Industrial Machinery
NASDAQ:SOHOO,SOHOO,Finance,NASDAQ,Real Estate Investment Trusts
NASDAQ:LSE,LSE,Industrial Services,NASDAQ,Oilfield Services/Equipment
NASDAQ:PAMT,PAMT,Transportation,NASDAQ,Trucking
NASDAQ:PC,PC,Consumer Services,NASDAQ,Restaurants
NASDAQ:OSRH,OSRH,Health Technology,NASDAQ,Biotechnology
AMEX:ARMP,ARMP,Health Technology,AMEX,Biotechnology
NASDAQ:OXLCN,OXLCN,Miscellaneous,NASDAQ,Investment Trusts/Mutual Funds
NASDAQ:ATHA,ATHA,Health Technology,NASDAQ,Biotechnology
NASDAQ:REE,REE,Producer Manufacturing,NASDAQ,Auto Parts: OEM
NASDAQ:BYSI,BYSI,Health Technology,NASDAQ,Pharmaceuticals: Major
NASDAQ:MDIA,MDIA,Consumer Services,NASDAQ,Broadcasting
NASDAQ:THAR,THAR,Health Technology,NASDAQ,Biotechnology
NASDAQ:INCR,INCR,Health Technology,NASDAQ,Medical Specialties
NASDAQ:ZKIN,ZKIN,Producer Manufacturing,NASDAQ,Industrial Machinery
NASDAQ:LWAC,LWAC,Finance,NASDAQ,Financial Conglomerates
NASDAQ:RFAI,RFAI,Finance,NASDAQ,Financial Conglomerates
NASDAQ:INHD,INHD,Producer Manufacturing,NASDAQ,Building Products
NYSE:ECCC,ECCC,Miscellaneous,NYSE,Investment Trusts/Mutual Funds
NASDAQ:SBFM,SBFM,Health Technology,NASDAQ,Pharmaceuticals: Major
NASDAQ:TXMD,TXMD,Health Technology,NASDAQ,Pharmaceuticals: Major
NYSE:CATO,CATO,Retail Trade,NYSE,Apparel/Footwear Retail
AMEX:CPHI,CPHI,Health Technology,AMEX,Pharmaceuticals: Major
NASDAQ:MODD,MODD,Health Technology,NASDAQ,Medical Specialties
NASDAQ:TCRT,TCRT,Health Technology,NASDAQ,Biotechnology
NASDAQ:VSEE,VSEE,Technology Services,NASDAQ,Packaged Software
NASDAQ:BTOC,BTOC,Transportation,NASDAQ,Other Transportation
NASDAQ:BACC,BACC,Finance,NASDAQ,Financial Conglomerates
NASDAQ:REFR,REFR,Consumer Durables,NASDAQ,Home Furnishings
NASDAQ:MNOV,MNOV,Health Technology,NASDAQ,Pharmaceuticals: Major
NASDAQ:ZIONP,ZIONP,Finance,NASDAQ,Major Banks
NASDAQ:CMND,CMND,Non-Energy Minerals,NASDAQ,Other Metals/Minerals
NASDAQ:DTSS,DTSS,Electronic Technology,NASDAQ,Computer Communications
NASDAQ:PRE,PRE,Finance,NASDAQ,Financial Conglomerates
NASDAQ:SIGIP,SIGIP,Finance,NASDAQ,Property/Casualty Insurance
NASDAQ:ALDF,ALDF,Finance,NASDAQ,Financial Conglomerates
NASDAQ:SNAL,SNAL,Technology Services,NASDAQ,Packaged Software
NASDAQ:RELI,RELI,Finance,NASDAQ,Insurance Brokers/Services
NASDAQ:MLEC,MLEC,Commercial Services,NASDAQ,Miscellaneous Commercial Services
NYSE:JBK,JBK,Finance,NYSE,Finance/Rental/Leasing
NASDAQ:FIEE,FIEE,Electronic Technology,NASDAQ,Computer Communications
AMEX:CKX,CKX,Miscellaneous,AMEX,Investment Trusts/Mutual Funds
AMEX:XPL,XPL,Non-Energy Minerals,AMEX,Other Metals/Minerals
NYSE:VNCE,VNCE,Consumer Non-Durables,NYSE,Apparel/Footwear
NASDAQ:FKWL,FKWL,Electronic Technology,NASDAQ,Telecommunications Equipment
NASDAQ:KTTA,KTTA,Health Technology,NASDAQ,Pharmaceuticals: Major
AMEX:MI,MI,Technology Services,AMEX,Internet Software/Services
NASDAQ:ZENV,ZENV,Technology Services,NASDAQ,Packaged Software
NASDAQ:FEAM,FEAM,Process Industries,NASDAQ,Chemicals: Specialty
NASDAQ:OXLCL,OXLCL,Miscellaneous,NASDAQ,Investment Trusts/Mutual Funds
NASDAQ:BMHL,BMHL,Finance,NASDAQ,Investment Managers
NASDAQ:FORA,FORA,Technology Services,NASDAQ,Packaged Software
NASDAQ:GTIM,GTIM,Consumer Services,NASDAQ,Restaurants
NYSE:GJR,GJR,Finance,NYSE,Finance/Rental/Leasing
NASDAQ:LCUT,LCUT,Consumer Durables,NASDAQ,Home Furnishings
NASDAQ:PWM,PWM,Finance,NASDAQ,Investment Managers
NASDAQ:NAII,NAII,Health Technology,NASDAQ,Pharmaceuticals: Other
NASDAQ:WILC,WILC,Distribution Services,NASDAQ,Food Distributors
NASDAQ:FGBIP,FGBIP,Finance,NASDAQ,Regional Banks
NASDAQ:TAOP,TAOP,Technology Services,NASDAQ,Packaged Software
NYSE:AKA,AKA,Retail Trade,NYSE,Internet Retail
NYSE:TISI,TISI,Commercial Services,NYSE,Miscellaneous Commercial Services
AMEX:OPHC,OPHC,Finance,AMEX,Regional Banks
NASDAQ:MOVE,MOVE,Technology Services,NASDAQ,Packaged Software
NASDAQ:HKPD,HKPD,Transportation,NASDAQ,Air Freight/Couriers
NYSE:AXR,AXR,Finance,NYSE,Real Estate Development
NASDAQ:APRE,APRE,Health Technology,NASDAQ,Pharmaceuticals: Major
NASDAQ:HROWM,HROWM,Health Technology,NASDAQ,Pharmaceuticals: Major
AMEX:XTNT,XTNT,Health Technology,AMEX,Medical Specialties
NASDAQ:WHFCL,WHFCL,Miscellaneous,NASDAQ,Investment Trusts/Mutual Funds
AMEX:RYDE,RYDE,Technology Services,AMEX,Internet Software/Services
NASDAQ:ATMC,ATMC,Finance,NASDAQ,Financial Conglomerates
NASDAQ:EHGO,EHGO,Distribution Services,NASDAQ,Wholesale Distributors
NASDAQ:LPCN,LPCN,Health Technology,NASDAQ,Pharmaceuticals: Major
NASDAQ:BBGI,BBGI,Consumer Services,NASDAQ,Broadcasting
NASDAQ:AIHS,AIHS,Finance,NASDAQ,Finance/Rental/Leasing
NASDAQ:BLBX,BLBX,Technology Services,NASDAQ,Packaged Software
NASDAQ:USEA,USEA,Transportation,NASDAQ,Marine Shipping
NASDAQ:RBKB,RBKB,Finance,NASDAQ,Regional Banks
NASDAQ:GYRO,GYRO,Finance,NASDAQ,Real Estate Development
NASDAQ:AQB,AQB,Health Technology,NASDAQ,Biotechnology
NASDAQ:FORL,FORL,Finance,NASDAQ,Financial Conglomerates
NYSE:SBDS,SBDS,Distribution Services,NYSE,Wholesale Distributors
NASDAQ:SFWL,SFWL,Transportation,NASDAQ,Air Freight/Couriers
NYSE:TFSA,TFSA,Finance,NYSE,Real Estate Investment Trusts
NASDAQ:PHOE,PHOE,Industrial Services,NASDAQ,Engineering & Construction
NASDAQ:OPTX,OPTX,Electronic Technology,NASDAQ,Electronic Components
NASDAQ:MAAS,MAAS,Finance,NASDAQ,Investment Managers
NASDAQ:SOTK,SOTK,Producer Manufacturing,NASDAQ,Industrial Machinery
NASDAQ:THCH,THCH,Finance,NASDAQ,Financial Conglomerates
NASDAQ:LFMDP,LFMDP,Health Services,NASDAQ,Medical/Nursing Services
NASDAQ:CCLDO,CCLDO,Technology Services,NASDAQ,Packaged Software
NASDAQ:MIGI,MIGI,Technology Services,NASDAQ,Internet Software/Services
NASDAQ:CDZIP,CDZIP,Finance,NASDAQ,Real Estate Development
NASDAQ:TANH,TANH,Process Industries,NASDAQ,Chemicals: Specialty
NASDAQ:XWEL,XWEL,Consumer Services,NASDAQ,Other Consumer Services
NASDAQ:TCBS,TCBS,Finance,NASDAQ,Savings Banks
NASDAQ:HTLM,HTLM,Distribution Services,NASDAQ,Wholesale Distributors
NYSE:RCB,RCB,Finance,NYSE,Real Estate Investment Trusts
NASDAQ:OCS,OCS,Health Technology,NASDAQ,Pharmaceuticals: Major
NASDAQ:NISN,NISN,Producer Manufacturing,NASDAQ,Industrial Machinery
NASDAQ:GIPR,GIPR,Finance,NASDAQ,Real Estate Investment Trusts
NASDAQ:MTEK,MTEK,Consumer Durables,NASDAQ,Electronics/Appliances
NASDAQ:WLAC,WLAC,Commercial Services,NASDAQ,Miscellaneous Commercial Services
NASDAQ:CLWT,CLWT,Electronic Technology,NASDAQ,Electronic Equipment/Instruments
NASDAQ:UCAR,UCAR,Consumer Durables,NASDAQ,Motor Vehicles
NASDAQ:LBRDP,LBRDP,Communications,NASDAQ,Wireless Telecommunications
NASDAQ:CSBR,CSBR,Health Technology,NASDAQ,Biotechnology
NASDAQ:ESLA,ESLA,Health Technology,NASDAQ,Biotechnology
NASDAQ:ULY,ULY,Technology Services,NASDAQ,Packaged Software
NASDAQ:PBHC,PBHC,Finance,NASDAQ,Regional Banks
NASDAQ:BAOS,BAOS,Commercial Services,NASDAQ,Advertising/Marketing Services
NASDAQ:OFSSO,OFSSO,Miscellaneous,NASDAQ,Investment Trusts/Mutual Funds
AMEX:AXIL,AXIL,Consumer Non-Durables,AMEX,Household/Personal Care
NASDAQ:ARBB,ARBB,Technology Services,NASDAQ,Information Technology Services
NASDAQ:SHMD,SHMD,Finance,NASDAQ,Financial Conglomerates
NYSE:RFL,RFL,Finance,NYSE,Real Estate Development
NASDAQ:LPBB,LPBB,Finance,NASDAQ,Financial Conglomerates
NASDAQ:ASRV,ASRV,Finance,NASDAQ,Regional Banks
NASDAQ:TWG,TWG,Distribution Services,NASDAQ,Food Distributors
NASDAQ:OXLCZ,OXLCZ,Miscellaneous,NASDAQ,Investment Trusts/Mutual Funds
AMEX:AUST,AUST,Non-Energy Minerals,AMEX,Precious Metals
NASDAQ:ISPO,ISPO,Consumer Services,NASDAQ,Other Consumer Services
NASDAQ:MDBH,MDBH,Finance,NASDAQ,Financial Conglomerates
NASDAQ:CLST,CLST,Finance,NASDAQ,Savings Banks
NASDAQ:LGCB,LGCB,Technology Services,NASDAQ,Packaged Software
NASDAQ:MGYR,MGYR,Finance,NASDAQ,Savings Banks
NASDAQ:UOKA,UOKA,Finance,NASDAQ,Real Estate Development
NASDAQ:SYBX,SYBX,Health Technology,NASDAQ,Biotechnology
NASDAQ:FATN,FATN,Technology Services,NASDAQ,Packaged Software
NYSE:CULP,CULP,Process Industries,NYSE,Textiles
NASDAQ:SOHON,SOHON,Finance,NASDAQ,Real Estate Investment Trusts
NASDAQ:ARKR,ARKR,Consumer Services,NASDAQ,Restaurants
NASDAQ:DLXY,DLXY,Distribution Services,NASDAQ,Wholesale Distributors
NASDAQ:KBSX,KBSX,Finance,NASDAQ,Financial Conglomerates
AMEX:ROLR,ROLR,Technology Services,AMEX,Packaged Software
NASDAQ:PMTR,PMTR,Finance,NASDAQ,Financial Conglomerates
NASDAQ:KTCC,KTCC,Electronic Technology,NASDAQ,Computer Peripherals
NASDAQ:PLUT,PLUT,Finance,NASDAQ,Investment Banks/Brokers
NASDAQ:SZZL,SZZL,Finance,NASDAQ,Financial Conglomerates
NASDAQ:SCOR,SCOR,Technology Services,NASDAQ,Packaged Software
NASDAQ:GAINN,GAINN,Miscellaneous,NASDAQ,Investment Trusts/Mutual Funds
NASDAQ:IMTE,IMTE,Electronic Technology,NASDAQ,Electronic Production Equipment
NASDAQ:MNSBP,MNSBP,Finance,NASDAQ,Regional Banks
NASDAQ:IMPPP,IMPPP,Transportation,NASDAQ,Marine Shipping
NASDAQ:DXST,DXST,Industrial Services,NASDAQ,Environmental Services
NASDAQ:UG,UG,Process Industries,NASDAQ,Chemicals: Specialty
NASDAQ:LVRO,LVRO,Distribution Services,NASDAQ,Wholesale Distributors
NASDAQ:VRAX,VRAX,Finance,NASDAQ,Financial Conglomerates
AMEX:FISK,FISK,Finance,AMEX,Real Estate Investment Trusts
AMEX:MITQ,MITQ,Consumer Durables,AMEX,Electronics/Appliances
NASDAQ:UONEK,UONEK,Consumer Services,NASDAQ,Movies/Entertainment
NASDAQ:MACI,MACI,Finance,NASDAQ,Financial Conglomerates
NASDAQ:VLYPO,VLYPO,Finance,NASDAQ,Major Banks
NASDAQ:IMDX,IMDX,Health Technology,NASDAQ,Biotechnology
NASDAQ:MTVA,MTVA,Health Technology,NASDAQ,Biotechnology
AMEX:JOB,JOB,Commercial Services,AMEX,Personnel Services
NASDAQ:SOBR,SOBR,Electronic Technology,NASDAQ,Electronic Equipment/Instruments
NASDAQ:MMLP,MMLP,Industrial Services,NASDAQ,Oil & Gas Pipelines
NASDAQ:BCG,BCG,Finance,NASDAQ,Investment Managers
NYSE:SRL,SRL,Non-Energy Minerals,NYSE,Steel
NASDAQ:EDTK,EDTK,Commercial Services,NASDAQ,Miscellaneous Commercial Services
NASDAQ:TOP,TOP,Finance,NASDAQ,Investment Banks/Brokers
NASDAQ:BENF,BENF,Finance,NASDAQ,Investment Managers
NASDAQ:FGNXP,FGNXP,Finance,NASDAQ,Property/Casualty Insurance
NASDAQ:BPYPO,BPYPO,Finance,NASDAQ,Real Estate Investment Trusts
NASDAQ:SOND,SOND,Consumer Services,NASDAQ,Other Consumer Services
NASDAQ:OESX,OESX,Electronic Technology,NASDAQ,Semiconductors
NASDAQ:VLYPP,VLYPP,Finance,NASDAQ,Major Banks
NASDAQ:ELTK,ELTK,Electronic Technology,NASDAQ,Electronic Components
NASDAQ:BPOPM,BPOPM,Finance,NASDAQ,Finance/Rental/Leasing
NASDAQ:PMCB,PMCB,Health Technology,NASDAQ,Pharmaceuticals: Other
NASDAQ:UYSC,UYSC,Finance,NASDAQ,Financial Conglomerates
NASDAQ:ASTC,ASTC,Electronic Technology,NASDAQ,Aerospace & Defense
NYSE:WLYB,WLYB,Consumer Services,NYSE,Publishing: Books/Magazines
NYSE:ARL,ARL,Finance,NYSE,Real Estate Development
NASDAQ:FTEL,FTEL,Retail Trade,NASDAQ,Specialty Stores
NASDAQ:GLBZ,GLBZ,Finance,NASDAQ,Regional Banks
NASDAQ:RAIN,RAIN,Finance,NASDAQ,Financial Conglomerates
NASDAQ:NSTS,NSTS,Finance,NASDAQ,Savings Banks
NASDAQ:SGA,SGA,Consumer Services,NASDAQ,Broadcasting
NYSE:HTFB,HTFB,Miscellaneous,NYSE,Investment Trusts/Mutual Funds
NASDAQ:HFBL,HFBL,Finance,NASDAQ,Savings Banks
NASDAQ:RNTX,RNTX,Health Technology,NASDAQ,Pharmaceuticals: Major
NYSE:AAM,AAM,Finance,NYSE,Financial Conglomerates
NASDAQ:FATBP,FATBP,Consumer Services,NASDAQ,Restaurants
NYSE:ECCV,ECCV,Miscellaneous,NYSE,Investment Trusts/Mutual Funds
AMEX:TOPS,TOPS,Transportation,AMEX,Marine Shipping
NASDAQ:PGAC,PGAC,Finance,NASDAQ,Financial Conglomerates
NASDAQ:SAIH,SAIH,Technology Services,NASDAQ,Data Processing Services
NASDAQ:FULTP,FULTP,Finance,NASDAQ,Major Banks
NASDAQ:OMH,OMH,Finance,NASDAQ,Real Estate Development
NASDAQ:VSME,VSME,Commercial Services,NASDAQ,Advertising/Marketing Services
NASDAQ:CHAR,CHAR,Finance,NASDAQ,Financial Conglomerates
NASDAQ:PETZ,PETZ,Consumer Non-Durables,NASDAQ,Food: Specialty/Candy
NYSE:MHLA,MHLA,Finance,NYSE,Property/Casualty Insurance
NASDAQ:LNKS,LNKS,Electronic Technology,NASDAQ,Electronic Production Equipment
AMEX:ESBA,ESBA,Finance,AMEX,Real Estate Investment Trusts
NASDAQ:VTVT,VTVT,Health Technology,NASDAQ,Pharmaceuticals: Major
NASDAQ:RKDA,RKDA,Process Industries,NASDAQ,Chemicals: Agricultural
NYSE:GFR,GFR,Energy Minerals,NYSE,Integrated Oil
AMEX:OZ,OZ,Finance,AMEX,Real Estate Development
NASDAQ:CNEY,CNEY,Producer Manufacturing,NASDAQ,Electrical Products
AMEX:AMS,AMS,Finance,AMEX,Finance/Rental/Leasing
NASDAQ:EPRX,EPRX,Health Technology,NASDAQ,Biotechnology
NASDAQ:JRSH,JRSH,Consumer Non-Durables,NASDAQ,Apparel/Footwear
NASDAQ:VCIC,VCIC,Finance,NASDAQ,Financial Conglomerates
NASDAQ:FGBI,FGBI,Finance,NASDAQ,Regional Banks
NASDAQ:NSYS,NSYS,Health Technology,NASDAQ,Medical Specialties
NASDAQ:YHGJ,YHGJ,Producer Manufacturing,NASDAQ,Miscellaneous Manufacturing
NASDAQ:GDTC,GDTC,Health Technology,NASDAQ,Biotechnology
NASDAQ:LBGJ,LBGJ,Consumer Durables,NASDAQ,Home Furnishings
AMEX:DSS,DSS,Commercial Services,AMEX,Commercial Printing/Forms
NASDAQ:RETO,RETO,Non-Energy Minerals,NASDAQ,Other Metals/Minerals
NASDAQ:SANG,SANG,Electronic Technology,NASDAQ,Telecommunications Equipment
NASDAQ:ATPC,ATPC,Health Technology,NASDAQ,Pharmaceuticals: Other
NASDAQ:DMAA,DMAA,Finance,NASDAQ,Financial Conglomerates
NASDAQ:SPHL,SPHL,Consumer Durables,NASDAQ,Homebuilding
NASDAQ:NCT,NCT,Transportation,NASDAQ,Marine Shipping
NASDAQ:BOTJ,BOTJ,Finance,NASDAQ,Regional Banks
NASDAQ:BANL,BANL,Transportation,NASDAQ,Air Freight/Couriers
AMEX:PLAG,PLAG,Consumer Non-Durables,AMEX,Food: Specialty/Candy
NASDAQ:BWBBP,BWBBP,Finance,NASDAQ,Regional Banks
NASDAQ:OCCIM,OCCIM,Miscellaneous,NASDAQ,Investment Trusts/Mutual Funds
NASDAQ:MAYS,MAYS,Finance,NASDAQ,Real Estate Development
NASDAQ:TAIT,TAIT,Distribution Services,NASDAQ,Electronics Distributors
NASDAQ:POWWP,POWWP,Electronic Technology,NASDAQ,Aerospace & Defense
NASDAQ:SCKT,SCKT,Electronic Technology,NASDAQ,Computer Peripherals
NASDAQ:FDSB,FDSB,Finance,NASDAQ,Savings Banks
NASDAQ:IROQ,IROQ,Finance,NASDAQ,Savings Banks
NASDAQ:UTSI,UTSI,Electronic Technology,NASDAQ,Telecommunications Equipment
NYSE:KTN,KTN,Finance,NYSE,Finance/Rental/Leasing
NASDAQ:AGAE,AGAE,Consumer Services,NASDAQ,Movies/Entertainment
NASDAQ:MARPS,MARPS,Miscellaneous,NASDAQ,Investment Trusts/Mutual Funds
NASDAQ:CPBI,CPBI,Finance,NASDAQ,Investment Banks/Brokers
NASDAQ:BRFH,BRFH,Consumer Non-Durables,NASDAQ,Beverages: Non-Alcoholic
NASDAQ:SGLY,SGLY,Transportation,NASDAQ,Air Freight/Couriers
NASDAQ:FSEA,FSEA,Finance,NASDAQ,Savings Banks
NASDAQ:FBYD,FBYD,Industrial Services,NASDAQ,Engineering & Construction
NASDAQ:RECT,RECT,Distribution Services,NASDAQ,Wholesale Distributors
NASDAQ:CARV,CARV,Finance,NASDAQ,Savings Banks
NASDAQ:SWVL,SWVL,Transportation,NASDAQ,Other Transportation
NASDAQ:LSH,LSH,Transportation,NASDAQ,Air Freight/Couriers
AMEX:GBR,GBR,Finance,AMEX,Real Estate Development
AMEX:APUS,APUS,Health Technology,AMEX,Biotechnology
NASDAQ:WVVIP,WVVIP,Consumer Non-Durables,NASDAQ,Beverages: Alcoholic
NASDAQ:OXLCO,OXLCO,Miscellaneous,NASDAQ,Investment Trusts/Mutual Funds
NASDAQ:CDRO,CDRO,Consumer Services,NASDAQ,Movies/Entertainment
NYSE:KTH,KTH,Finance,NYSE,Finance/Rental/Leasing
NASDAQ:ALOT,ALOT,Electronic Technology,NASDAQ,Computer Peripherals
NASDAQ:REGCO,REGCO,Finance,NASDAQ,Real Estate Investment Trusts
NASDAQ:COOT,COOT,Finance,NASDAQ,Financial Conglomerates
NASDAQ:SSBI,SSBI,Finance,NASDAQ,Regional Banks
NASDAQ:TOMZ,TOMZ,Producer Manufacturing,NASDAQ,Industrial Machinery
NASDAQ:WHLRD,WHLRD,Finance,NASDAQ,Real Estate Investment Trusts
NASDAQ:GROW,GROW,Miscellaneous,NASDAQ,Investment Trusts/Mutual Funds
NASDAQ:SRZN,SRZN,Health Technology,NASDAQ,Biotechnology
NASDAQ:SDHI,SDHI,Finance,NASDAQ,Financial Conglomerates
NASDAQ:ROMA,ROMA,Commercial Services,NASDAQ,Miscellaneous Commercial Services
NASDAQ:UK,UK,Finance,NASDAQ,Real Estate Development
NASDAQ:POLE,POLE,Finance,NASDAQ,Financial Conglomerates
NASDAQ:DGICB,DGICB,Finance,NASDAQ,Multi-Line Insurance
NASDAQ:ADGM,ADGM,Health Technology,NASDAQ,Medical Specialties
NASDAQ:FATBB,FATBB,Consumer Services,NASDAQ,Restaurants
NASDAQ:WAFU,WAFU,Commercial Services,NASDAQ,Miscellaneous Commercial Services
AMEX:OGCP,OGCP,Finance,AMEX,Real Estate Investment Trusts
NASDAQ:RAVE,RAVE,Consumer Services,NASDAQ,Restaurants
NYSE:RAC,RAC,Finance,NYSE,Financial Conglomerates
NASDAQ:TACT,TACT,Electronic Technology,NASDAQ,Computer Peripherals
NASDAQ:IPM,IPM,Technology Services,NASDAQ,Packaged Software
NASDAQ:SLNHP,SLNHP,Electronic Technology,NASDAQ,Electronic Equipment/Instruments
NASDAQ:GAINZ,GAINZ,Miscellaneous,NASDAQ,Investment Trusts/Mutual Funds
NASDAQ:EDUC,EDUC,Consumer Services,NASDAQ,Publishing: Books/Magazines
NASDAQ:HYFM,HYFM,Producer Manufacturing,NASDAQ,Trucks/Construction/Farm Machinery
NASDAQ:GMM,GMM,Technology Services,NASDAQ,Packaged Software
NASDAQ:HSPO,HSPO,Finance,NASDAQ,Financial Conglomerates
AMEX:TRT,TRT,Producer Manufacturing,AMEX,Industrial Machinery
NASDAQ:XOMAP,XOMAP,Health Technology,NASDAQ,Pharmaceuticals: Major
NASDAQ:INEO,INEO,Distribution Services,NASDAQ,Wholesale Distributors
NASDAQ:HLP,HLP,Producer Manufacturing,NASDAQ,Metal Fabrication
NASDAQ:ASPC,ASPC,Finance,NASDAQ,Financial Conglomerates
NASDAQ:MAYA,MAYA,Finance,NASDAQ,Financial Conglomerates
NASDAQ:TLF,TLF,Retail Trade,NASDAQ,Specialty Stores
NASDAQ:PFXNZ,PFXNZ,Miscellaneous,NASDAQ,Investment Trusts/Mutual Funds
NASDAQ:HXHX,HXHX,Transportation,NASDAQ,Trucking
NASDAQ:AFBI,AFBI,Finance,NASDAQ,Savings Banks
AMEX:CVR,CVR,Producer Manufacturing,AMEX,Metal Fabrication
NASDAQ:BOXL,BOXL,Electronic Technology,NASDAQ,Computer Peripherals
AMEX:AWX,AWX,Industrial Services,AMEX,Environmental Services
NASDAQ:BANFP,BANFP,Finance,NASDAQ,Finance/Rental/Leasing
AMEX:BRN,BRN,Energy Minerals,AMEX,Integrated Oil
NASDAQ:GECCH,GECCH,Miscellaneous,NASDAQ,Investment Trusts/Mutual Funds
NASDAQ:CTNT,CTNT,Industrial Services,NASDAQ,Engineering & Construction
NASDAQ:MEGL,MEGL,Finance,NASDAQ,Investment Managers
NASDAQ:LIQT,LIQT,Producer Manufacturing,NASDAQ,Industrial Machinery
NASDAQ:NCRA,NCRA,Industrial Services,NASDAQ,Engineering & Construction
NASDAQ:WOK,WOK,Health Technology,NASDAQ,Medical Specialties
NASDAQ:LBTYB,LBTYB,Communications,NASDAQ,Major Telecommunications
NASDAQ:MBNKO,MBNKO,Finance,NASDAQ,Regional Banks
NASDAQ:MGIH,MGIH,Process Industries,NASDAQ,Containers/Packaging
NASDAQ:CHEK,CHEK,Health Technology,NASDAQ,Medical Specialties
NASDAQ:BYFC,BYFC,Finance,NASDAQ,Savings Banks
NASDAQ:HHS,HHS,Commercial Services,NASDAQ,Miscellaneous Commercial Services
NYSE:PYT,PYT,Finance,NYSE,Finance/Rental/Leasing
NASDAQ:MHUA,MHUA,Health Technology,NASDAQ,Medical Specialties
NASDAQ:VGAS,VGAS,Process Industries,NASDAQ,Industrial Specialties
NYSE:ENFY,ENFY,Process Industries,NYSE,Chemicals: Agricultural
NASDAQ:PXS,PXS,Transportation,NASDAQ,Marine Shipping
NASDAQ:RDGT,RDGT,Distribution Services,NASDAQ,Medical Distributors
AMEX:MHH,MHH,Commercial Services,AMEX,Personnel Services
NASDAQ:XOMAO,XOMAO,Health Technology,NASDAQ,Pharmaceuticals: Major
NASDAQ:SSKN,SSKN,Health Technology,NASDAQ,Medical Specialties
NASDAQ:GLTO,GLTO,Health Technology,NASDAQ,Pharmaceuticals: Major
NASDAQ:NCI,NCI,Retail Trade,NASDAQ,Apparel/Footwear Retail
NASDAQ:IPW,IPW,Retail Trade,NASDAQ,Internet Retail
NASDAQ:PCAP,PCAP,Finance,NASDAQ,Financial Conglomerates
NASDAQ:ZCMD,ZCMD,Commercial Services,NASDAQ,Miscellaneous Commercial Services
NASDAQ:EXOZ,EXOZ,Process Industries,NASDAQ,Chemicals: Specialty
NASDAQ:EURK,EURK,Finance,NASDAQ,Financial Conglomerates
NASDAQ:EDRY,EDRY,Transportation,NASDAQ,Marine Shipping
NASDAQ:SGRP,SGRP,Commercial Services,NASDAQ,Advertising/Marketing Services
NASDAQ:SYPR,SYPR,Producer Manufacturing,NASDAQ,Auto Parts: OEM
NASDAQ:POCI,POCI,Health Technology,NASDAQ,Medical Specialties
NASDAQ:ELSE,ELSE,Electronic Technology,NASDAQ,Electronic Equipment/Instruments
NASDAQ:WFCF,WFCF,Commercial Services,NASDAQ,Miscellaneous Commercial Services
NASDAQ:ZBAO,ZBAO,Finance,NASDAQ,Insurance Brokers/Services
NASDAQ:DSY,DSY,Miscellaneous,NASDAQ,Miscellaneous
NASDAQ:JBDI,JBDI,Distribution Services,NASDAQ,Wholesale Distributors
NYSE:FCRX,FCRX,Finance,NYSE,Investment Managers
NASDAQ:WNW,WNW,Retail Trade,NASDAQ,Internet Retail
NASDAQ:XBIO,XBIO,Health Technology,NASDAQ,Pharmaceuticals: Major
AMEX:LGL,LGL,Electronic Technology,AMEX,Electronic Production Equipment
NASDAQ:VIVS,VIVS,Health Technology,NASDAQ,Biotechnology
NASDAQ:ONFO,ONFO,Technology Services,NASDAQ,Packaged Software
NASDAQ:GIGM,GIGM,Technology Services,NASDAQ,Packaged Software
NYSE:GJP,GJP,Finance,NYSE,Finance/Rental/Leasing
NASDAQ:OFSSH,OFSSH,Miscellaneous,NASDAQ,Investment Trusts/Mutual Funds
NASDAQ:WVVI,WVVI,Consumer Non-Durables,NASDAQ,Beverages: Alcoholic
AMEX:MXC,MXC,Energy Minerals,AMEX,Oil & Gas Production
NASDAQ:PELI,PELI,Finance,NASDAQ,Financial Conglomerates
NASDAQ:FBGL,FBGL,Industrial Services,NASDAQ,Engineering & Construction
NASDAQ:SJ,SJ,Technology Services,NASDAQ,Internet Software/Services
NYSE:SOUL,SOUL,Finance,NYSE,Financial Conglomerates
NASDAQ:HSPT,HSPT,Finance,NASDAQ,Financial Conglomerates
NASDAQ:JCSE,JCSE,Producer Manufacturing,NASDAQ,Industrial Machinery
NASDAQ:TVAI,TVAI,Finance,NASDAQ,Financial Conglomerates
NASDAQ:AFJK,AFJK,Finance,NASDAQ,Financial Conglomerates
AMEX:TOPP,TOPP,Transportation,AMEX,Trucking
NASDAQ:HNNAZ,HNNAZ,Finance,NASDAQ,Investment Managers
NASDAQ:ISRL,ISRL,Finance,NASDAQ,Financial Conglomerates
AMEX:BRIA,BRIA,Distribution Services,AMEX,Wholesale Distributors
NASDAQ:GECCZ,GECCZ,Miscellaneous,NASDAQ,Investment Trusts/Mutual Funds
NASDAQ:EFOI,EFOI,Producer Manufacturing,NASDAQ,Electrical Products
NASDAQ:GRNQ,GRNQ,Finance,NASDAQ,Investment Managers
NASDAQ:SPKL,SPKL,Finance,NASDAQ,Financial Conglomerates
NASDAQ:BREA,BREA,Consumer Services,NASDAQ,Movies/Entertainment
NASDAQ:ABTS,ABTS,Technology Services,NASDAQ,Data Processing Services
NASDAQ:TACH,TACH,Finance,NASDAQ,Financial Conglomerates
NASDAQ:WSBK,WSBK,Finance,NASDAQ,Regional Banks
NASDAQ:OACC,OACC,Finance,NASDAQ,Financial Conglomerates
AMEX:NTIP,NTIP,Commercial Services,AMEX,Miscellaneous Commercial Services
NASDAQ:CHAC,CHAC,Finance,NASDAQ,Financial Conglomerates
NASDAQ:CNFR,CNFR,Finance,NASDAQ,Property/Casualty Insurance
AMEX:MWG,MWG,Distribution Services,AMEX,Wholesale Distributors
AMEX:INLX,INLX,Technology Services,AMEX,Packaged Software
NASDAQ:NHPBP,NHPBP,Finance,NASDAQ,Real Estate Investment Trusts
NASDAQ:KFFB,KFFB,Finance,NASDAQ,Savings Banks
NASDAQ:EPOW,EPOW,Technology Services,NASDAQ,Packaged Software
NASDAQ:CCTG,CCTG,Electronic Technology,NASDAQ,Electronic Components
NASDAQ:CNET,CNET,Commercial Services,NASDAQ,Advertising/Marketing Services
NASDAQ:WETH,WETH,Electronic Technology,NASDAQ,Electronic Equipment/Instruments
NASDAQ:NHIC,NHIC,Finance,NASDAQ,Financial Conglomerates
NASDAQ:HOUR,HOUR,Retail Trade,NASDAQ,Internet Retail
NASDAQ:GEG,GEG,Finance,NASDAQ,Investment Managers
NASDAQ:INAC,INAC,Finance,NASDAQ,Financial Conglomerates
NASDAQ:HIHO,HIHO,Producer Manufacturing,NASDAQ,Miscellaneous Manufacturing
NASDAQ:MLAC,MLAC,Finance,NASDAQ,Financial Conglomerates
NASDAQ:HKIT,HKIT,Technology Services,NASDAQ,Packaged Software
NASDAQ:PSIG,PSIG,Transportation,NASDAQ,Air Freight/Couriers
NASDAQ:OMCC,OMCC,Finance,NASDAQ,Finance/Rental/Leasing
NASDAQ:WHLRP,WHLRP,Finance,NASDAQ,Real Estate Investment Trusts
NASDAQ:ESHA,ESHA,Finance,NASDAQ,Financial Conglomerates
NASDAQ:BAYA,BAYA,Finance,NASDAQ,Financial Conglomerates
NASDAQ:EGHA,EGHA,Finance,NASDAQ,Financial Conglomerates
NASDAQ:RANG,RANG,Finance,NASDAQ,Financial Conglomerates
NASDAQ:BKHA,BKHA,Finance,NASDAQ,Financial Conglomerates
NASDAQ:PCSC,PCSC,Finance,NASDAQ,Financial Conglomerates
NASDAQ:RIBB,RIBB,Finance,NASDAQ,Financial Conglomerates
NASDAQ:FVN,FVN,Finance,NASDAQ,Financial Conglomerates
NASDAQ:IPOD,IPOD,Finance,NASDAQ,Financial Conglomerates
NASDAQ:IPCX,IPCX,Finance,NASDAQ,Finance/Rental/Leasing
NASDAQ:JCTC,JCTC,Distribution Services,NASDAQ,Wholesale Distributors
NASDAQ:HPAI,HPAI,Technology Services,NASDAQ,Packaged Software
NASDAQ:SELX,SELX,Finance,NASDAQ,Financial Conglomerates
NASDAQ:BRLS,BRLS,Technology Services,NASDAQ,Information Technology Services
NASDAQ:SNTG,SNTG,Finance,NASDAQ,Finance/Rental/Leasing
NASDAQ:CIIT,CIIT,Finance,NASDAQ,Financial Conglomerates
NASDAQ:TRSG,TRSG,Producer Manufacturing,NASDAQ,Industrial Machinery
NASDAQ:CLPS,CLPS,Technology Services,NASDAQ,Information Technology Services
NASDAQ:YGMZ,YGMZ,Transportation,NASDAQ,Trucking
NASDAQ:IFBD,IFBD,Technology Services,NASDAQ,Packaged Software
NASDAQ:FEBO,FEBO,Consumer Durables,NASDAQ,Electronics/Appliances
NASDAQ:MSS,MSS,Retail Trade,NASDAQ,Food Retail
AMEX:MGLD,MGLD,Miscellaneous,AMEX,Investment Trusts/Mutual Funds
NASDAQ:EEIQ,EEIQ,Commercial Services,NASDAQ,Miscellaneous Commercial Services
NASDAQ:PAVS,PAVS,Health Technology,NASDAQ,Pharmaceuticals: Other
